/*******************************************************************************
 * Size: 22 px
 * Bpp: 4
 * Opts: --size 22 --bpp 4 --format lvgl --font assets/fonts/liberation-sans/LiberationSans-Bold.ttf -r 0x20-0x17F,0x20AC --no-compress --lv-font-name clock_notification_22 -o WaveshareHodiny/ClockNotificationFont22.c
 ******************************************************************************/

#ifdef LV_LVGL_H_INCLUDE_SIMPLE
#include "lvgl.h"
#else
#include "lvgl.h"
#endif

#ifndef CLOCK_NOTIFICATION_22
#define CLOCK_NOTIFICATION_22 1
#endif

#if CLOCK_NOTIFICATION_22

/*-----------------
 *    BITMAPS
 *----------------*/

/*Store the image of the glyphs*/
static LV_ATTRIBUTE_LARGE_CONST const uint8_t glyph_bitmap[] = {
    /* U+0020 " " */

    /* U+0021 "!" */
    0xef, 0xf3, 0xef, 0xf2, 0xdf, 0xf2, 0xdf, 0xf1,
    0xcf, 0xf1, 0xbf, 0xf0, 0xbf, 0xf0, 0xaf, 0xf0,
    0xaf, 0xf0, 0x9f, 0xe0, 0x6b, 0x90, 0x0, 0x0,
    0xdf, 0xf2, 0xef, 0xf2, 0xef, 0xf2,

    /* U+0022 "\"" */
    0x8f, 0xf5, 0xf, 0xff, 0x7f, 0xf4, 0xe, 0xfe,
    0x6f, 0xf4, 0xd, 0xfd, 0x5f, 0xf3, 0xc, 0xfc,
    0x5f, 0xf2, 0xb, 0xfb, 0x28, 0x80, 0x6, 0x85,

    /* U+0023 "#" */
    0x0, 0x0, 0xbe, 0x0, 0xc, 0xe0, 0x0, 0x0,
    0xfb, 0x0, 0xf, 0xa0, 0x0, 0x2, 0xf7, 0x0,
    0x3f, 0x70, 0x0, 0x6, 0xf4, 0x0, 0x7f, 0x30,
    0x1f, 0xff, 0xff, 0xff, 0xff, 0xfe, 0xa, 0xaf,
    0xea, 0xaa, 0xfe, 0xa8, 0x0, 0xf, 0xa0, 0x0,
    0xf9, 0x0, 0x0, 0x3f, 0x60, 0x4, 0xf6, 0x0,
    0x0, 0x6f, 0x30, 0x7, 0xf3, 0x0, 0x6a, 0xdf,
    0xaa, 0xad, 0xfa, 0xa3, 0xaf, 0xff, 0xff, 0xff,
    0xff, 0xf5, 0x1, 0xf9, 0x0, 0x1f, 0x90, 0x0,
    0x4, 0xf6, 0x0, 0x5f, 0x50, 0x0, 0x7, 0xf2,
    0x0, 0x8f, 0x20, 0x0, 0xb, 0xf0, 0x0, 0xce,
    0x0, 0x0,

    /* U+0024 "$" */
    0x0, 0x0, 0x6, 0xc0, 0x0, 0x0, 0x0, 0x4b,
    0xef, 0xff, 0xc5, 0x0, 0x6, 0xff, 0xff, 0xff,
    0xff, 0x70, 0xf, 0xff, 0x67, 0xc6, 0xff, 0xf1,
    0x2f, 0xfa, 0x6, 0xc0, 0x8f, 0xf5, 0x2f, 0xfc,
    0x6, 0xc0, 0x12, 0x0, 0xe, 0xff, 0xa9, 0xc0,
    0x0, 0x0, 0x6, 0xff, 0xff, 0xfc, 0x71, 0x0,
    0x0, 0x5d, 0xff, 0xff, 0xff, 0x60, 0x0, 0x0,
    0x2a, 0xff, 0xff, 0xf4, 0x0, 0x0, 0x6, 0xc0,
    0x8f, 0xfb, 0x26, 0x91, 0x6, 0xc0, 0xf, 0xfe,
    0x8f, 0xf7, 0x6, 0xc0, 0xf, 0xfd, 0x2f, 0xff,
    0x78, 0xd5, 0xcf, 0xf9, 0x7, 0xff, 0xff, 0xff,
    0xff, 0xd1, 0x0, 0x4b, 0xef, 0xff, 0xd8, 0x10,
    0x0, 0x0, 0x6, 0xc0, 0x0, 0x0, 0x0, 0x0,
    0x6, 0xc0, 0x0, 0x0, 0x0, 0x0, 0x1, 0x20,
    0x0, 0x0,

    /* U+0025 "%" */
    0x1, 0x9e, 0xfd, 0x70, 0x0, 0x0, 0xb, 0xf8,
    0x0, 0x0, 0xcf, 0xd9, 0xef, 0x70, 0x0, 0x6,
    0xfd, 0x0, 0x0, 0x3f, 0xf1, 0x6, 0xfe, 0x0,
    0x1, 0xff, 0x30, 0x0, 0x6, 0xfe, 0x0, 0x3f,
    0xf1, 0x0, 0xbf, 0x80, 0x0, 0x0, 0x7f, 0xd0,
    0x3, 0xff, 0x20, 0x5f, 0xd0, 0x0, 0x0, 0x6,
    0xfe, 0x0, 0x3f, 0xf1, 0x1e, 0xf3, 0x59, 0xa7,
    0x10, 0x2f, 0xf3, 0x8, 0xfe, 0xa, 0xf8, 0xaf,
    0xff, 0xfe, 0x10, 0xbf, 0xec, 0xff, 0x65, 0xfd,
    0x3f, 0xf4, 0x1d, 0xf8, 0x0, 0x9e, 0xfd, 0x61,
    0xef, 0x37, 0xfd, 0x0, 0x7f, 0xd0, 0x0, 0x0,
    0x0, 0xaf, 0x90, 0x9f, 0xb0, 0x5, 0xff, 0x0,
    0x0, 0x0, 0x5f, 0xd0, 0x9, 0xfb, 0x0, 0x5f,
    0xf0, 0x0, 0x0, 0x1e, 0xf4, 0x0, 0x8f, 0xc0,
    0x6, 0xfd, 0x0, 0x0, 0xa, 0xf9, 0x0, 0x4,
    0xff, 0x10, 0xbf, 0xa0, 0x0, 0x4, 0xfe, 0x0,
    0x0, 0xc, 0xfe, 0xcf, 0xf3, 0x0, 0x0, 0xef,
    0x40, 0x0, 0x0, 0x1a, 0xef, 0xc4, 0x0,

    /* U+0026 "&" */
    0x0, 0x0, 0x7, 0xdf, 0xeb, 0x30, 0x0, 0x0,
    0x0, 0x0, 0xaf, 0xfe, 0xff, 0xf4, 0x0, 0x0,
    0x0, 0x1, 0xff, 0x70, 0xd, 0xfa, 0x0, 0x0,
    0x0, 0x2, 0xff, 0x20, 0xb, 0xfb, 0x0, 0x0,
    0x0, 0x0, 0xff, 0x50, 0x7f, 0xf5, 0x0, 0x0,
    0x0, 0x0, 0xbf, 0xdd, 0xff, 0x70, 0x0, 0x0,
    0x0, 0x1, 0xbf, 0xff, 0xb3, 0x0, 0x0, 0x0,
    0x0, 0x5f, 0xff, 0xfc, 0x0, 0x5, 0xe9, 0x0,
    0x4, 0xff, 0xe8, 0xff, 0x60, 0xb, 0xfc, 0x0,
    0xc, 0xff, 0x20, 0xaf, 0xf3, 0x3f, 0xf6, 0x0,
    0xf, 0xfb, 0x0, 0x1e, 0xfe, 0xcf, 0xd0, 0x0,
    0xf, 0xfd, 0x0, 0x3, 0xff, 0xff, 0x40, 0x0,
    0xb, 0xff, 0x91, 0x3, 0xdf, 0xff, 0xb5, 0x51,
    0x2, 0xef, 0xff, 0xff, 0xff, 0xdf, 0xff, 0xf3,
    0x0, 0x18, 0xdf, 0xfd, 0x92, 0x7, 0xdf, 0xe2,

    /* U+0027 "'" */
    0xcf, 0xf1, 0xcf, 0xf0, 0xbf, 0xf0, 0xaf, 0xe0,
    0x9f, 0xd0, 0x48, 0x70,

    /* U+0028 "(" */
    0x0, 0x1e, 0xfe, 0x10, 0x9, 0xff, 0x60, 0x2,
    0xff, 0xd0, 0x0, 0x9f, 0xf7, 0x0, 0xe, 0xff,
    0x10, 0x4, 0xff, 0xb0, 0x0, 0x7f, 0xf8, 0x0,
    0xb, 0xff, 0x40, 0x0, 0xcf, 0xf3, 0x0, 0xd,
    0xff, 0x20, 0x0, 0xef, 0xf1, 0x0, 0xd, 0xff,
    0x20, 0x0, 0xcf, 0xf3, 0x0, 0xb, 0xff, 0x40,
    0x0, 0x7f, 0xf8, 0x0, 0x4, 0xff, 0xb0, 0x0,
    0xf, 0xff, 0x10, 0x0, 0x9f, 0xf7, 0x0, 0x2,
    0xff, 0xd0, 0x0, 0x9, 0xff, 0x60, 0x0, 0x1e,
    0xfe, 0x10,

    /* U+0029 ")" */
    0xbf, 0xf5, 0x0, 0x2, 0xff, 0xe0, 0x0, 0x8,
    0xff, 0x70, 0x0, 0x2f, 0xfe, 0x0, 0x0, 0xbf,
    0xf4, 0x0, 0x6, 0xff, 0x90, 0x0, 0x3f, 0xfc,
    0x0, 0x0, 0xff, 0xf0, 0x0, 0xe, 0xff, 0x10,
    0x0, 0xdf, 0xf2, 0x0, 0xc, 0xff, 0x30, 0x0,
    0xdf, 0xf2, 0x0, 0xe, 0xff, 0x10, 0x0, 0xff,
    0xf0, 0x0, 0x3f, 0xfc, 0x0, 0x6, 0xff, 0x90,
    0x0, 0xbf, 0xf4, 0x0, 0x2f, 0xfe, 0x0, 0x8,
    0xff, 0x70, 0x2, 0xff, 0xe0, 0x0, 0xbf, 0xf5,
    0x0, 0x0,

    /* U+002A "*" */
    0x0, 0xc, 0xf7, 0x0, 0x0, 0x0, 0xbf, 0x60,
    0x0, 0x6d, 0x6b, 0xf7, 0x9e, 0x1c, 0xff, 0xff,
    0xff, 0xf6, 0x15, 0xbf, 0xff, 0x84, 0x0, 0x1e,
    0xfe, 0xf9, 0x0, 0xd, 0xfb, 0x2f, 0xf7, 0x0,
    0x7f, 0x20, 0x9d, 0x30, 0x0, 0x10, 0x0, 0x0,
    0x0,

    /* U+002B "+" */
    0x0, 0x0, 0x4, 0x53, 0x0, 0x0, 0x0, 0x0,
    0xc, 0xfa, 0x0, 0x0, 0x0, 0x0, 0xc, 0xfa,
    0x0, 0x0, 0x0, 0x0, 0xc, 0xfa, 0x0, 0x0,
    0x0, 0x0, 0xc, 0xfa, 0x0, 0x0, 0x1f, 0xff,
    0xff, 0xff, 0xff, 0xff, 0x1f, 0xff, 0xff, 0xff,
    0xff, 0xff, 0x7, 0x77, 0x7e, 0xfc, 0x77, 0x76,
    0x0, 0x0, 0xc, 0xfa, 0x0, 0x0, 0x0, 0x0,
    0xc, 0xfa, 0x0, 0x0, 0x0, 0x0, 0xc, 0xfa,
    0x0, 0x0, 0x0, 0x0, 0xc, 0xfa, 0x0, 0x0,

    /* U+002C "," */
    0x25, 0x53, 0x7f, 0xfa, 0x7f, 0xfa, 0x7f, 0xfa,
    0x2, 0xf8, 0x6, 0xf5, 0xd, 0xf1, 0x28, 0x50,

    /* U+002D "-" */
    0x1a, 0xaa, 0xaa, 0x42, 0xff, 0xff, 0xf7, 0x2f,
    0xff, 0xff, 0x70,

    /* U+002E "." */
    0x25, 0x52, 0x8f, 0xf9, 0x8f, 0xf9, 0x8f, 0xf9,

    /* U+002F "/" */
    0x0, 0xc, 0xfc, 0x0, 0xf, 0xf9, 0x0, 0x2f,
    0xf6, 0x0, 0x5f, 0xf3, 0x0, 0x8f, 0xf0, 0x0,
    0xbf, 0xd0, 0x0, 0xef, 0xa0, 0x2, 0xff, 0x70,
    0x5, 0xff, 0x40, 0x8, 0xff, 0x10, 0xb, 0xfe,
    0x0, 0xe, 0xfa, 0x0, 0x1f, 0xf7, 0x0, 0x4f,
    0xf4, 0x0, 0x7f, 0xf1, 0x0, 0xaf, 0xe0, 0x0,

    /* U+0030 "0" */
    0x0, 0x5, 0xce, 0xfd, 0x70, 0x0, 0x0, 0x8f,
    0xff, 0xff, 0xfb, 0x0, 0x3, 0xff, 0xf8, 0x7e,
    0xff, 0x60, 0x9, 0xff, 0x60, 0x3, 0xff, 0xc0,
    0xd, 0xff, 0x10, 0x0, 0xef, 0xf0, 0xf, 0xff,
    0x0, 0x0, 0xcf, 0xf3, 0x1f, 0xfe, 0x0, 0x0,
    0xbf, 0xf4, 0x1f, 0xfe, 0x0, 0x0, 0xbf, 0xf5,
    0x1f, 0xfe, 0x0, 0x0, 0xbf, 0xf4, 0xf, 0xff,
    0x0, 0x0, 0xcf, 0xf3, 0xd, 0xff, 0x10, 0x0,
    0xef, 0xf0, 0x9, 0xff, 0x60, 0x3, 0xff, 0xc0,
    0x2, 0xff, 0xf8, 0x7e, 0xff, 0x50, 0x0, 0x7f,
    0xff, 0xff, 0xfa, 0x0, 0x0, 0x5, 0xcf, 0xfc,
    0x60, 0x0,

    /* U+0031 "1" */
    0x0, 0x7, 0xff, 0xf2, 0x0, 0x0, 0x3d, 0xff,
    0xff, 0x20, 0x0, 0x5f, 0xfe, 0xff, 0xf2, 0x0,
    0x8, 0xf8, 0xd, 0xff, 0x20, 0x0, 0x42, 0x0,
    0xdf, 0xf2, 0x0, 0x0, 0x0, 0xd, 0xff, 0x20,
    0x0, 0x0, 0x0, 0xdf, 0xf2, 0x0, 0x0, 0x0,
    0xd, 0xff, 0x20, 0x0, 0x0, 0x0, 0xdf, 0xf2,
    0x0, 0x0, 0x0, 0xd, 0xff, 0x20, 0x0, 0x0,
    0x0, 0xdf, 0xf2, 0x0, 0x0, 0x0, 0xd, 0xff,
    0x20, 0x0, 0x24, 0x44, 0xef, 0xf6, 0x44, 0x29,
    0xff, 0xff, 0xff, 0xff, 0xfa, 0x9f, 0xff, 0xff,
    0xff, 0xff, 0xa0,

    /* U+0032 "2" */
    0x0, 0x8, 0xdf, 0xfd, 0x92, 0x0, 0x1, 0xdf,
    0xff, 0xff, 0xff, 0x30, 0x9, 0xff, 0xe8, 0x7d,
    0xff, 0xc0, 0xe, 0xff, 0x30, 0x2, 0xff, 0xf1,
    0x5, 0x55, 0x0, 0x0, 0xff, 0xf1, 0x0, 0x0,
    0x0, 0x5, 0xff, 0xd0, 0x0, 0x0, 0x0, 0x3f,
    0xff, 0x50, 0x0, 0x0, 0x4, 0xff, 0xf9, 0x0,
    0x0, 0x0, 0x7f, 0xff, 0x80, 0x0, 0x0, 0x9,
    0xff, 0xf5, 0x0, 0x0, 0x0, 0x9f, 0xfe, 0x20,
    0x0, 0x0, 0x6, 0xff, 0xe1, 0x0, 0x0, 0x0,
    0x1e, 0xff, 0xb8, 0x88, 0x88, 0x82, 0x3f, 0xff,
    0xff, 0xff, 0xff, 0xf5, 0x3f, 0xff, 0xff, 0xff,
    0xff, 0xf5,

    /* U+0033 "3" */
    0x0, 0x18, 0xdf, 0xfd, 0xa2, 0x0, 0x2, 0xef,
    0xff, 0xff, 0xff, 0x40, 0xd, 0xff, 0xc7, 0x8d,
    0xff, 0xd0, 0x1d, 0xdc, 0x0, 0x2, 0xff, 0xf0,
    0x0, 0x0, 0x0, 0x2, 0xff, 0xd0, 0x0, 0x0,
    0x47, 0x9e, 0xff, 0x40, 0x0, 0x0, 0x9f, 0xff,
    0x91, 0x0, 0x0, 0x0, 0x9f, 0xff, 0xfc, 0x20,
    0x0, 0x0, 0x0, 0x29, 0xff, 0xd0, 0x0, 0x0,
    0x0, 0x0, 0xcf, 0xf4, 0x39, 0xb8, 0x0, 0x0,
    0xbf, 0xf6, 0x4f, 0xff, 0x10, 0x1, 0xef, 0xf4,
    0xd, 0xff, 0xe9, 0x8d, 0xff, 0xe0, 0x3, 0xef,
    0xff, 0xff, 0xff, 0x50, 0x0, 0x18, 0xdf, 0xfd,
    0x92, 0x0,

    /* U+0034 "4" */
    0x0, 0x0, 0x0, 0x9f, 0xff, 0x10, 0x0, 0x0,
    0x0, 0x4f, 0xff, 0xf1, 0x0, 0x0, 0x0, 0xe,
    0xff, 0xff, 0x10, 0x0, 0x0, 0x9, 0xfc, 0xcf,
    0xf1, 0x0, 0x0, 0x3, 0xff, 0x3c, 0xff, 0x10,
    0x0, 0x0, 0xdf, 0x80, 0xcf, 0xf1, 0x0, 0x0,
    0x8f, 0xd0, 0xc, 0xff, 0x10, 0x0, 0x3f, 0xf3,
    0x0, 0xcf, 0xf1, 0x0, 0xd, 0xf9, 0x0, 0xc,
    0xff, 0x10, 0x8, 0xff, 0x54, 0x44, 0xdf, 0xf5,
    0x40, 0xaf, 0xff, 0xff, 0xff, 0xff, 0xff, 0x2a,
    0xff, 0xff, 0xff, 0xff, 0xff, 0xf2, 0x0, 0x0,
    0x0, 0xc, 0xff, 0x10, 0x0, 0x0, 0x0, 0x0,
    0xcf, 0xf1, 0x0, 0x0, 0x0, 0x0, 0xc, 0xff,
    0x10, 0x0,

    /* U+0035 "5" */
    0x6, 0xff, 0xff, 0xff, 0xff, 0xc0, 0x7, 0xff,
    0xff, 0xff, 0xff, 0xc0, 0x8, 0xff, 0x84, 0x44,
    0x44, 0x30, 0x9, 0xff, 0x40, 0x0, 0x0, 0x0,
    0xa, 0xff, 0x33, 0x66, 0x30, 0x0, 0xb, 0xff,
    0xcf, 0xff, 0xfb, 0x10, 0xc, 0xff, 0xff, 0xff,
    0xff, 0xc0, 0xd, 0xff, 0xa2, 0x17, 0xff, 0xf4,
    0x0, 0x0, 0x0, 0x0, 0xbf, 0xf8, 0x0, 0x0,
    0x0, 0x0, 0x8f, 0xf9, 0x2, 0x33, 0x0, 0x0,
    0x9f, 0xf8, 0x2f, 0xff, 0x10, 0x1, 0xef, 0xf5,
    0xc, 0xff, 0xe8, 0x8d, 0xff, 0xd0, 0x2, 0xef,
    0xff, 0xff, 0xfe, 0x30, 0x0, 0x19, 0xdf, 0xfd,
    0x81, 0x0,

    /* U+0036 "6" */
    0x0, 0x2, 0xae, 0xfd, 0xa2, 0x0, 0x0, 0x4f,
    0xff, 0xff, 0xfe, 0x20, 0x1, 0xff, 0xf9, 0x7c,
    0xff, 0xb0, 0x8, 0xff, 0x70, 0x0, 0x87, 0x50,
    0xd, 0xff, 0x0, 0x0, 0x0, 0x0, 0xf, 0xfd,
    0x2b, 0xff, 0xc4, 0x0, 0x1f, 0xfe, 0xef, 0xff,
    0xff, 0x60, 0x2f, 0xff, 0xe6, 0x5b, 0xff, 0xf0,
    0x2f, 0xff, 0x30, 0x0, 0xdf, 0xf4, 0x1f, 0xff,
    0x0, 0x0, 0xaf, 0xf6, 0xe, 0xff, 0x10, 0x0,
    0xaf, 0xf6, 0xa, 0xff, 0x70, 0x0, 0xef, 0xf3,
    0x3, 0xff, 0xf9, 0x7d, 0xff, 0xd0, 0x0, 0x7f,
    0xff, 0xff, 0xff, 0x30, 0x0, 0x4, 0xbe, 0xfe,
    0x92, 0x0,

    /* U+0037 "7" */
    0xf, 0xff, 0xff, 0xff, 0xff, 0xf4, 0xf, 0xff,
    0xff, 0xff, 0xff, 0xf4, 0x8, 0x88, 0x88, 0x88,
    0xdf, 0xf2, 0x0, 0x0, 0x0, 0x3, 0xff, 0x90,
    0x0, 0x0, 0x0, 0xd, 0xfe, 0x0, 0x0, 0x0,
    0x0, 0x8f, 0xf5, 0x0, 0x0, 0x0, 0x2, 0xff,
    0xc0, 0x0, 0x0, 0x0, 0xb, 0xff, 0x40, 0x0,
    0x0, 0x0, 0x3f, 0xfc, 0x0, 0x0, 0x0, 0x0,
    0xbf, 0xf5, 0x0, 0x0, 0x0, 0x1, 0xff, 0xf0,
    0x0, 0x0, 0x0, 0x5, 0xff, 0xb0, 0x0, 0x0,
    0x0, 0x9, 0xff, 0x80, 0x0, 0x0, 0x0, 0xc,
    0xff, 0x60, 0x0, 0x0, 0x0, 0xd, 0xff, 0x50,
    0x0, 0x0,

    /* U+0038 "8" */
    0x0, 0x19, 0xdf, 0xfe, 0xa3, 0x0, 0x2, 0xff,
    0xff, 0xff, 0xff, 0x50, 0xb, 0xff, 0xc3, 0x39,
    0xff, 0xe0, 0xe, 0xff, 0x30, 0x0, 0xff, 0xf2,
    0xd, 0xff, 0x30, 0x0, 0xff, 0xf0, 0x5, 0xff,
    0xc4, 0x39, 0xff, 0x90, 0x0, 0x5d, 0xff, 0xff,
    0xe7, 0x0, 0x0, 0x8e, 0xff, 0xff, 0xfb, 0x10,
    0xa, 0xff, 0x91, 0x16, 0xff, 0xe0, 0x1f, 0xfe,
    0x0, 0x0, 0xbf, 0xf6, 0x4f, 0xfd, 0x0, 0x0,
    0x9f, 0xf8, 0x3f, 0xff, 0x0, 0x0, 0xcf, 0xf7,
    0xd, 0xff, 0xb4, 0x38, 0xff, 0xf2, 0x3, 0xff,
    0xff, 0xff, 0xff, 0x70, 0x0, 0x29, 0xdf, 0xfe,
    0xa4, 0x0,

    /* U+0039 "9" */
    0x0, 0x18, 0xdf, 0xfd, 0x70, 0x0, 0x2, 0xef,
    0xff, 0xff, 0xfc, 0x0, 0xc, 0xff, 0xe7, 0x7e,
    0xff, 0x70, 0x1f, 0xff, 0x20, 0x2, 0xff, 0xe0,
    0x3f, 0xfd, 0x0, 0x0, 0xdf, 0xf2, 0x2f, 0xff,
    0x0, 0x0, 0xef, 0xf4, 0xe, 0xff, 0x91, 0x18,
    0xff, 0xf6, 0x7, 0xff, 0xff, 0xff, 0xef, 0xf6,
    0x0, 0x7f, 0xff, 0xf8, 0x9f, 0xf5, 0x0, 0x0,
    0x33, 0x0, 0xbf, 0xf4, 0x0, 0x0, 0x0, 0x0,
    0xef, 0xf1, 0xa, 0xef, 0x20, 0x6, 0xff, 0xc0,
    0x8, 0xff, 0xd7, 0x8f, 0xff, 0x40, 0x1, 0xef,
    0xff, 0xff, 0xf8, 0x0, 0x0, 0x18, 0xdf, 0xeb,
    0x40, 0x0,

    /* U+003A ":" */
    0x1, 0x10, 0xef, 0xf3, 0xef, 0xf3, 0xef, 0xf3,
    0x0, 0x0, 0x0, 0x0, 0x0, 0x0, 0x0, 0x0,
    0x1, 0x10, 0xef, 0xf3, 0xef, 0xf3, 0xef, 0xf3,

    /* U+003B ";" */
    0x1, 0x10, 0xdf, 0xf3, 0xdf, 0xf3, 0xdf, 0xf3,
    0x0, 0x0, 0x0, 0x0, 0x0, 0x0, 0x0, 0x0,
    0x1, 0x10, 0xdf, 0xf3, 0xdf, 0xf3, 0xdf, 0xf3,
    0x8, 0xf2, 0xc, 0xf0, 0x4f, 0x90, 0x58, 0x10,

    /* U+003C "<" */
    0x0, 0x0, 0x0, 0x0, 0x0, 0x2, 0x0, 0x0,
    0x0, 0x0, 0x16, 0xdf, 0x0, 0x0, 0x0, 0x4a,
    0xff, 0xff, 0x0, 0x1, 0x8e, 0xff, 0xff, 0xa4,
    0x5, 0xbf, 0xff, 0xfd, 0x71, 0x0, 0x1f, 0xff,
    0xfa, 0x40, 0x0, 0x0, 0x1f, 0xf9, 0x10, 0x0,
    0x0, 0x0, 0x1f, 0xff, 0xc6, 0x0, 0x0, 0x0,
    0x9, 0xff, 0xff, 0xf9, 0x30, 0x0, 0x0, 0x6,
    0xcf, 0xff, 0xfc, 0x60, 0x0, 0x0, 0x2, 0x8e,
    0xff, 0xfe, 0x0, 0x0, 0x0, 0x0, 0x5b, 0xff,
    0x0, 0x0, 0x0, 0x0, 0x0, 0x16,

    /* U+003D "=" */
    0x1f, 0xff, 0xff, 0xff, 0xff, 0xff, 0x1f, 0xff,
    0xff, 0xff, 0xff, 0xff, 0x6, 0x66, 0x66, 0x66,
    0x66, 0x66, 0x0, 0x0, 0x0, 0x0, 0x0, 0x0,
    0x0, 0x0, 0x0, 0x0, 0x0, 0x0, 0x0, 0x0,
    0x0, 0x0, 0x0, 0x0, 0x1f, 0xff, 0xff, 0xff,
    0xff, 0xff, 0x1f, 0xff, 0xff, 0xff, 0xff, 0xff,
    0x6, 0x66, 0x66, 0x66, 0x66, 0x66,

    /* U+003E ">" */
    0x2, 0x0, 0x0, 0x0, 0x0, 0x0, 0x1f, 0xc6,
    0x0, 0x0, 0x0, 0x0, 0x1f, 0xff, 0xf9, 0x30,
    0x0, 0x0, 0x5, 0xbf, 0xff, 0xfd, 0x71, 0x0,
    0x0, 0x2, 0x8e, 0xff, 0xff, 0xa4, 0x0, 0x0,
    0x0, 0x5b, 0xff, 0xff, 0x0, 0x0, 0x0, 0x0,
    0x1b, 0xff, 0x0, 0x0, 0x0, 0x16, 0xdf, 0xff,
    0x0, 0x0, 0x3a, 0xff, 0xff, 0xe8, 0x1, 0x7d,
    0xff, 0xff, 0xb5, 0x0, 0x1f, 0xff, 0xfd, 0x71,
    0x0, 0x0, 0x1f, 0xfa, 0x40, 0x0, 0x0, 0x0,
    0x6, 0x10, 0x0, 0x0, 0x0, 0x0,

    /* U+003F "?" */
    0x0, 0x3a, 0xef, 0xfd, 0x81, 0x0, 0x7, 0xff,
    0xff, 0xff, 0xfe, 0x20, 0x4f, 0xff, 0xc8, 0x9e,
    0xff, 0xc0, 0xbf, 0xf9, 0x0, 0x2, 0xff, 0xf1,
    0x89, 0x91, 0x0, 0x0, 0xef, 0xf2, 0x0, 0x0,
    0x0, 0x3, 0xff, 0xe0, 0x0, 0x0, 0x0, 0x4f,
    0xff, 0x50, 0x0, 0x0, 0x8, 0xff, 0xe4, 0x0,
    0x0, 0x0, 0x7f, 0xfc, 0x10, 0x0, 0x0, 0x0,
    0xff, 0xe0, 0x0, 0x0, 0x0, 0x1, 0x77, 0x50,
    0x0, 0x0, 0x0, 0x0, 0x0, 0x0, 0x0, 0x0,
    0x0, 0x4, 0xff, 0xc0, 0x0, 0x0, 0x0, 0x4,
    0xff, 0xd0, 0x0, 0x0, 0x0, 0x4, 0xff, 0xd0,
    0x0, 0x0,

    /* U+0040 "@" */
    0x0, 0x0, 0x0, 0x38, 0xce, 0xfe, 0xda, 0x50,
    0x0, 0x0, 0x0, 0x0, 0x3c, 0xff, 0xc9, 0x89,
    0xbf, 0xfd, 0x30, 0x0, 0x0, 0x6, 0xff, 0x71,
    0x0, 0x0, 0x0, 0x6f, 0xf4, 0x0, 0x0, 0x6f,
    0xd2, 0x3, 0xbe, 0xfa, 0xc, 0xe2, 0xef, 0x10,
    0x2, 0xfe, 0x10, 0x5f, 0xe8, 0x9f, 0xaf, 0xb0,
    0x4f, 0x80, 0xb, 0xf3, 0x2, 0xfd, 0x10, 0x3,
    0xff, 0x70, 0xd, 0xe0, 0x2f, 0xb0, 0xa, 0xf3,
    0x0, 0x0, 0xdf, 0x40, 0x9, 0xf0, 0x7f, 0x50,
    0xf, 0xd0, 0x0, 0x0, 0xdf, 0x10, 0x7, 0xf2,
    0xaf, 0x20, 0x3f, 0x90, 0x0, 0x0, 0xfd, 0x0,
    0x8, 0xf1, 0xbf, 0x0, 0x4f, 0x70, 0x0, 0x4,
    0xfa, 0x0, 0xb, 0xf0, 0xbf, 0x0, 0x4f, 0x70,
    0x0, 0xb, 0xf7, 0x0, 0x1f, 0xa0, 0xaf, 0x20,
    0x2f, 0xb0, 0x0, 0x4f, 0xf6, 0x0, 0xaf, 0x30,
    0x6f, 0x70, 0xc, 0xf7, 0x26, 0xf7, 0xfa, 0x3a,
    0xf8, 0x0, 0x1f, 0xd0, 0x2, 0xef, 0xff, 0x70,
    0xbf, 0xff, 0x70, 0x0, 0x7, 0xfa, 0x0, 0x3,
    0x41, 0x0, 0x4, 0x30, 0x0, 0x0, 0x0, 0xaf,
    0xc4, 0x0, 0x0, 0x0, 0x4, 0x96, 0x0, 0x0,
    0x0, 0x7, 0xff, 0xeb, 0x99, 0xad, 0xff, 0xd5,
    0x0, 0x0, 0x0, 0x0, 0x17, 0xbd, 0xff, 0xeb,
    0x83, 0x0, 0x0, 0x0,

    /* U+0041 "A" */
    0x0, 0x0, 0x2, 0xff, 0xff, 0x0, 0x0, 0x0,
    0x0, 0x0, 0x7, 0xff, 0xff, 0x50, 0x0, 0x0,
    0x0, 0x0, 0xd, 0xfc, 0xef, 0xb0, 0x0, 0x0,
    0x0, 0x0, 0x3f, 0xf7, 0x9f, 0xf1, 0x0, 0x0,
    0x0, 0x0, 0x9f, 0xf2, 0x4f, 0xf7, 0x0, 0x0,
    0x0, 0x0, 0xef, 0xc0, 0xe, 0xfd, 0x0, 0x0,
    0x0, 0x5, 0xff, 0x70, 0x9, 0xff, 0x30, 0x0,
    0x0, 0xb, 0xff, 0x20, 0x3, 0xff, 0x80, 0x0,
    0x0, 0x1f, 0xfe, 0x66, 0x66, 0xff, 0xe0, 0x0,
    0x0, 0x6f, 0xff, 0xff, 0xff, 0xff, 0xf4, 0x0,
    0x0, 0xcf, 0xff, 0xff, 0xff, 0xff, 0xfa, 0x0,
    0x2, 0xff, 0xe0, 0x0, 0x0, 0xf, 0xff, 0x0,
    0x8, 0xff, 0x80, 0x0, 0x0, 0xa, 0xff, 0x60,
    0xe, 0xff, 0x30, 0x0, 0x0, 0x5, 0xff, 0xc0,
    0x4f, 0xfe, 0x0, 0x0, 0x0, 0x0, 0xff, 0xf2,

    /* U+0042 "B" */
    0x8f, 0xff, 0xff, 0xff, 0xfc, 0x81, 0x0, 0x8f,
    0xff, 0xff, 0xff, 0xff, 0xff, 0x30, 0x8f, 0xfc,
    0x66, 0x66, 0x8f, 0xff, 0xc0, 0x8f, 0xfa, 0x0,
    0x0, 0x5, 0xff, 0xf0, 0x8f, 0xfa, 0x0, 0x0,
    0x3, 0xff, 0xe0, 0x8f, 0xfa, 0x0, 0x0, 0x2b,
    0xff, 0x80, 0x8f, 0xff, 0xff, 0xff, 0xff, 0xe8,
    0x0, 0x8f, 0xff, 0xff, 0xff, 0xff, 0xd8, 0x10,
    0x8f, 0xfc, 0x66, 0x66, 0x7b, 0xff, 0xe2, 0x8f,
    0xfa, 0x0, 0x0, 0x0, 0x9f, 0xfa, 0x8f, 0xfa,
    0x0, 0x0, 0x0, 0x5f, 0xfd, 0x8f, 0xfa, 0x0,
    0x0, 0x0, 0x9f, 0xfc, 0x8f, 0xfc, 0x66, 0x66,
    0x7b, 0xff, 0xf7, 0x8f, 0xff, 0xff, 0xff, 0xff,
    0xff, 0xb0, 0x8f, 0xff, 0xff, 0xff, 0xfe, 0xb5,
    0x0,

    /* U+0043 "C" */
    0x0, 0x0, 0x39, 0xde, 0xfe, 0xc8, 0x10, 0x0,
    0x0, 0x9, 0xff, 0xff, 0xff, 0xff, 0xf5, 0x0,
    0x0, 0xaf, 0xff, 0xea, 0x8a, 0xff, 0xff, 0x40,
    0x4, 0xff, 0xf8, 0x0, 0x0, 0xa, 0xff, 0xd0,
    0xa, 0xff, 0xb0, 0x0, 0x0, 0x0, 0xb8, 0x40,
    0xe, 0xff, 0x50, 0x0, 0x0, 0x0, 0x0, 0x0,
    0xf, 0xff, 0x20, 0x0, 0x0, 0x0, 0x0, 0x0,
    0x1f, 0xff, 0x10, 0x0, 0x0, 0x0, 0x0, 0x0,
    0xf, 0xff, 0x20, 0x0, 0x0, 0x0, 0x0, 0x0,
    0xe, 0xff, 0x50, 0x0, 0x0, 0x0, 0x10, 0x0,
    0x9, 0xff, 0xc0, 0x0, 0x0, 0x0, 0xde, 0x81,
    0x2, 0xff, 0xf9, 0x0, 0x0, 0xb, 0xff, 0xe0,
    0x0, 0x8f, 0xff, 0xea, 0x8a, 0xef, 0xff, 0x40,
    0x0, 0x7, 0xff, 0xff, 0xff, 0xff, 0xf5, 0x0,
    0x0, 0x0, 0x28, 0xce, 0xff, 0xc7, 0x10, 0x0,

    /* U+0044 "D" */
    0x8f, 0xff, 0xff, 0xfe, 0xb7, 0x0, 0x0, 0x8f,
    0xff, 0xff, 0xff, 0xff, 0xf5, 0x0, 0x8f, 0xfc,
    0x77, 0x8a, 0xff, 0xff, 0x50, 0x8f, 0xfa, 0x0,
    0x0, 0x1b, 0xff, 0xf1, 0x8f, 0xfa, 0x0, 0x0,
    0x0, 0xef, 0xf8, 0x8f, 0xfa, 0x0, 0x0, 0x0,
    0x7f, 0xfc, 0x8f, 0xfa, 0x0, 0x0, 0x0, 0x4f,
    0xfe, 0x8f, 0xfa, 0x0, 0x0, 0x0, 0x3f, 0xff,
    0x8f, 0xfa, 0x0, 0x0, 0x0, 0x5f, 0xfd, 0x8f,
    0xfa, 0x0, 0x0, 0x0, 0x8f, 0xfb, 0x8f, 0xfa,
    0x0, 0x0, 0x1, 0xef, 0xf6, 0x8f, 0xfa, 0x0,
    0x0, 0x1c, 0xff, 0xe0, 0x8f, 0xfd, 0x77, 0x8a,
    0xff, 0xff, 0x40, 0x8f, 0xff, 0xff, 0xff, 0xff,
    0xe4, 0x0, 0x8f, 0xff, 0xff, 0xfe, 0xc7, 0x10,
    0x0,

    /* U+0045 "E" */
    0x8f, 0xff, 0xff, 0xff, 0xff, 0xff, 0x68, 0xff,
    0xff, 0xff, 0xff, 0xff, 0xf6, 0x8f, 0xfc, 0x77,
    0x77, 0x77, 0x77, 0x28, 0xff, 0xa0, 0x0, 0x0,
    0x0, 0x0, 0x8f, 0xfa, 0x0, 0x0, 0x0, 0x0,
    0x8, 0xff, 0xa0, 0x0, 0x0, 0x0, 0x0, 0x8f,
    0xff, 0xff, 0xff, 0xff, 0xfb, 0x8, 0xff, 0xff,
    0xff, 0xff, 0xff, 0xb0, 0x8f, 0xfd, 0x77, 0x77,
    0x77, 0x75, 0x8, 0xff, 0xa0, 0x0, 0x0, 0x0,
    0x0, 0x8f, 0xfa, 0x0, 0x0, 0x0, 0x0, 0x8,
    0xff, 0xa0, 0x0, 0x0, 0x0, 0x0, 0x8f, 0xfd,
    0x77, 0x77, 0x77, 0x77, 0x68, 0xff, 0xff, 0xff,
    0xff, 0xff, 0xfd, 0x8f, 0xff, 0xff, 0xff, 0xff,
    0xff, 0xd0,

    /* U+0046 "F" */
    0x8f, 0xff, 0xff, 0xff, 0xff, 0xfa, 0x8f, 0xff,
    0xff, 0xff, 0xff, 0xfa, 0x8f, 0xfc, 0x77, 0x77,
    0x77, 0x74, 0x8f, 0xfa, 0x0, 0x0, 0x0, 0x0,
    0x8f, 0xfa, 0x0, 0x0, 0x0, 0x0, 0x8f, 0xfa,
    0x0, 0x0, 0x0, 0x0, 0x8f, 0xfa, 0x0, 0x0,
    0x0, 0x0, 0x8f, 0xff, 0xff, 0xff, 0xff, 0xf6,
    0x8f, 0xff, 0xff, 0xff, 0xff, 0xf6, 0x8f, 0xfd,
    0x77, 0x77, 0x77, 0x73, 0x8f, 0xfa, 0x0, 0x0,
    0x0, 0x0, 0x8f, 0xfa, 0x0, 0x0, 0x0, 0x0,
    0x8f, 0xfa, 0x0, 0x0, 0x0, 0x0, 0x8f, 0xfa,
    0x0, 0x0, 0x0, 0x0, 0x8f, 0xfa, 0x0, 0x0,
    0x0, 0x0,

    /* U+0047 "G" */
    0x0, 0x0, 0x28, 0xce, 0xfe, 0xd9, 0x30, 0x0,
    0x0, 0x8, 0xff, 0xff, 0xff, 0xff, 0xfa, 0x0,
    0x0, 0x9f, 0xff, 0xea, 0x89, 0xdf, 0xff, 0xa0,
    0x3, 0xff, 0xf9, 0x0, 0x0, 0x5, 0xff, 0xf2,
    0xa, 0xff, 0xc0, 0x0, 0x0, 0x0, 0x43, 0x0,
    0xe, 0xff, 0x50, 0x0, 0x0, 0x0, 0x0, 0x0,
    0xf, 0xff, 0x20, 0x0, 0x5, 0x66, 0x66, 0x64,
    0x1f, 0xff, 0x10, 0x0, 0xd, 0xff, 0xff, 0xfc,
    0xf, 0xff, 0x20, 0x0, 0xd, 0xff, 0xff, 0xfc,
    0xe, 0xff, 0x60, 0x0, 0x0, 0x0, 0x2f, 0xfc,
    0x9, 0xff, 0xd0, 0x0, 0x0, 0x0, 0x2f, 0xfc,
    0x3, 0xff, 0xfa, 0x0, 0x0, 0x1, 0x9f, 0xfc,
    0x0, 0x8f, 0xff, 0xea, 0x89, 0xcf, 0xff, 0xf7,
    0x0, 0x8, 0xff, 0xff, 0xff, 0xff, 0xfd, 0x50,
    0x0, 0x0, 0x28, 0xce, 0xfe, 0xd9, 0x40, 0x0,

    /* U+0048 "H" */
    0x8f, 0xfa, 0x0, 0x0, 0x0, 0xcf, 0xf6, 0x8f,
    0xfa, 0x0, 0x0, 0x0, 0xcf, 0xf6, 0x8f, 0xfa,
    0x0, 0x0, 0x0, 0xcf, 0xf6, 0x8f, 0xfa, 0x0,
    0x0, 0x0, 0xcf, 0xf6, 0x8f, 0xfa, 0x0, 0x0,
    0x0, 0xcf, 0xf6, 0x8f, 0xfa, 0x0, 0x0, 0x0,
    0xcf, 0xf6, 0x8f, 0xff, 0xff, 0xff, 0xff, 0xff,
    0xf6, 0x8f, 0xff, 0xff, 0xff, 0xff, 0xff, 0xf6,
    0x8f, 0xfe, 0xaa, 0xaa, 0xaa, 0xef, 0xf6, 0x8f,
    0xfa, 0x0, 0x0, 0x0, 0xcf, 0xf6, 0x8f, 0xfa,
    0x0, 0x0, 0x0, 0xcf, 0xf6, 0x8f, 0xfa, 0x0,
    0x0, 0x0, 0xcf, 0xf6, 0x8f, 0xfa, 0x0, 0x0,
    0x0, 0xcf, 0xf6, 0x8f, 0xfa, 0x0, 0x0, 0x0,
    0xcf, 0xf6, 0x8f, 0xfa, 0x0, 0x0, 0x0, 0xcf,
    0xf6,

    /* U+0049 "I" */
    0x8f, 0xfa, 0x8f, 0xfa, 0x8f, 0xfa, 0x8f, 0xfa,
    0x8f, 0xfa, 0x8f, 0xfa, 0x8f, 0xfa, 0x8f, 0xfa,
    0x8f, 0xfa, 0x8f, 0xfa, 0x8f, 0xfa, 0x8f, 0xfa,
    0x8f, 0xfa, 0x8f, 0xfa, 0x8f, 0xfa,

    /* U+004A "J" */
    0x0, 0x0, 0x7f, 0xff, 0xff, 0xb0, 0x0, 0x7,
    0xff, 0xff, 0xfb, 0x0, 0x0, 0x38, 0x8b, 0xff,
    0xb0, 0x0, 0x0, 0x0, 0x6f, 0xfb, 0x0, 0x0,
    0x0, 0x6, 0xff, 0xb0, 0x0, 0x0, 0x0, 0x6f,
    0xfb, 0x0, 0x0, 0x0, 0x6, 0xff, 0xb0, 0x0,
    0x0, 0x0, 0x6f, 0xfb, 0x0, 0x0, 0x0, 0x6,
    0xff, 0xb0, 0x0, 0x0, 0x0, 0x6f, 0xfb, 0x37,
    0x96, 0x0, 0x7, 0xff, 0xb7, 0xff, 0xe0, 0x0,
    0xbf, 0xf9, 0x1f, 0xff, 0xd8, 0xbf, 0xff, 0x30,
    0x7f, 0xff, 0xff, 0xff, 0x80, 0x0, 0x4b, 0xef,
    0xeb, 0x50, 0x0,

    /* U+004B "K" */
    0x8f, 0xfa, 0x0, 0x0, 0x2, 0xef, 0xfa, 0x8,
    0xff, 0xa0, 0x0, 0x2, 0xef, 0xf9, 0x0, 0x8f,
    0xfa, 0x0, 0x2, 0xef, 0xf9, 0x0, 0x8, 0xff,
    0xa0, 0x2, 0xef, 0xf9, 0x0, 0x0, 0x8f, 0xfa,
    0x2, 0xef, 0xf9, 0x0, 0x0, 0x8, 0xff, 0xa2,
    0xef, 0xf8, 0x0, 0x0, 0x0, 0x8f, 0xfc, 0xef,
    0xfe, 0x0, 0x0, 0x0, 0x8, 0xff, 0xff, 0xff,
    0xf9, 0x0, 0x0, 0x0, 0x8f, 0xff, 0xd5, 0xff,
    0xf6, 0x0, 0x0, 0x8, 0xff, 0xc0, 0x6, 0xff,
    0xf4, 0x0, 0x0, 0x8f, 0xfa, 0x0, 0x9, 0xff,
    0xe2, 0x0, 0x8, 0xff, 0xa0, 0x0, 0xc, 0xff,
    0xd0, 0x0, 0x8f, 0xfa, 0x0, 0x0, 0x1e, 0xff,
    0xa0, 0x8, 0xff, 0xa0, 0x0, 0x0, 0x3f, 0xff,
    0x70, 0x8f, 0xfa, 0x0, 0x0, 0x0, 0x7f, 0xff,
    0x40,

    /* U+004C "L" */
    0x8f, 0xfa, 0x0, 0x0, 0x0, 0x0, 0x8f, 0xfa,
    0x0, 0x0, 0x0, 0x0, 0x8f, 0xfa, 0x0, 0x0,
    0x0, 0x0, 0x8f, 0xfa, 0x0, 0x0, 0x0, 0x0,
    0x8f, 0xfa, 0x0, 0x0, 0x0, 0x0, 0x8f, 0xfa,
    0x0, 0x0, 0x0, 0x0, 0x8f, 0xfa, 0x0, 0x0,
    0x0, 0x0, 0x8f, 0xfa, 0x0, 0x0, 0x0, 0x0,
    0x8f, 0xfa, 0x0, 0x0, 0x0, 0x0, 0x8f, 0xfa,
    0x0, 0x0, 0x0, 0x0, 0x8f, 0xfa, 0x0, 0x0,
    0x0, 0x0, 0x8f, 0xfa, 0x0, 0x0, 0x0, 0x0,
    0x8f, 0xfd, 0x77, 0x77, 0x77, 0x75, 0x8f, 0xff,
    0xff, 0xff, 0xff, 0xfc, 0x8f, 0xff, 0xff, 0xff,
    0xff, 0xfc,

    /* U+004D "M" */
    0x8f, 0xff, 0xe0, 0x0, 0x0, 0x8, 0xff, 0xfd,
    0x8f, 0xff, 0xf3, 0x0, 0x0, 0xd, 0xff, 0xfd,
    0x8f, 0xff, 0xf8, 0x0, 0x0, 0x2f, 0xff, 0xfd,
    0x8f, 0xfc, 0xfd, 0x0, 0x0, 0x7f, 0xee, 0xfd,
    0x8f, 0xf8, 0xff, 0x20, 0x0, 0xcf, 0xae, 0xfd,
    0x8f, 0xf5, 0xff, 0x70, 0x1, 0xff, 0x5f, 0xfd,
    0x8f, 0xf4, 0xbf, 0xd0, 0x6, 0xff, 0x1f, 0xfd,
    0x8f, 0xf4, 0x6f, 0xf2, 0xb, 0xfb, 0xf, 0xfd,
    0x8f, 0xf4, 0x1f, 0xf7, 0x1f, 0xf6, 0xf, 0xfd,
    0x8f, 0xf4, 0xc, 0xfb, 0x5f, 0xf1, 0xf, 0xfd,
    0x8f, 0xf4, 0x6, 0xff, 0xaf, 0xc0, 0xf, 0xfd,
    0x8f, 0xf4, 0x1, 0xff, 0xff, 0x60, 0xf, 0xfd,
    0x8f, 0xf4, 0x0, 0xcf, 0xff, 0x10, 0xf, 0xfd,
    0x8f, 0xf4, 0x0, 0x7f, 0xfc, 0x0, 0xf, 0xfd,
    0x8f, 0xf4, 0x0, 0x2f, 0xf7, 0x0, 0xf, 0xfd,

    /* U+004E "N" */
    0x8f, 0xff, 0x60, 0x0, 0x0, 0x6f, 0xf6, 0x8f,
    0xff, 0xe0, 0x0, 0x0, 0x6f, 0xf6, 0x8f, 0xff,
    0xf8, 0x0, 0x0, 0x6f, 0xf6, 0x8f, 0xfe, 0xff,
    0x20, 0x0, 0x6f, 0xf6, 0x8f, 0xf7, 0xff, 0xa0,
    0x0, 0x6f, 0xf6, 0x8f, 0xf4, 0xbf, 0xf4, 0x0,
    0x6f, 0xf6, 0x8f, 0xf4, 0x2f, 0xfd, 0x0, 0x6f,
    0xf6, 0x8f, 0xf4, 0x9, 0xff, 0x60, 0x6f, 0xf6,
    0x8f, 0xf4, 0x1, 0xff, 0xe0, 0x6f, 0xf6, 0x8f,
    0xf4, 0x0, 0x7f, 0xf8, 0x6f, 0xf6, 0x8f, 0xf4,
    0x0, 0xd, 0xff, 0x7f, 0xf6, 0x8f, 0xf4, 0x0,
    0x5, 0xff, 0xef, 0xf6, 0x8f, 0xf4, 0x0, 0x0,
    0xbf, 0xff, 0xf6, 0x8f, 0xf4, 0x0, 0x0, 0x2f,
    0xff, 0xf6, 0x8f, 0xf4, 0x0, 0x0, 0x9, 0xff,
    0xf6,

    /* U+004F "O" */
    0x0, 0x0, 0x28, 0xce, 0xfe, 0xc8, 0x20, 0x0,
    0x0, 0x0, 0x7f, 0xff, 0xff, 0xff, 0xff, 0x80,
    0x0, 0x0, 0x8f, 0xff, 0xea, 0x8a, 0xef, 0xff,
    0x90, 0x0, 0x3f, 0xff, 0x90, 0x0, 0x0, 0x9f,
    0xff, 0x40, 0xa, 0xff, 0xc0, 0x0, 0x0, 0x0,
    0xcf, 0xfb, 0x0, 0xef, 0xf5, 0x0, 0x0, 0x0,
    0x5, 0xff, 0xf0, 0xf, 0xff, 0x20, 0x0, 0x0,
    0x0, 0x1f, 0xff, 0x11, 0xff, 0xf1, 0x0, 0x0,
    0x0, 0x1, 0xff, 0xf2, 0xf, 0xff, 0x20, 0x0,
    0x0, 0x0, 0x2f, 0xff, 0x10, 0xdf, 0xf6, 0x0,
    0x0, 0x0, 0x5, 0xff, 0xe0, 0x9, 0xff, 0xd0,
    0x0, 0x0, 0x0, 0xcf, 0xf9, 0x0, 0x2f, 0xff,
    0xa0, 0x0, 0x0, 0x9f, 0xff, 0x30, 0x0, 0x7f,
    0xff, 0xea, 0x8a, 0xef, 0xff, 0x70, 0x0, 0x0,
    0x7f, 0xff, 0xff, 0xff, 0xff, 0x60, 0x0, 0x0,
    0x0, 0x18, 0xce, 0xfe, 0xc7, 0x10, 0x0, 0x0,

    /* U+0050 "P" */
    0x8f, 0xff, 0xff, 0xff, 0xeb, 0x50, 0x8, 0xff,
    0xff, 0xff, 0xff, 0xff, 0xb0, 0x8f, 0xfd, 0x77,
    0x78, 0xcf, 0xff, 0x78, 0xff, 0xa0, 0x0, 0x0,
    0xaf, 0xfc, 0x8f, 0xfa, 0x0, 0x0, 0x5, 0xff,
    0xe8, 0xff, 0xa0, 0x0, 0x0, 0x7f, 0xfc, 0x8f,
    0xfa, 0x0, 0x1, 0x5e, 0xff, 0x88, 0xff, 0xff,
    0xff, 0xff, 0xff, 0xe1, 0x8f, 0xff, 0xff, 0xff,
    0xff, 0xc2, 0x8, 0xff, 0xd7, 0x77, 0x76, 0x20,
    0x0, 0x8f, 0xfa, 0x0, 0x0, 0x0, 0x0, 0x8,
    0xff, 0xa0, 0x0, 0x0, 0x0, 0x0, 0x8f, 0xfa,
    0x0, 0x0, 0x0, 0x0, 0x8, 0xff, 0xa0, 0x0,
    0x0, 0x0, 0x0, 0x8f, 0xfa, 0x0, 0x0, 0x0,
    0x0, 0x0,

    /* U+0051 "Q" */
    0x0, 0x0, 0x18, 0xce, 0xfe, 0xc8, 0x10, 0x0,
    0x0, 0x0, 0x6f, 0xff, 0xff, 0xff, 0xff, 0x70,
    0x0, 0x0, 0x6f, 0xff, 0xea, 0x8a, 0xef, 0xff,
    0x70, 0x0, 0x1f, 0xff, 0xa0, 0x0, 0x0, 0xaf,
    0xff, 0x20, 0x8, 0xff, 0xd0, 0x0, 0x0, 0x0,
    0xdf, 0xf9, 0x0, 0xdf, 0xf7, 0x0, 0x0, 0x0,
    0x6, 0xff, 0xe0, 0xf, 0xff, 0x30, 0x0, 0x0,
    0x0, 0x2f, 0xff, 0x11, 0xff, 0xf1, 0x0, 0x0,
    0x0, 0x1, 0xff, 0xf2, 0xf, 0xff, 0x20, 0x0,
    0x0, 0x0, 0x1f, 0xff, 0x20, 0xff, 0xf4, 0x0,
    0x0, 0x0, 0x3, 0xff, 0xf0, 0xc, 0xff, 0x80,
    0x0, 0x0, 0x0, 0x7f, 0xfd, 0x0, 0x7f, 0xff,
    0x10, 0x0, 0x0, 0x1e, 0xff, 0x70, 0x0, 0xef,
    0xfd, 0x30, 0x0, 0x2c, 0xff, 0xe0, 0x0, 0x4,
    0xff, 0xff, 0xdb, 0xcf, 0xff, 0xf3, 0x0, 0x0,
    0x3, 0xdf, 0xff, 0xff, 0xff, 0xd3, 0x0, 0x0,
    0x0, 0x0, 0x48, 0xdf, 0xfd, 0x40, 0x0, 0x0,
    0x0, 0x0, 0x0, 0x5, 0xff, 0xf1, 0x0, 0x0,
    0x0, 0x0, 0x0, 0x0, 0xe, 0xff, 0xe8, 0x65,
    0x0, 0x0, 0x0, 0x0, 0x0, 0x4f, 0xff, 0xff,
    0xb0, 0x0, 0x0, 0x0, 0x0, 0x0, 0x3b, 0xef,
    0xe8, 0x0,

    /* U+0052 "R" */
    0x8f, 0xff, 0xff, 0xff, 0xfe, 0xa4, 0x0, 0x8,
    0xff, 0xff, 0xff, 0xff, 0xff, 0xf9, 0x0, 0x8f,
    0xfd, 0x77, 0x77, 0x9d, 0xff, 0xf4, 0x8, 0xff,
    0xa0, 0x0, 0x0, 0xc, 0xff, 0x90, 0x8f, 0xfa,
    0x0, 0x0, 0x0, 0x8f, 0xfa, 0x8, 0xff, 0xa0,
    0x0, 0x0, 0xd, 0xff, 0x70, 0x8f, 0xfd, 0x77,
    0x77, 0x9d, 0xff, 0xe1, 0x8, 0xff, 0xff, 0xff,
    0xff, 0xff, 0xe3, 0x0, 0x8f, 0xff, 0xff, 0xff,
    0xff, 0x90, 0x0, 0x8, 0xff, 0xa0, 0x0, 0x5f,
    0xff, 0x10, 0x0, 0x8f, 0xfa, 0x0, 0x0, 0xcf,
    0xfa, 0x0, 0x8, 0xff, 0xa0, 0x0, 0x3, 0xff,
    0xf4, 0x0, 0x8f, 0xfa, 0x0, 0x0, 0x9, 0xff,
    0xd0, 0x8, 0xff, 0xa0, 0x0, 0x0, 0x1e, 0xff,
    0x80, 0x8f, 0xfa, 0x0, 0x0, 0x0, 0x6f, 0xff,
    0x20,

    /* U+0053 "S" */
    0x0, 0x4, 0xad, 0xff, 0xfd, 0x92, 0x0, 0x0,
    0x9f, 0xff, 0xff, 0xff, 0xff, 0x50, 0x5, 0xff,
    0xf9, 0x54, 0x6d, 0xff, 0xf0, 0x9, 0xff, 0x80,
    0x0, 0x0, 0xef, 0xd3, 0x9, 0xff, 0x80, 0x0,
    0x0, 0x0, 0x0, 0x5, 0xff, 0xf8, 0x30, 0x0,
    0x0, 0x0, 0x0, 0xbf, 0xff, 0xff, 0xc8, 0x40,
    0x0, 0x0, 0x6, 0xcf, 0xff, 0xff, 0xfd, 0x40,
    0x0, 0x0, 0x1, 0x58, 0xcf, 0xff, 0xf3, 0x0,
    0x0, 0x0, 0x0, 0x1, 0xcf, 0xfa, 0x3, 0x66,
    0x0, 0x0, 0x0, 0x5f, 0xfc, 0x2f, 0xff, 0x40,
    0x0, 0x0, 0x9f, 0xfb, 0xb, 0xff, 0xfb, 0x76,
    0x7b, 0xff, 0xf5, 0x1, 0xcf, 0xff, 0xff, 0xff,
    0xff, 0x90, 0x0, 0x5, 0xad, 0xff, 0xfd, 0x93,
    0x0,

    /* U+0054 "T" */
    0xcf, 0xff, 0xff, 0xff, 0xff, 0xff, 0xf3, 0xcf,
    0xff, 0xff, 0xff, 0xff, 0xff, 0xf3, 0x57, 0x77,
    0x7e, 0xff, 0xa7, 0x77, 0x71, 0x0, 0x0, 0xd,
    0xff, 0x40, 0x0, 0x0, 0x0, 0x0, 0xd, 0xff,
    0x40, 0x0, 0x0, 0x0, 0x0, 0xd, 0xff, 0x40,
    0x0, 0x0, 0x0, 0x0, 0xd, 0xff, 0x40, 0x0,
    0x0, 0x0, 0x0, 0xd, 0xff, 0x40, 0x0, 0x0,
    0x0, 0x0, 0xd, 0xff, 0x40, 0x0, 0x0, 0x0,
    0x0, 0xd, 0xff, 0x40, 0x0, 0x0, 0x0, 0x0,
    0xd, 0xff, 0x40, 0x0, 0x0, 0x0, 0x0, 0xd,
    0xff, 0x40, 0x0, 0x0, 0x0, 0x0, 0xd, 0xff,
    0x40, 0x0, 0x0, 0x0, 0x0, 0xd, 0xff, 0x40,
    0x0, 0x0, 0x0, 0x0, 0xd, 0xff, 0x40, 0x0,
    0x0,

    /* U+0055 "U" */
    0xaf, 0xf7, 0x0, 0x0, 0x0, 0xaf, 0xf8, 0xaf,
    0xf7, 0x0, 0x0, 0x0, 0xaf, 0xf8, 0xaf, 0xf7,
    0x0, 0x0, 0x0, 0xaf, 0xf8, 0xaf, 0xf7, 0x0,
    0x0, 0x0, 0xaf, 0xf8, 0xaf, 0xf7, 0x0, 0x0,
    0x0, 0xaf, 0xf8, 0xaf, 0xf7, 0x0, 0x0, 0x0,
    0xaf, 0xf8, 0xaf, 0xf7, 0x0, 0x0, 0x0, 0xaf,
    0xf8, 0xaf, 0xf7, 0x0, 0x0, 0x0, 0xaf, 0xf8,
    0xaf, 0xf7, 0x0, 0x0, 0x0, 0xaf, 0xf8, 0xaf,
    0xf8, 0x0, 0x0, 0x0, 0xbf, 0xf8, 0x8f, 0xfc,
    0x0, 0x0, 0x0, 0xef, 0xf6, 0x4f, 0xff, 0x50,
    0x0, 0x9, 0xff, 0xf1, 0xd, 0xff, 0xfc, 0x99,
    0xdf, 0xff, 0x90, 0x1, 0xdf, 0xff, 0xff, 0xff,
    0xfa, 0x0, 0x0, 0x6, 0xbe, 0xff, 0xda, 0x30,
    0x0,

    /* U+0056 "V" */
    0xaf, 0xf9, 0x0, 0x0, 0x0, 0xe, 0xff, 0x54,
    0xff, 0xe0, 0x0, 0x0, 0x3, 0xff, 0xf0, 0xe,
    0xff, 0x40, 0x0, 0x0, 0x8f, 0xf9, 0x0, 0x8f,
    0xf9, 0x0, 0x0, 0xe, 0xff, 0x30, 0x2, 0xff,
    0xe0, 0x0, 0x3, 0xff, 0xd0, 0x0, 0xc, 0xff,
    0x30, 0x0, 0x8f, 0xf7, 0x0, 0x0, 0x6f, 0xf8,
    0x0, 0xd, 0xff, 0x10, 0x0, 0x1, 0xff, 0xe0,
    0x2, 0xff, 0xb0, 0x0, 0x0, 0xa, 0xff, 0x30,
    0x7f, 0xf5, 0x0, 0x0, 0x0, 0x4f, 0xf8, 0xd,
    0xff, 0x0, 0x0, 0x0, 0x0, 0xef, 0xd1, 0xff,
    0x90, 0x0, 0x0, 0x0, 0x8, 0xff, 0x7f, 0xf4,
    0x0, 0x0, 0x0, 0x0, 0x2f, 0xff, 0xfe, 0x0,
    0x0, 0x0, 0x0, 0x0, 0xcf, 0xff, 0x80, 0x0,
    0x0, 0x0, 0x0, 0x7, 0xff, 0xf2, 0x0, 0x0,
    0x0,

    /* U+0057 "W" */
    0xdf, 0xf5, 0x0, 0x0, 0x7f, 0xff, 0x40, 0x0,
    0x9, 0xff, 0x99, 0xff, 0x90, 0x0, 0xb, 0xff,
    0xf8, 0x0, 0x0, 0xcf, 0xf5, 0x5f, 0xfc, 0x0,
    0x0, 0xff, 0xff, 0xc0, 0x0, 0xf, 0xff, 0x11,
    0xff, 0xf0, 0x0, 0x2f, 0xfd, 0xff, 0x0, 0x3,
    0xff, 0xd0, 0xd, 0xff, 0x40, 0x6, 0xff, 0x7f,
    0xf4, 0x0, 0x7f, 0xf9, 0x0, 0x8f, 0xf7, 0x0,
    0xaf, 0xe2, 0xff, 0x80, 0xa, 0xff, 0x40, 0x4,
    0xff, 0xb0, 0xe, 0xfa, 0xe, 0xfc, 0x0, 0xef,
    0xf0, 0x0, 0xf, 0xfe, 0x1, 0xff, 0x70, 0xbf,
    0xf0, 0x1f, 0xfc, 0x0, 0x0, 0xcf, 0xf2, 0x5f,
    0xf3, 0x7, 0xff, 0x35, 0xff, 0x80, 0x0, 0x8,
    0xff, 0x68, 0xff, 0x0, 0x3f, 0xf6, 0x9f, 0xf4,
    0x0, 0x0, 0x4f, 0xf9, 0xcf, 0xb0, 0x0, 0xff,
    0x9c, 0xff, 0x0, 0x0, 0x0, 0xff, 0xdf, 0xf8,
    0x0, 0xc, 0xfc, 0xff, 0xb0, 0x0, 0x0, 0xb,
    0xff, 0xff, 0x40, 0x0, 0x8f, 0xff, 0xf7, 0x0,
    0x0, 0x0, 0x7f, 0xff, 0xf0, 0x0, 0x4, 0xff,
    0xff, 0x30, 0x0, 0x0, 0x3, 0xff, 0xfc, 0x0,
    0x0, 0xf, 0xff, 0xf0, 0x0, 0x0,

    /* U+0058 "X" */
    0x1e, 0xff, 0x40, 0x0, 0x0, 0x9f, 0xfb, 0x0,
    0x5f, 0xfe, 0x0, 0x0, 0x4f, 0xff, 0x10, 0x0,
    0xaf, 0xf9, 0x0, 0xd, 0xff, 0x60, 0x0, 0x1,
    0xef, 0xf3, 0x8, 0xff, 0xc0, 0x0, 0x0, 0x5,
    0xff, 0xd3, 0xff, 0xf2, 0x0, 0x0, 0x0, 0xa,
    0xff, 0xff, 0xf7, 0x0, 0x0, 0x0, 0x0, 0x1e,
    0xff, 0xfd, 0x0, 0x0, 0x0, 0x0, 0x0, 0xcf,
    0xff, 0xb0, 0x0, 0x0, 0x0, 0x0, 0x7f, 0xff,
    0xff, 0x50, 0x0, 0x0, 0x0, 0x2f, 0xff, 0x7f,
    0xfe, 0x10, 0x0, 0x0, 0xc, 0xff, 0x60, 0xbf,
    0xf9, 0x0, 0x0, 0x7, 0xff, 0xc0, 0x2, 0xff,
    0xf3, 0x0, 0x2, 0xff, 0xf2, 0x0, 0x7, 0xff,
    0xd0, 0x0, 0xcf, 0xf7, 0x0, 0x0, 0xc, 0xff,
    0x80, 0x7f, 0xfd, 0x0, 0x0, 0x0, 0x2f, 0xff,
    0x20,

    /* U+0059 "Y" */
    0x5f, 0xfe, 0x10, 0x0, 0x0, 0x4f, 0xfe, 0x10,
    0xbf, 0xf8, 0x0, 0x0, 0xd, 0xff, 0x60, 0x2,
    0xff, 0xf2, 0x0, 0x7, 0xff, 0xc0, 0x0, 0x7,
    0xff, 0xb0, 0x1, 0xff, 0xf3, 0x0, 0x0, 0xd,
    0xff, 0x40, 0x9f, 0xf9, 0x0, 0x0, 0x0, 0x4f,
    0xfd, 0x3f, 0xfe, 0x0, 0x0, 0x0, 0x0, 0xaf,
    0xfe, 0xff, 0x50, 0x0, 0x0, 0x0, 0x1, 0xff,
    0xff, 0xb0, 0x0, 0x0, 0x0, 0x0, 0x7, 0xff,
    0xf2, 0x0, 0x0, 0x0, 0x0, 0x0, 0x3f, 0xfe,
    0x0, 0x0, 0x0, 0x0, 0x0, 0x3, 0xff, 0xe0,
    0x0, 0x0, 0x0, 0x0, 0x0, 0x3f, 0xfe, 0x0,
    0x0, 0x0, 0x0, 0x0, 0x3, 0xff, 0xe0, 0x0,
    0x0, 0x0, 0x0, 0x0, 0x3f, 0xfe, 0x0, 0x0,
    0x0, 0x0, 0x0, 0x3, 0xff, 0xe0, 0x0, 0x0,
    0x0,

    /* U+005A "Z" */
    0x8, 0xff, 0xff, 0xff, 0xff, 0xff, 0x50, 0x8f,
    0xff, 0xff, 0xff, 0xff, 0xf5, 0x4, 0x88, 0x88,
    0x88, 0xaf, 0xff, 0x20, 0x0, 0x0, 0x0, 0x1e,
    0xff, 0x50, 0x0, 0x0, 0x0, 0xb, 0xff, 0x80,
    0x0, 0x0, 0x0, 0x8, 0xff, 0xb0, 0x0, 0x0,
    0x0, 0x5, 0xff, 0xd1, 0x0, 0x0, 0x0, 0x3,
    0xff, 0xf2, 0x0, 0x0, 0x0, 0x1, 0xef, 0xf5,
    0x0, 0x0, 0x0, 0x0, 0xbf, 0xf8, 0x0, 0x0,
    0x0, 0x0, 0x9f, 0xfb, 0x0, 0x0, 0x0, 0x0,
    0x5f, 0xfe, 0x10, 0x0, 0x0, 0x0, 0x2f, 0xff,
    0xb8, 0x88, 0x88, 0x88, 0x65, 0xff, 0xff, 0xff,
    0xff, 0xff, 0xfd, 0x5f, 0xff, 0xff, 0xff, 0xff,
    0xff, 0xd0,

    /* U+005B "[" */
    0xcf, 0xff, 0xff, 0x1c, 0xff, 0xff, 0xf1, 0xcf,
    0xf2, 0x11, 0xc, 0xff, 0x10, 0x0, 0xcf, 0xf1,
    0x0, 0xc, 0xff, 0x10, 0x0, 0xcf, 0xf1, 0x0,
    0xc, 0xff, 0x10, 0x0, 0xcf, 0xf1, 0x0, 0xc,
    0xff, 0x10, 0x0, 0xcf, 0xf1, 0x0, 0xc, 0xff,
    0x10, 0x0, 0xcf, 0xf1, 0x0, 0xc, 0xff, 0x10,
    0x0, 0xcf, 0xf1, 0x0, 0xc, 0xff, 0x10, 0x0,
    0xcf, 0xf1, 0x0, 0xc, 0xff, 0x10, 0x0, 0xcf,
    0xf2, 0x11, 0xc, 0xff, 0xff, 0xf1, 0xcf, 0xff,
    0xff, 0x10,

    /* U+005C "\\" */
    0xbf, 0xe0, 0x0, 0x7f, 0xf1, 0x0, 0x4f, 0xf4,
    0x0, 0x1f, 0xf7, 0x0, 0xe, 0xfa, 0x0, 0xb,
    0xfd, 0x0, 0x8, 0xff, 0x0, 0x5, 0xff, 0x30,
    0x2, 0xff, 0x70, 0x0, 0xff, 0xa0, 0x0, 0xcf,
    0xd0, 0x0, 0x9f, 0xf0, 0x0, 0x6f, 0xf3, 0x0,
    0x2f, 0xf6, 0x0, 0xf, 0xf9, 0x0, 0xc, 0xfc,

    /* U+005D "]" */
    0xbf, 0xff, 0xff, 0x1b, 0xff, 0xff, 0xf1, 0x1,
    0x1c, 0xff, 0x10, 0x0, 0xcf, 0xf1, 0x0, 0xc,
    0xff, 0x10, 0x0, 0xcf, 0xf1, 0x0, 0xc, 0xff,
    0x10, 0x0, 0xcf, 0xf1, 0x0, 0xc, 0xff, 0x10,
    0x0, 0xcf, 0xf1, 0x0, 0xc, 0xff, 0x10, 0x0,
    0xcf, 0xf1, 0x0, 0xc, 0xff, 0x10, 0x0, 0xcf,
    0xf1, 0x0, 0xc, 0xff, 0x10, 0x0, 0xcf, 0xf1,
    0x0, 0xc, 0xff, 0x10, 0x0, 0xcf, 0xf1, 0x1,
    0x1c, 0xff, 0x1b, 0xff, 0xff, 0xf1, 0xbf, 0xff,
    0xff, 0x10,

    /* U+005E "^" */
    0x0, 0x0, 0x38, 0x88, 0x20, 0x0, 0x0, 0x0,
    0xc, 0xff, 0xf9, 0x0, 0x0, 0x0, 0x3, 0xff,
    0x9f, 0xf1, 0x0, 0x0, 0x0, 0xaf, 0xc0, 0xef,
    0x70, 0x0, 0x0, 0x1f, 0xf5, 0x8, 0xfe, 0x0,
    0x0, 0x8, 0xfd, 0x0, 0x1f, 0xf5, 0x0, 0x0,
    0xef, 0x70, 0x0, 0xaf, 0xc0, 0x0, 0x6f, 0xf0,
    0x0, 0x3, 0xff, 0x30, 0xd, 0xf9, 0x0, 0x0,
    0xc, 0xfb, 0x4, 0xff, 0x20, 0x0, 0x0, 0x5f,
    0xf2,

    /* U+005F "_" */
    0x2d, 0xdd, 0xdd, 0xdd, 0xdd, 0xdd, 0xd5,

    /* U+0060 "`" */
    0x28, 0x85, 0x0, 0x0, 0xaf, 0xf5, 0x0, 0x0,
    0x7f, 0xf3, 0x0, 0x0, 0x4f, 0xe1,

    /* U+0061 "a" */
    0x0, 0x6, 0xce, 0xfd, 0x91, 0x0, 0x0, 0xc,
    0xff, 0xff, 0xff, 0xd0, 0x0, 0x6, 0xff, 0xc1,
    0x1c, 0xff, 0x70, 0x0, 0x7a, 0xa3, 0x0, 0x5f,
    0xfb, 0x0, 0x0, 0x0, 0x0, 0x4, 0xff, 0xb0,
    0x0, 0x7, 0xcf, 0xff, 0xff, 0xfc, 0x0, 0xb,
    0xff, 0xfb, 0xbc, 0xff, 0xc0, 0x3, 0xff, 0xf2,
    0x0, 0x4f, 0xfc, 0x0, 0x5f, 0xfd, 0x0, 0x9,
    0xff, 0xc0, 0x3, 0xff, 0xf2, 0x6, 0xff, 0xfe,
    0x0, 0xc, 0xff, 0xff, 0xf7, 0xbf, 0xff, 0x50,
    0x1a, 0xef, 0xc5, 0x2, 0xdf, 0xe4,

    /* U+0062 "b" */
    0x7f, 0xf9, 0x0, 0x0, 0x0, 0x0, 0x7f, 0xf9,
    0x0, 0x0, 0x0, 0x0, 0x7f, 0xf9, 0x0, 0x0,
    0x0, 0x0, 0x7f, 0xf9, 0x0, 0x0, 0x0, 0x0,
    0x7f, 0xf8, 0x1a, 0xef, 0xc5, 0x0, 0x7f, 0xf9,
    0xef, 0xff, 0xff, 0x50, 0x7f, 0xff, 0xb3, 0x3b,
    0xff, 0xe0, 0x7f, 0xff, 0x0, 0x1, 0xff, 0xf3,
    0x7f, 0xfa, 0x0, 0x0, 0xbf, 0xf6, 0x7f, 0xf9,
    0x0, 0x0, 0xaf, 0xf8, 0x7f, 0xf8, 0x0, 0x0,
    0xaf, 0xf8, 0x7f, 0xfa, 0x0, 0x0, 0xcf, 0xf6,
    0x7f, 0xff, 0x0, 0x1, 0xff, 0xf3, 0x7f, 0xff,
    0xb2, 0x3c, 0xff, 0xd0, 0x7f, 0xf9, 0xef, 0xff,
    0xff, 0x40, 0x8f, 0xf7, 0x2a, 0xef, 0xc4, 0x0,

    /* U+0063 "c" */
    0x0, 0x4, 0xbe, 0xfe, 0xa2, 0x0, 0x0, 0x8f,
    0xff, 0xff, 0xff, 0x30, 0x4, 0xff, 0xf5, 0x27,
    0xff, 0xe0, 0xb, 0xff, 0x70, 0x0, 0xaf, 0xf5,
    0xf, 0xff, 0x20, 0x0, 0x0, 0x0, 0x1f, 0xff,
    0x10, 0x0, 0x0, 0x0, 0x1f, 0xff, 0x10, 0x0,
    0x0, 0x0, 0xf, 0xff, 0x20, 0x0, 0x12, 0x21,
    0xc, 0xff, 0x70, 0x0, 0xaf, 0xf6, 0x5, 0xff,
    0xf5, 0x26, 0xff, 0xf1, 0x0, 0x9f, 0xff, 0xff,
    0xff, 0x40, 0x0, 0x5, 0xbe, 0xfe, 0x92, 0x0,

    /* U+0064 "d" */
    0x0, 0x0, 0x0, 0x0, 0x1f, 0xfe, 0x0, 0x0,
    0x0, 0x0, 0x1f, 0xfe, 0x0, 0x0, 0x0, 0x0,
    0x1f, 0xfe, 0x0, 0x0, 0x0, 0x0, 0x1f, 0xfe,
    0x0, 0x19, 0xef, 0xd6, 0x1f, 0xfe, 0x0, 0xdf,
    0xff, 0xff, 0x9f, 0xfe, 0x7, 0xff, 0xf5, 0x26,
    0xff, 0xfe, 0xc, 0xff, 0x70, 0x0, 0x8f, 0xfe,
    0xf, 0xff, 0x20, 0x0, 0x3f, 0xfe, 0x1f, 0xff,
    0x10, 0x0, 0x1f, 0xfe, 0x1f, 0xff, 0x10, 0x0,
    0x2f, 0xfe, 0xf, 0xff, 0x20, 0x0, 0x4f, 0xfe,
    0xc, 0xff, 0x70, 0x0, 0x9f, 0xfe, 0x7, 0xff,
    0xf5, 0x26, 0xff, 0xfe, 0x0, 0xdf, 0xff, 0xff,
    0x8f, 0xfe, 0x0, 0x1a, 0xef, 0xc6, 0xf, 0xff,

    /* U+0065 "e" */
    0x0, 0x5, 0xbe, 0xfd, 0x80, 0x0, 0x0, 0x9f,
    0xff, 0xff, 0xfd, 0x10, 0x5, 0xff, 0xd2, 0x6,
    0xff, 0x90, 0xc, 0xff, 0x50, 0x0, 0xcf, 0xf0,
    0xf, 0xff, 0x10, 0x0, 0x8f, 0xf4, 0x1f, 0xff,
    0xff, 0xff, 0xff, 0xf6, 0x1f, 0xff, 0xee, 0xee,
    0xee, 0xe6, 0xf, 0xff, 0x10, 0x0, 0x0, 0x0,
    0xc, 0xff, 0x50, 0x0, 0x23, 0x10, 0x6, 0xff,
    0xe4, 0x14, 0xef, 0xe1, 0x0, 0xaf, 0xff, 0xff,
    0xff, 0x40, 0x0, 0x5, 0xcf, 0xfd, 0x92, 0x0,

    /* U+0066 "f" */
    0x0, 0x9, 0xef, 0xe5, 0x0, 0x9f, 0xff, 0xf6,
    0x0, 0xdf, 0xf6, 0x10, 0x0, 0xef, 0xf1, 0x0,
    0xaf, 0xff, 0xff, 0xf6, 0xaf, 0xff, 0xff, 0xf6,
    0x1, 0xef, 0xf2, 0x10, 0x0, 0xef, 0xf1, 0x0,
    0x0, 0xef, 0xf1, 0x0, 0x0, 0xef, 0xf1, 0x0,
    0x0, 0xef, 0xf1, 0x0, 0x0, 0xef, 0xf1, 0x0,
    0x0, 0xef, 0xf1, 0x0, 0x0, 0xef, 0xf1, 0x0,
    0x0, 0xef, 0xf1, 0x0, 0x0, 0xef, 0xf1, 0x0,

    /* U+0067 "g" */
    0x0, 0x19, 0xef, 0xd7, 0xf, 0xff, 0x0, 0xdf,
    0xff, 0xff, 0x8f, 0xfe, 0x7, 0xff, 0xf6, 0x26,
    0xff, 0xfe, 0xc, 0xff, 0x70, 0x0, 0x9f, 0xfe,
    0xf, 0xff, 0x30, 0x0, 0x3f, 0xfe, 0x1f, 0xff,
    0x10, 0x0, 0x1f, 0xfe, 0x1f, 0xff, 0x10, 0x0,
    0x2f, 0xfe, 0xf, 0xff, 0x20, 0x0, 0x3f, 0xfe,
    0xd, 0xff, 0x70, 0x0, 0x9f, 0xfe, 0x7, 0xff,
    0xf6, 0x26, 0xff, 0xfe, 0x0, 0xdf, 0xff, 0xff,
    0x8f, 0xfe, 0x0, 0x1a, 0xef, 0xd6, 0x1f, 0xfe,
    0x0, 0x0, 0x0, 0x0, 0x2f, 0xfd, 0x2, 0x68,
    0x50, 0x0, 0x6f, 0xfb, 0x4, 0xff, 0xe4, 0x4,
    0xef, 0xf5, 0x0, 0xaf, 0xff, 0xff, 0xff, 0xa0,
    0x0, 0x6, 0xce, 0xfe, 0xb5, 0x0,

    /* U+0068 "h" */
    0x7f, 0xf9, 0x0, 0x0, 0x0, 0x0, 0x7f, 0xf9,
    0x0, 0x0, 0x0, 0x0, 0x7f, 0xf9, 0x0, 0x0,
    0x0, 0x0, 0x7f, 0xf9, 0x0, 0x0, 0x0, 0x0,
    0x7f, 0xf8, 0x19, 0xef, 0xd5, 0x0, 0x7f, 0xf8,
    0xcf, 0xff, 0xff, 0x40, 0x7f, 0xfe, 0xe6, 0x6e,
    0xff, 0xc0, 0x7f, 0xff, 0x20, 0x4, 0xff, 0xf0,
    0x7f, 0xfb, 0x0, 0x0, 0xff, 0xf1, 0x7f, 0xf9,
    0x0, 0x0, 0xff, 0xf1, 0x7f, 0xf9, 0x0, 0x0,
    0xff, 0xf1, 0x7f, 0xf9, 0x0, 0x0, 0xff, 0xf1,
    0x7f, 0xf9, 0x0, 0x0, 0xff, 0xf1, 0x7f, 0xf9,
    0x0, 0x0, 0xff, 0xf1, 0x7f, 0xf9, 0x0, 0x0,
    0xff, 0xf1, 0x7f, 0xf9, 0x0, 0x0, 0xff, 0xf1,

    /* U+0069 "i" */
    0x7f, 0xf9, 0x7f, 0xf9, 0x14, 0x42, 0x0, 0x0,
    0x7f, 0xf9, 0x7f, 0xf9, 0x7f, 0xf9, 0x7f, 0xf9,
    0x7f, 0xf9, 0x7f, 0xf9, 0x7f, 0xf9, 0x7f, 0xf9,
    0x7f, 0xf9, 0x7f, 0xf9, 0x7f, 0xf9, 0x7f, 0xf9,

    /* U+006A "j" */
    0x0, 0x7f, 0xf9, 0x0, 0x7f, 0xf9, 0x0, 0x14,
    0x42, 0x0, 0x0, 0x0, 0x0, 0x7f, 0xf9, 0x0,
    0x7f, 0xf9, 0x0, 0x7f, 0xf9, 0x0, 0x7f, 0xf9,
    0x0, 0x7f, 0xf9, 0x0, 0x7f, 0xf9, 0x0, 0x7f,
    0xf9, 0x0, 0x7f, 0xf9, 0x0, 0x7f, 0xf9, 0x0,
    0x7f, 0xf9, 0x0, 0x7f, 0xf9, 0x0, 0x7f, 0xf9,
    0x0, 0x7f, 0xf9, 0x0, 0x7f, 0xf8, 0x14, 0xdf,
    0xf7, 0x5f, 0xff, 0xf2, 0x5f, 0xfd, 0x50,

    /* U+006B "k" */
    0x7f, 0xf9, 0x0, 0x0, 0x0, 0x0, 0x7f, 0xf9,
    0x0, 0x0, 0x0, 0x0, 0x7f, 0xf9, 0x0, 0x0,
    0x0, 0x0, 0x7f, 0xf9, 0x0, 0x0, 0x0, 0x0,
    0x7f, 0xf9, 0x0, 0xb, 0xff, 0x80, 0x7f, 0xf9,
    0x0, 0x8f, 0xfa, 0x0, 0x7f, 0xf9, 0x6, 0xff,
    0xb0, 0x0, 0x7f, 0xf9, 0x3f, 0xfd, 0x10, 0x0,
    0x7f, 0xfb, 0xef, 0xf1, 0x0, 0x0, 0x7f, 0xff,
    0xff, 0xf5, 0x0, 0x0, 0x7f, 0xff, 0xdf, 0xfe,
    0x0, 0x0, 0x7f, 0xfb, 0x9, 0xff, 0x80, 0x0,
    0x7f, 0xf9, 0x1, 0xff, 0xf2, 0x0, 0x7f, 0xf9,
    0x0, 0x7f, 0xfb, 0x0, 0x7f, 0xf9, 0x0, 0xd,
    0xff, 0x50, 0x7f, 0xf9, 0x0, 0x5, 0xff, 0xe0,

    /* U+006C "l" */
    0x7f, 0xf9, 0x7f, 0xf9, 0x7f, 0xf9, 0x7f, 0xf9,
    0x7f, 0xf9, 0x7f, 0xf9, 0x7f, 0xf9, 0x7f, 0xf9,
    0x7f, 0xf9, 0x7f, 0xf9, 0x7f, 0xf9, 0x7f, 0xf9,
    0x7f, 0xf9, 0x7f, 0xf9, 0x7f, 0xf9, 0x7f, 0xf9,

    /* U+006D "m" */
    0x8f, 0xf5, 0x2b, 0xfe, 0xa1, 0x5, 0xcf, 0xe8,
    0x0, 0x7f, 0xf7, 0xef, 0xff, 0xfc, 0x4f, 0xff,
    0xff, 0x70, 0x7f, 0xff, 0xa2, 0x7f, 0xff, 0xe7,
    0x29, 0xff, 0xe0, 0x7f, 0xfe, 0x0, 0xd, 0xff,
    0xc0, 0x0, 0xff, 0xf2, 0x7f, 0xfa, 0x0, 0xa,
    0xff, 0x70, 0x0, 0xdf, 0xf3, 0x7f, 0xf9, 0x0,
    0xa, 0xff, 0x60, 0x0, 0xcf, 0xf3, 0x7f, 0xf9,
    0x0, 0xa, 0xff, 0x60, 0x0, 0xcf, 0xf3, 0x7f,
    0xf9, 0x0, 0xa, 0xff, 0x60, 0x0, 0xcf, 0xf3,
    0x7f, 0xf9, 0x0, 0xa, 0xff, 0x60, 0x0, 0xcf,
    0xf3, 0x7f, 0xf9, 0x0, 0xa, 0xff, 0x60, 0x0,
    0xcf, 0xf3, 0x7f, 0xf9, 0x0, 0xa, 0xff, 0x60,
    0x0, 0xcf, 0xf3, 0x7f, 0xf9, 0x0, 0xa, 0xff,
    0x60, 0x0, 0xcf, 0xf3,

    /* U+006E "n" */
    0x8f, 0xf5, 0x19, 0xef, 0xd5, 0x0, 0x7f, 0xf7,
    0xdf, 0xff, 0xff, 0x40, 0x7f, 0xff, 0xc3, 0x3c,
    0xff, 0xc0, 0x7f, 0xff, 0x10, 0x3, 0xff, 0xf0,
    0x7f, 0xfb, 0x0, 0x0, 0xff, 0xf1, 0x7f, 0xf9,
    0x0, 0x0, 0xff, 0xf1, 0x7f, 0xf9, 0x0, 0x0,
    0xff, 0xf1, 0x7f, 0xf9, 0x0, 0x0, 0xff, 0xf1,
    0x7f, 0xf9, 0x0, 0x0, 0xff, 0xf1, 0x7f, 0xf9,
    0x0, 0x0, 0xff, 0xf1, 0x7f, 0xf9, 0x0, 0x0,
    0xff, 0xf1, 0x7f, 0xf9, 0x0, 0x0, 0xff, 0xf1,

    /* U+006F "o" */
    0x0, 0x3, 0xae, 0xff, 0xc7, 0x0, 0x0, 0x7,
    0xff, 0xff, 0xff, 0xfd, 0x10, 0x4, 0xff, 0xf7,
    0x24, 0xcf, 0xfc, 0x0, 0xbf, 0xf8, 0x0, 0x1,
    0xff, 0xf3, 0xf, 0xff, 0x30, 0x0, 0xb, 0xff,
    0x71, 0xff, 0xf1, 0x0, 0x0, 0x9f, 0xf8, 0x1f,
    0xff, 0x10, 0x0, 0xa, 0xff, 0x80, 0xff, 0xf3,
    0x0, 0x0, 0xbf, 0xf6, 0xb, 0xff, 0x80, 0x0,
    0x1f, 0xff, 0x20, 0x4f, 0xff, 0x62, 0x4d, 0xff,
    0xa0, 0x0, 0x7f, 0xff, 0xff, 0xff, 0xc1, 0x0,
    0x0, 0x3a, 0xef, 0xfc, 0x60, 0x0,

    /* U+0070 "p" */
    0x8f, 0xf7, 0x2a, 0xef, 0xc5, 0x0, 0x7f, 0xf9,
    0xef, 0xff, 0xff, 0x50, 0x7f, 0xff, 0xb3, 0x3c,
    0xff, 0xe0, 0x7f, 0xff, 0x10, 0x1, 0xff, 0xf3,
    0x7f, 0xfb, 0x0, 0x0, 0xcf, 0xf6, 0x7f, 0xf9,
    0x0, 0x0, 0xaf, 0xf8, 0x7f, 0xf8, 0x0, 0x0,
    0xaf, 0xf8, 0x7f, 0xfa, 0x0, 0x0, 0xcf, 0xf6,
    0x7f, 0xff, 0x0, 0x1, 0xff, 0xf3, 0x7f, 0xff,
    0xb3, 0x3c, 0xff, 0xd0, 0x7f, 0xfa, 0xef, 0xff,
    0xff, 0x40, 0x7f, 0xf8, 0x2b, 0xef, 0xc4, 0x0,
    0x7f, 0xf8, 0x0, 0x0, 0x0, 0x0, 0x7f, 0xf9,
    0x0, 0x0, 0x0, 0x0, 0x7f, 0xf9, 0x0, 0x0,
    0x0, 0x0, 0x7f, 0xf9, 0x0, 0x0, 0x0, 0x0,
    0x7f, 0xf9, 0x0, 0x0, 0x0, 0x0,

    /* U+0071 "q" */
    0x0, 0x9, 0xef, 0xd7, 0xf, 0xff, 0x0, 0xcf,
    0xff, 0xff, 0x9f, 0xfe, 0x6, 0xff, 0xf6, 0x26,
    0xff, 0xfe, 0xc, 0xff, 0x70, 0x0, 0x8f, 0xfe,
    0xf, 0xff, 0x30, 0x0, 0x3f, 0xfe, 0x1f, 0xff,
    0x10, 0x0, 0x1f, 0xfe, 0x1f, 0xff, 0x10, 0x0,
    0x2f, 0xfe, 0xf, 0xff, 0x20, 0x0, 0x4f, 0xfe,
    0xc, 0xff, 0x70, 0x0, 0x9f, 0xfe, 0x7, 0xff,
    0xf5, 0x26, 0xff, 0xfe, 0x0, 0xdf, 0xff, 0xff,
    0x8f, 0xfe, 0x0, 0x1a, 0xef, 0xd6, 0x1f, 0xfe,
    0x0, 0x0, 0x0, 0x0, 0x1f, 0xfe, 0x0, 0x0,
    0x0, 0x0, 0x1f, 0xfe, 0x0, 0x0, 0x0, 0x0,
    0x1f, 0xfe, 0x0, 0x0, 0x0, 0x0, 0x1f, 0xfe,
    0x0, 0x0, 0x0, 0x0, 0x1f, 0xfe,

    /* U+0072 "r" */
    0x0, 0x0, 0x0, 0x0, 0x8f, 0xf5, 0x4d, 0xf3,
    0x7f, 0xf8, 0xff, 0xf3, 0x7f, 0xfe, 0xd6, 0x61,
    0x7f, 0xff, 0x20, 0x0, 0x7f, 0xfb, 0x0, 0x0,
    0x7f, 0xf9, 0x0, 0x0, 0x7f, 0xf9, 0x0, 0x0,
    0x7f, 0xf9, 0x0, 0x0, 0x7f, 0xf9, 0x0, 0x0,
    0x7f, 0xf9, 0x0, 0x0, 0x7f, 0xf9, 0x0, 0x0,
    0x7f, 0xf9, 0x0, 0x0,

    /* U+0073 "s" */
    0x0, 0x19, 0xdf, 0xfd, 0x92, 0x0, 0x2, 0xef,
    0xff, 0xff, 0xff, 0x30, 0x9, 0xff, 0x61, 0x14,
    0xff, 0xc0, 0xb, 0xff, 0x10, 0x0, 0x44, 0x30,
    0x9, 0xff, 0xe9, 0x51, 0x0, 0x0, 0x1, 0xdf,
    0xff, 0xff, 0xd7, 0x0, 0x0, 0x7, 0xcf, 0xff,
    0xff, 0xb0, 0x0, 0x0, 0x0, 0x38, 0xff, 0xf3,
    0x3, 0x64, 0x0, 0x0, 0x8f, 0xf4, 0xe, 0xfe,
    0x41, 0x3, 0xcf, 0xf2, 0x5, 0xff, 0xff, 0xff,
    0xff, 0x80, 0x0, 0x3a, 0xef, 0xfe, 0xb4, 0x0,

    /* U+0074 "t" */
    0x0, 0x5f, 0xb0, 0x0, 0x0, 0xaf, 0xb0, 0x0,
    0x0, 0xef, 0xb0, 0x0, 0xbf, 0xff, 0xff, 0xe0,
    0xbf, 0xff, 0xff, 0xe0, 0x5, 0xff, 0xc1, 0x10,
    0x4, 0xff, 0xb0, 0x0, 0x4, 0xff, 0xb0, 0x0,
    0x4, 0xff, 0xb0, 0x0, 0x4, 0xff, 0xb0, 0x0,
    0x4, 0xff, 0xb0, 0x0, 0x4, 0xff, 0xc0, 0x0,
    0x3, 0xff, 0xf4, 0x20, 0x0, 0xef, 0xff, 0xf1,
    0x0, 0x4d, 0xfe, 0xc0,

    /* U+0075 "u" */
    0xaf, 0xf6, 0x0, 0x1, 0xff, 0xea, 0xff, 0x60,
    0x0, 0x1f, 0xfe, 0xaf, 0xf6, 0x0, 0x1, 0xff,
    0xea, 0xff, 0x60, 0x0, 0x1f, 0xfe, 0xaf, 0xf6,
    0x0, 0x1, 0xff, 0xea, 0xff, 0x60, 0x0, 0x1f,
    0xfe, 0xaf, 0xf6, 0x0, 0x2, 0xff, 0xea, 0xff,
    0x70, 0x0, 0x3f, 0xfe, 0x9f, 0xfa, 0x0, 0x9,
    0xff, 0xe5, 0xff, 0xf6, 0x16, 0xef, 0xfe, 0xd,
    0xff, 0xff, 0xf5, 0xff, 0xe0, 0x1a, 0xef, 0xc5,
    0xe, 0xff,

    /* U+0076 "v" */
    0xbf, 0xf6, 0x0, 0x0, 0x2f, 0xfe, 0x6, 0xff,
    0xb0, 0x0, 0x7, 0xff, 0x90, 0x1f, 0xff, 0x0,
    0x0, 0xcf, 0xf3, 0x0, 0xbf, 0xf5, 0x0, 0x2f,
    0xfe, 0x0, 0x5, 0xff, 0xa0, 0x7, 0xff, 0x80,
    0x0, 0xf, 0xfe, 0x0, 0xcf, 0xf2, 0x0, 0x0,
    0xaf, 0xf3, 0x1f, 0xfd, 0x0, 0x0, 0x4, 0xff,
    0x86, 0xff, 0x70, 0x0, 0x0, 0xe, 0xfc, 0xaf,
    0xf1, 0x0, 0x0, 0x0, 0x9f, 0xff, 0xfb, 0x0,
    0x0, 0x0, 0x4, 0xff, 0xff, 0x60, 0x0, 0x0,
    0x0, 0xe, 0xff, 0xf1, 0x0, 0x0,

    /* U+0077 "w" */
    0xe, 0xfd, 0x0, 0x3, 0xff, 0xf4, 0x0, 0xc,
    0xff, 0x0, 0xbf, 0xf1, 0x0, 0x7f, 0xff, 0x80,
    0x0, 0xff, 0xc0, 0x7, 0xff, 0x40, 0xb, 0xfd,
    0xfc, 0x0, 0x2f, 0xf8, 0x0, 0x3f, 0xf7, 0x0,
    0xff, 0x7f, 0xf0, 0x6, 0xff, 0x40, 0x0, 0xef,
    0xb0, 0x3f, 0xf1, 0xff, 0x40, 0x9f, 0xf0, 0x0,
    0xb, 0xfe, 0x7, 0xfc, 0xb, 0xf8, 0xd, 0xfc,
    0x0, 0x0, 0x7f, 0xf2, 0xcf, 0x80, 0x7f, 0xc0,
    0xff, 0x80, 0x0, 0x3, 0xff, 0x5f, 0xf4, 0x3,
    0xff, 0x5f, 0xf3, 0x0, 0x0, 0xe, 0xfb, 0xff,
    0x0, 0xf, 0xfb, 0xff, 0x0, 0x0, 0x0, 0xbf,
    0xff, 0xc0, 0x0, 0xbf, 0xff, 0xb0, 0x0, 0x0,
    0x7, 0xff, 0xf8, 0x0, 0x7, 0xff, 0xf7, 0x0,
    0x0, 0x0, 0x3f, 0xff, 0x40, 0x0, 0x3f, 0xff,
    0x30, 0x0,

    /* U+0078 "x" */
    0x4f, 0xfe, 0x0, 0x0, 0xcf, 0xf7, 0x0, 0x9f,
    0xf8, 0x0, 0x6f, 0xfc, 0x0, 0x0, 0xdf, 0xf3,
    0x1e, 0xff, 0x20, 0x0, 0x3, 0xff, 0xca, 0xff,
    0x60, 0x0, 0x0, 0x8, 0xff, 0xff, 0xa0, 0x0,
    0x0, 0x0, 0xd, 0xff, 0xe1, 0x0, 0x0, 0x0,
    0x2, 0xff, 0xff, 0x40, 0x0, 0x0, 0x0, 0xcf,
    0xff, 0xfe, 0x10, 0x0, 0x0, 0x7f, 0xf8, 0x6f,
    0xfa, 0x0, 0x0, 0x2f, 0xfe, 0x0, 0xcf, 0xf5,
    0x0, 0xc, 0xff, 0x40, 0x2, 0xff, 0xe1, 0x8,
    0xff, 0xa0, 0x0, 0x8, 0xff, 0xb0,

    /* U+0079 "y" */
    0xaf, 0xf8, 0x0, 0x0, 0x3f, 0xfe, 0x4, 0xff,
    0xd0, 0x0, 0x7, 0xff, 0x90, 0xe, 0xff, 0x20,
    0x0, 0xcf, 0xf3, 0x0, 0x8f, 0xf7, 0x0, 0x1f,
    0xfd, 0x0, 0x2, 0xff, 0xc0, 0x6, 0xff, 0x80,
    0x0, 0xb, 0xff, 0x10, 0xaf, 0xf2, 0x0, 0x0,
    0x5f, 0xf6, 0xe, 0xfc, 0x0, 0x0, 0x0, 0xff,
    0xb3, 0xff, 0x60, 0x0, 0x0, 0x9, 0xff, 0x8f,
    0xf1, 0x0, 0x0, 0x0, 0x3f, 0xfe, 0xfb, 0x0,
    0x0, 0x0, 0x0, 0xdf, 0xff, 0x50, 0x0, 0x0,
    0x0, 0x7, 0xff, 0xf0, 0x0, 0x0, 0x0, 0x0,
    0x6f, 0xfa, 0x0, 0x0, 0x0, 0x0, 0xd, 0xff,
    0x30, 0x0, 0x0, 0x3, 0x4a, 0xff, 0xc0, 0x0,
    0x0, 0x0, 0xdf, 0xff, 0xf2, 0x0, 0x0, 0x0,
    0xc, 0xfe, 0xb2, 0x0, 0x0, 0x0, 0x0,

    /* U+007A "z" */
    0xa, 0xff, 0xff, 0xff, 0xfa, 0x0, 0xaf, 0xff,
    0xff, 0xff, 0xa0, 0x2, 0x33, 0x34, 0xef, 0xf7,
    0x0, 0x0, 0x0, 0x9f, 0xfb, 0x0, 0x0, 0x0,
    0x4f, 0xfe, 0x10, 0x0, 0x0, 0x1e, 0xff, 0x40,
    0x0, 0x0, 0xb, 0xff, 0x90, 0x0, 0x0, 0x7,
    0xff, 0xd0, 0x0, 0x0, 0x3, 0xff, 0xf2, 0x0,
    0x0, 0x0, 0xdf, 0xfa, 0x33, 0x33, 0x30, 0x2f,
    0xff, 0xff, 0xff, 0xff, 0x32, 0xff, 0xff, 0xff,
    0xff, 0xf3,

    /* U+007B "{" */
    0x0, 0x1, 0xae, 0xff, 0x10, 0x0, 0xbf, 0xff,
    0xf1, 0x0, 0xf, 0xff, 0x61, 0x0, 0x2, 0xff,
    0xc0, 0x0, 0x0, 0x3f, 0xfa, 0x0, 0x0, 0x3,
    0xff, 0xa0, 0x0, 0x0, 0x3f, 0xfa, 0x0, 0x0,
    0x3, 0xff, 0x90, 0x0, 0x0, 0x6f, 0xf8, 0x0,
    0x1, 0x5e, 0xff, 0x30, 0x0, 0xaf, 0xfd, 0x50,
    0x0, 0xa, 0xff, 0xf8, 0x0, 0x0, 0x3, 0xdf,
    0xf5, 0x0, 0x0, 0x5, 0xff, 0x90, 0x0, 0x0,
    0x3f, 0xfa, 0x0, 0x0, 0x3, 0xff, 0xa0, 0x0,
    0x0, 0x3f, 0xfa, 0x0, 0x0, 0x2, 0xff, 0xb0,
    0x0, 0x0, 0x1f, 0xff, 0x51, 0x0, 0x0, 0xcf,
    0xff, 0xf1, 0x0, 0x1, 0xae, 0xff, 0x10,

    /* U+007C "|" */
    0x5f, 0xf7, 0x5f, 0xf7, 0x5f, 0xf7, 0x5f, 0xf7,
    0x5f, 0xf7, 0x5f, 0xf7, 0x5f, 0xf7, 0x5f, 0xf7,
    0x5f, 0xf7, 0x5f, 0xf7, 0x5f, 0xf7, 0x5f, 0xf7,
    0x5f, 0xf7, 0x5f, 0xf7, 0x5f, 0xf7, 0x5f, 0xf7,
    0x5f, 0xf7, 0x5f, 0xf7, 0x5f, 0xf7, 0x5f, 0xf7,
    0x5f, 0xf7,

    /* U+007D "}" */
    0x8f, 0xfd, 0x60, 0x0, 0x8, 0xff, 0xff, 0x40,
    0x0, 0x2, 0xbf, 0xf9, 0x0, 0x0, 0x3, 0xff,
    0xb0, 0x0, 0x0, 0x1f, 0xfc, 0x0, 0x0, 0x1,
    0xff, 0xc0, 0x0, 0x0, 0x1f, 0xfc, 0x0, 0x0,
    0x1, 0xff, 0xc0, 0x0, 0x0, 0xf, 0xff, 0x0,
    0x0, 0x0, 0xaf, 0xfb, 0x30, 0x0, 0x0, 0x9f,
    0xff, 0x30, 0x0, 0x2c, 0xff, 0xf3, 0x0, 0xc,
    0xff, 0x81, 0x0, 0x0, 0xff, 0xe0, 0x0, 0x0,
    0x1f, 0xfc, 0x0, 0x0, 0x1, 0xff, 0xc0, 0x0,
    0x0, 0x1f, 0xfc, 0x0, 0x0, 0x2, 0xff, 0xb0,
    0x0, 0x2, 0xaf, 0xfa, 0x0, 0x8, 0xff, 0xff,
    0x50, 0x0, 0x8f, 0xfd, 0x60, 0x0, 0x0,

    /* U+007E "~" */
    0x0, 0x13, 0x30, 0x0, 0x0, 0x0, 0x1, 0xcf,
    0xff, 0xfd, 0x85, 0x46, 0xc0, 0x2f, 0xff, 0xff,
    0xff, 0xff, 0xff, 0x1, 0x72, 0x1, 0x48, 0xce,
    0xfd, 0x80,

    /* U+00A0 " " */

    /* U+00A1 "¡" */
    0xdf, 0xf4, 0xdf, 0xf4, 0xcf, 0xf3, 0x0, 0x0,
    0x0, 0x0, 0x9f, 0xe0, 0xaf, 0xf0, 0xaf, 0xf0,
    0xbf, 0xf0, 0xbf, 0xf0, 0xcf, 0xf1, 0xcf, 0xf1,
    0xdf, 0xf2, 0xdf, 0xf2, 0xef, 0xf3, 0xab, 0xb2,

    /* U+00A2 "¢" */
    0x0, 0x0, 0x9, 0xf2, 0x0, 0x0, 0x0, 0x0,
    0x9, 0xf2, 0x0, 0x0, 0x0, 0x18, 0xef, 0xff,
    0xb4, 0x0, 0x2, 0xef, 0xff, 0xff, 0xff, 0x70,
    0xb, 0xff, 0x89, 0xf5, 0xef, 0xf3, 0x2f, 0xfe,
    0x9, 0xf2, 0x5b, 0xb5, 0x5f, 0xfb, 0x9, 0xf2,
    0x0, 0x0, 0x6f, 0xf9, 0x9, 0xf2, 0x0, 0x0,
    0x6f, 0xfb, 0x9, 0xf2, 0x0, 0x0, 0x2f, 0xfe,
    0x9, 0xf2, 0x7f, 0xf9, 0xc, 0xff, 0xa9, 0xf5,
    0xef, 0xf3, 0x2, 0xef, 0xff, 0xff, 0xff, 0x60,
    0x0, 0x18, 0xdf, 0xfe, 0xa3, 0x0, 0x0, 0x0,
    0x9, 0xf2, 0x0, 0x0, 0x0, 0x0, 0x9, 0xf2,
    0x0, 0x0,

    /* U+00A3 "£" */
    0x0, 0x1, 0x9e, 0xfe, 0xb3, 0x0, 0x0, 0x1,
    0xef, 0xff, 0xff, 0xf4, 0x0, 0x0, 0x8f, 0xf9,
    0x24, 0xef, 0xc0, 0x0, 0xc, 0xff, 0x10, 0x5,
    0x74, 0x0, 0x0, 0xdf, 0xf0, 0x0, 0x0, 0x0,
    0x0, 0xd, 0xff, 0x0, 0x0, 0x0, 0x0, 0x0,
    0xdf, 0xf0, 0x0, 0x0, 0x0, 0xc, 0xff, 0xff,
    0xff, 0xf0, 0x0, 0x0, 0xad, 0xff, 0xfd, 0xdd,
    0x0, 0x0, 0x0, 0xc, 0xfe, 0x0, 0x0, 0x0,
    0x0, 0x0, 0xdf, 0xd0, 0x0, 0x1, 0x0, 0x0,
    0x3f, 0xf6, 0x0, 0x0, 0xcf, 0xc0, 0x4e, 0xfa,
    0x44, 0x45, 0xaf, 0xf9, 0xa, 0xff, 0xff, 0xff,
    0xff, 0xfd, 0x10, 0xaf, 0xff, 0xff, 0xff, 0xe9,
    0x10, 0x0,

    /* U+00A4 "¤" */
    0x1, 0x80, 0x0, 0x0, 0x6, 0x40, 0x1d, 0xfa,
    0xae, 0xfc, 0x8f, 0xf3, 0xb, 0xff, 0xff, 0xff,
    0xff, 0xe2, 0x1, 0xff, 0xf9, 0x8e, 0xff, 0x40,
    0x5, 0xff, 0x40, 0x1, 0xff, 0x90, 0x8, 0xfe,
    0x0, 0x0, 0xbf, 0xc0, 0x7, 0xff, 0x10, 0x0,
    0xdf, 0xb0, 0x3, 0xff, 0xb2, 0x19, 0xff, 0x60,
    0x5, 0xff, 0xff, 0xff, 0xff, 0x90, 0x2f, 0xff,
    0xff, 0xff, 0xff, 0xf5, 0x8, 0xe2, 0x26, 0x63,
    0x1c, 0xa0, 0x0, 0x10, 0x0, 0x0, 0x1, 0x0,

    /* U+00A5 "¥" */
    0xaf, 0xf6, 0x0, 0x0, 0x3f, 0xfd, 0x2, 0xff,
    0xe0, 0x0, 0xb, 0xff, 0x50, 0x9, 0xff, 0x50,
    0x2, 0xff, 0xd0, 0x0, 0x1f, 0xfd, 0x0, 0xaf,
    0xf4, 0x0, 0x0, 0x8f, 0xf4, 0x2f, 0xfc, 0x0,
    0x0, 0x1, 0xff, 0xc9, 0xff, 0x30, 0x0, 0x0,
    0x7, 0xff, 0xff, 0xb0, 0x0, 0x0, 0x89, 0xaf,
    0xff, 0xfb, 0x99, 0x10, 0xf, 0xff, 0xff, 0xff,
    0xff, 0xf3, 0x0, 0x0, 0x5, 0xff, 0x90, 0x0,
    0x0, 0x0, 0x0, 0x5f, 0xf9, 0x0, 0x0, 0x0,
    0xff, 0xff, 0xff, 0xff, 0xff, 0x30, 0x9, 0x99,
    0xbf, 0xfd, 0x99, 0x91, 0x0, 0x0, 0x5, 0xff,
    0x90, 0x0, 0x0, 0x0, 0x0, 0x5f, 0xf9, 0x0,
    0x0, 0x0,

    /* U+00A6 "¦" */
    0x5f, 0xf7, 0x5f, 0xf7, 0x5f, 0xf7, 0x5f, 0xf7,
    0x5f, 0xf7, 0x5f, 0xf7, 0x5f, 0xf7, 0x5f, 0xf7,
    0x27, 0x73, 0x0, 0x0, 0x0, 0x0, 0x0, 0x0,
    0x27, 0x73, 0x5f, 0xf7, 0x5f, 0xf7, 0x5f, 0xf7,
    0x5f, 0xf7, 0x5f, 0xf7, 0x5f, 0xf7, 0x5f, 0xf7,
    0x5f, 0xf7,

    /* U+00A7 "§" */
    0x0, 0x29, 0xdf, 0xfd, 0xa3, 0x0, 0x2, 0xef,
    0xfe, 0xef, 0xff, 0x50, 0x9, 0xff, 0x30, 0x2,
    0xdf, 0xd0, 0xb, 0xfe, 0x0, 0x0, 0x12, 0x0,
    0x7, 0xff, 0xc5, 0x10, 0x0, 0x0, 0x0, 0xbf,
    0xff, 0xfc, 0x81, 0x0, 0x0, 0x6f, 0xff, 0xff,
    0xff, 0x60, 0x8, 0xff, 0x62, 0x49, 0xff, 0xf1,
    0xf, 0xfa, 0x0, 0x0, 0x6f, 0xf4, 0xe, 0xfd,
    0x20, 0x0, 0x5f, 0xf2, 0x8, 0xff, 0xfc, 0x9a,
    0xff, 0x90, 0x0, 0x7e, 0xff, 0xff, 0xfa, 0x0,
    0x0, 0x0, 0x48, 0xcf, 0xff, 0x80, 0x0, 0x0,
    0x0, 0x2, 0xcf, 0xf1, 0x14, 0x71, 0x0, 0x0,
    0x6f, 0xf2, 0x2f, 0xfb, 0x10, 0x1, 0xbf, 0xe0,
    0x8, 0xff, 0xfe, 0xef, 0xff, 0x50, 0x0, 0x5b,
    0xef, 0xfe, 0xa3, 0x0,

    /* U+00A8 "¨" */
    0x56, 0x20, 0x16, 0x61, 0xdf, 0x70, 0x2f, 0xf2,
    0xdf, 0x70, 0x2f, 0xf2,

    /* U+00A9 "©" */
    0x0, 0x0, 0x0, 0x0, 0x0, 0x0, 0x0, 0x0,
    0x0, 0x0, 0x18, 0xdf, 0xfe, 0x93, 0x0, 0x0,
    0x0, 0x5, 0xfd, 0x74, 0x46, 0xcf, 0x80, 0x0,
    0x0, 0x7f, 0x70, 0x0, 0x0, 0x4, 0xea, 0x0,
    0x3, 0xf5, 0x0, 0x0, 0x0, 0x0, 0x2f, 0x70,
    0xd, 0x90, 0x4, 0xbf, 0xfc, 0x50, 0x5, 0xf1,
    0x3f, 0x20, 0x4f, 0xfa, 0x9e, 0xf5, 0x0, 0xd7,
    0x7c, 0x0, 0xcf, 0x50, 0x1, 0xc8, 0x0, 0x8b,
    0x9a, 0x0, 0xff, 0x0, 0x0, 0x0, 0x0, 0x6d,
    0x9a, 0x1, 0xfd, 0x0, 0x0, 0x0, 0x0, 0x6d,
    0x7c, 0x0, 0xff, 0x0, 0x0, 0x0, 0x0, 0x8b,
    0x4f, 0x10, 0xbf, 0x60, 0x1, 0xda, 0x0, 0xc8,
    0xd, 0x70, 0x3f, 0xfb, 0x9e, 0xf6, 0x3, 0xf2,
    0x5, 0xf2, 0x3, 0xbf, 0xfc, 0x50, 0xd, 0x90,
    0x0, 0x9e, 0x30, 0x0, 0x0, 0x1, 0xcd, 0x0,
    0x0, 0x8, 0xfa, 0x41, 0x13, 0x8f, 0xb1, 0x0,
    0x0, 0x0, 0x4b, 0xff, 0xff, 0xc5, 0x0, 0x0,
    0x0, 0x0, 0x0, 0x2, 0x21, 0x0, 0x0, 0x0,

    /* U+00AA "ª" */
    0x0, 0x0, 0x0, 0x0, 0x0, 0x3c, 0xff, 0xc3,
    0x0, 0xe, 0xf6, 0x6f, 0xd0, 0x0, 0x43, 0x0,
    0xef, 0x0, 0x7, 0xce, 0xef, 0xf1, 0x5, 0xfc,
    0x21, 0xff, 0x10, 0x7f, 0xb2, 0x8f, 0xf4, 0x2,
    0xef, 0xf9, 0x9f, 0xf2, 0x0, 0x32, 0x0, 0x32,
    0x0,

    /* U+00AB "«" */
    0x0, 0x5, 0xbb, 0x20, 0x6b, 0xb1, 0x0, 0x2f,
    0xfb, 0x2, 0xff, 0xa0, 0x0, 0xcf, 0xf1, 0xd,
    0xfe, 0x10, 0x7, 0xff, 0x60, 0x8f, 0xf4, 0x0,
    0xf, 0xfc, 0x0, 0xff, 0xb0, 0x0, 0xb, 0xff,
    0x20, 0xcf, 0xf1, 0x0, 0x1, 0xef, 0xc0, 0x2f,
    0xfc, 0x0, 0x0, 0x4f, 0xf8, 0x6, 0xff, 0x70,
    0x0, 0x9, 0xff, 0x20, 0xaf, 0xf2,

    /* U+00AC "¬" */
    0x7, 0x77, 0x77, 0x77, 0x77, 0x76, 0x1f, 0xff,
    0xff, 0xff, 0xff, 0xff, 0x1f, 0xff, 0xff, 0xff,
    0xff, 0xff, 0x0, 0x0, 0x0, 0x0, 0x7, 0xff,
    0x0, 0x0, 0x0, 0x0, 0x7, 0xff, 0x0, 0x0,
    0x0, 0x0, 0x7, 0xff, 0x0, 0x0, 0x0, 0x0,
    0x7, 0xff, 0x0, 0x0, 0x0, 0x0, 0x3, 0x87,

    /* U+00AD "­" */
    0x1a, 0xaa, 0xaa, 0x42, 0xff, 0xff, 0xf7, 0x2f,
    0xff, 0xff, 0x70,

    /* U+00AE "®" */
    0x0, 0x0, 0x0, 0x0, 0x0, 0x0, 0x0, 0x0,
    0x0, 0x0, 0x18, 0xdf, 0xfe, 0x93, 0x0, 0x0,
    0x0, 0x5, 0xfd, 0x74, 0x46, 0xcf, 0x80, 0x0,
    0x0, 0x7f, 0x70, 0x0, 0x0, 0x4, 0xea, 0x0,
    0x3, 0xf5, 0x1, 0x11, 0x10, 0x0, 0x2f, 0x70,
    0xd, 0x90, 0x2f, 0xff, 0xff, 0x80, 0x5, 0xf1,
    0x3f, 0x20, 0x2f, 0xd4, 0x5c, 0xf6, 0x0, 0xd7,
    0x7c, 0x0, 0x2f, 0xc0, 0x5, 0xf9, 0x0, 0x8b,
    0x9a, 0x0, 0x2f, 0xc1, 0x2b, 0xf7, 0x0, 0x6d,
    0x9a, 0x0, 0x2f, 0xff, 0xff, 0xa0, 0x0, 0x6d,
    0x7c, 0x0, 0x2f, 0xd4, 0xdf, 0x10, 0x0, 0x8b,
    0x4f, 0x10, 0x2f, 0xc0, 0x5f, 0xa0, 0x0, 0xc8,
    0xd, 0x70, 0x2f, 0xc0, 0xc, 0xf4, 0x3, 0xf2,
    0x5, 0xf2, 0x2c, 0x90, 0x3, 0xca, 0xd, 0x90,
    0x0, 0x9e, 0x30, 0x0, 0x0, 0x1, 0xcd, 0x0,
    0x0, 0x8, 0xfa, 0x41, 0x13, 0x8f, 0xb1, 0x0,
    0x0, 0x0, 0x4b, 0xff, 0xff, 0xc5, 0x0, 0x0,
    0x0, 0x0, 0x0, 0x2, 0x21, 0x0, 0x0, 0x0,

    /* U+00AF "¯" */
    0x2e, 0xee, 0xee, 0xee, 0xee, 0xee, 0xe4, 0x1,
    0x11, 0x11, 0x11, 0x11, 0x11, 0x10,

    /* U+00B0 "°" */
    0x0, 0x6d, 0xfc, 0x40, 0x6, 0xfe, 0xaf, 0xf2,
    0xd, 0xe0, 0x2, 0xfa, 0xf, 0xa0, 0x0, 0xed,
    0xd, 0xe0, 0x2, 0xfb, 0x5, 0xfd, 0xae, 0xf3,
    0x0, 0x6d, 0xfc, 0x40,

    /* U+00B1 "±" */
    0x0, 0x0, 0x2d, 0xd3, 0x0, 0x0, 0x0, 0x0,
    0x2f, 0xf3, 0x0, 0x0, 0x0, 0x0, 0x2f, 0xf3,
    0x0, 0x0, 0x0, 0x0, 0x2f, 0xf3, 0x0, 0x0,
    0x7f, 0xff, 0xff, 0xff, 0xff, 0xf9, 0x7f, 0xff,
    0xff, 0xff, 0xff, 0xf9, 0x37, 0x77, 0x8f, 0xf9,
    0x77, 0x73, 0x0, 0x0, 0x2f, 0xf3, 0x0, 0x0,
    0x0, 0x0, 0x2f, 0xf3, 0x0, 0x0, 0x0, 0x0,
    0x2f, 0xf3, 0x0, 0x0, 0x0, 0x0, 0x0, 0x0,
    0x0, 0x0, 0x36, 0x66, 0x66, 0x66, 0x66, 0x63,
    0x7f, 0xff, 0xff, 0xff, 0xff, 0xf9, 0x7f, 0xff,
    0xff, 0xff, 0xff, 0xf9,

    /* U+00B2 "²" */
    0x0, 0x1, 0x0, 0x0, 0x4e, 0xff, 0xb0, 0x1f,
    0xf5, 0xbf, 0x81, 0x54, 0x7, 0xfa, 0x0, 0x3,
    0xef, 0x40, 0x7, 0xff, 0x50, 0x9, 0xfc, 0x20,
    0x4, 0xff, 0x98, 0x87, 0x7f, 0xff, 0xff, 0xd0,

    /* U+00B3 "³" */
    0x0, 0x1, 0x0, 0x0, 0x5e, 0xff, 0xa0, 0x2f,
    0xe6, 0xcf, 0x71, 0x32, 0x6, 0xf9, 0x0, 0x2,
    0xbf, 0x50, 0x4, 0xff, 0xa0, 0x1, 0x14, 0x9f,
    0x95, 0xfc, 0x26, 0xfc, 0xa, 0xff, 0xff, 0x40,
    0x2, 0x43, 0x0,

    /* U+00B4 "´" */
    0x0, 0x4, 0x88, 0x30, 0x3, 0xff, 0xb0, 0x2,
    0xef, 0x80, 0x0, 0xdf, 0x60, 0x0,

    /* U+00B5 "µ" */
    0x9f, 0xf7, 0x0, 0xc, 0xff, 0x49, 0xff, 0x70,
    0x0, 0xcf, 0xf4, 0x9f, 0xf7, 0x0, 0xc, 0xff,
    0x49, 0xff, 0x70, 0x0, 0xcf, 0xf4, 0x9f, 0xf7,
    0x0, 0xc, 0xff, 0x49, 0xff, 0x70, 0x0, 0xcf,
    0xf4, 0x9f, 0xf7, 0x0, 0xc, 0xff, 0x49, 0xff,
    0x80, 0x0, 0xdf, 0xf4, 0x9f, 0xfb, 0x0, 0x1f,
    0xff, 0x49, 0xff, 0xf9, 0x6c, 0xff, 0xf4, 0x9f,
    0xff, 0xff, 0xfd, 0xff, 0x49, 0xff, 0x9d, 0xf7,
    0x9f, 0xf5, 0x9f, 0xf7, 0x0, 0x0, 0x0, 0x9,
    0xff, 0x70, 0x0, 0x0, 0x0, 0x9f, 0xf7, 0x0,
    0x0, 0x0, 0x9, 0xff, 0x70, 0x0, 0x0, 0x0,
    0x9f, 0xf7, 0x0, 0x0, 0x0, 0x0,

    /* U+00B6 "¶" */
    0x0, 0x7d, 0xff, 0xff, 0xff, 0xf8, 0x8, 0xff,
    0xff, 0xb8, 0xcf, 0x94, 0xf, 0xff, 0xff, 0x50,
    0x9f, 0x10, 0x3f, 0xff, 0xff, 0x50, 0x9f, 0x10,
    0x2f, 0xff, 0xff, 0x50, 0x9f, 0x10, 0xe, 0xff,
    0xff, 0x50, 0x9f, 0x10, 0x5, 0xff, 0xff, 0x50,
    0x9f, 0x10, 0x0, 0x28, 0xcf, 0x50, 0x9f, 0x10,
    0x0, 0x0, 0x5f, 0x50, 0x9f, 0x10, 0x0, 0x0,
    0x5f, 0x50, 0x9f, 0x10, 0x0, 0x0, 0x5f, 0x50,
    0x9f, 0x10, 0x0, 0x0, 0x5f, 0x50, 0x9f, 0x10,
    0x0, 0x0, 0x5f, 0x50, 0x9f, 0x10, 0x0, 0x0,
    0x5f, 0x50, 0x9f, 0x10, 0x0, 0x0, 0x5f, 0x50,
    0x9f, 0x10, 0x0, 0x0, 0x5f, 0x50, 0x9f, 0x10,
    0x0, 0x0, 0x5f, 0x50, 0x9f, 0x10, 0x0, 0x0,
    0x5f, 0x50, 0x9f, 0x10, 0x0, 0x0, 0x0, 0x0,
    0x0, 0x0,

    /* U+00B7 "·" */
    0x25, 0x53, 0x7f, 0xf9, 0x7f, 0xf9, 0x7f, 0xf9,

    /* U+00B8 "¸" */
    0xf, 0x90, 0x4, 0xef, 0xd1, 0x11, 0xcf, 0x4f,
    0xff, 0xb0, 0x22, 0x10, 0x0,

    /* U+00B9 "¹" */
    0x0, 0x7c, 0x90, 0x0, 0xce, 0xfd, 0x0, 0x9,
    0x3f, 0xd0, 0x0, 0x2, 0xfd, 0x0, 0x0, 0x2f,
    0xd0, 0x0, 0x2, 0xfd, 0x0, 0x1, 0x3f, 0xd1,
    0x2, 0xff, 0xff, 0xfa, 0x4, 0x44, 0x44, 0x20,

    /* U+00BA "º" */
    0x0, 0x48, 0x85, 0x0, 0x9, 0xff, 0xff, 0xb0,
    0x2f, 0xf2, 0x1d, 0xf5, 0x6f, 0xa0, 0x8, 0xf8,
    0x7f, 0xa0, 0x8, 0xf9, 0x5f, 0xc0, 0xb, 0xf7,
    0xd, 0xfb, 0xaf, 0xe1, 0x1, 0xae, 0xfb, 0x20,

    /* U+00BB "»" */
    0xab, 0x90, 0xa, 0xb8, 0x0, 0x7, 0xff, 0x60,
    0x8f, 0xf5, 0x0, 0xb, 0xff, 0x20, 0xcf, 0xe1,
    0x0, 0x1f, 0xfc, 0x2, 0xff, 0xb0, 0x0, 0x7f,
    0xf4, 0x8, 0xff, 0x30, 0xc, 0xfe, 0x10, 0xdf,
    0xe1, 0x8, 0xff, 0x50, 0x9f, 0xf4, 0x3, 0xff,
    0x90, 0x4f, 0xf8, 0x0, 0xdf, 0xd0, 0xe, 0xfd,
    0x0, 0x0,

    /* U+00BC "¼" */
    0x7, 0xdc, 0x0, 0x0, 0x0, 0x0, 0xcd, 0x20,
    0x0, 0xb, 0xef, 0xf0, 0x0, 0x0, 0x0, 0x8f,
    0xa0, 0x0, 0x0, 0x81, 0xff, 0x0, 0x0, 0x0,
    0x2f, 0xe1, 0x0, 0x0, 0x0, 0xf, 0xf0, 0x0,
    0x0, 0xc, 0xf6, 0x0, 0x0, 0x0, 0x0, 0xff,
    0x0, 0x0, 0x5, 0xfc, 0x0, 0x0, 0x0, 0x0,
    0xf, 0xf0, 0x0, 0x1, 0xef, 0x20, 0x0, 0x0,
    0x0, 0x1, 0xff, 0x10, 0x0, 0x9f, 0x80, 0x0,
    0x0, 0x0, 0xf, 0xff, 0xff, 0xc0, 0x3f, 0xe0,
    0x0, 0x0, 0x0, 0x0, 0x34, 0x44, 0x43, 0xd,
    0xf5, 0x0, 0x0, 0x0, 0x0, 0x0, 0x0, 0x0,
    0x7, 0xfb, 0x0, 0x0, 0x0, 0x0, 0x0, 0x0,
    0x0, 0x1, 0xff, 0x20, 0x0, 0x0, 0x6f, 0xf5,
    0x0, 0x0, 0x0, 0xaf, 0x70, 0x0, 0x0, 0x4f,
    0xef, 0x60, 0x0, 0x0, 0x4f, 0xd0, 0x0, 0x0,
    0x3f, 0x8a, 0xf6, 0x0, 0x0, 0xd, 0xf4, 0x0,
    0x0, 0x2e, 0xa0, 0xaf, 0x60, 0x0, 0x8, 0xfa,
    0x0, 0x0, 0x1e, 0xb0, 0xa, 0xf6, 0x0, 0x1,
    0xcc, 0x10, 0x0, 0x7, 0xff, 0xff, 0xff, 0xfc,
    0x0, 0x0, 0x0, 0x0, 0x0, 0x12, 0x22, 0x2b,
    0xf7, 0x20, 0x0, 0x0, 0x0, 0x0, 0x0, 0x0,
    0x0, 0x6a, 0x40,

    /* U+00BD "½" */
    0x0, 0x22, 0x0, 0x0, 0x0, 0x0, 0x22, 0x0,
    0x1, 0xcf, 0xf0, 0x0, 0x0, 0x0, 0x5f, 0xd0,
    0x0, 0xdb, 0xff, 0x0, 0x0, 0x0, 0xe, 0xf3,
    0x0, 0x5, 0xf, 0xf0, 0x0, 0x0, 0x9, 0xf9,
    0x0, 0x0, 0x0, 0xff, 0x0, 0x0, 0x3, 0xfe,
    0x10, 0x0, 0x0, 0xf, 0xf0, 0x0, 0x0, 0xcf,
    0x50, 0x0, 0x0, 0x0, 0xff, 0x0, 0x0, 0x7f,
    0xb0, 0x0, 0x0, 0x0, 0x1f, 0xf1, 0x0, 0x1f,
    0xf2, 0x0, 0x0, 0x0, 0xff, 0xff, 0xfc, 0xa,
    0xf7, 0xa, 0xff, 0xd4, 0x3, 0x44, 0x44, 0x34,
    0xfd, 0xa, 0xf9, 0x6f, 0xf0, 0x0, 0x0, 0x0,
    0xef, 0x30, 0x45, 0x10, 0xff, 0x20, 0x0, 0x0,
    0x8f, 0x90, 0x0, 0x0, 0x8f, 0xd0, 0x0, 0x0,
    0x2f, 0xe1, 0x0, 0x0, 0xaf, 0xe2, 0x0, 0x0,
    0xc, 0xf6, 0x0, 0x1, 0xdf, 0xb1, 0x0, 0x0,
    0x6, 0xfc, 0x0, 0x0, 0xaf, 0xc2, 0x22, 0x0,
    0x1, 0xef, 0x20, 0x0, 0xf, 0xff, 0xff, 0xf5,
    0x0, 0x25, 0x30, 0x0, 0x0, 0x55, 0x55, 0x55,
    0x10,

    /* U+00BE "¾" */
    0x8, 0xef, 0xd4, 0x0, 0x0, 0x1, 0xef, 0x20,
    0x0, 0x8, 0xfa, 0x4f, 0xf1, 0x0, 0x0, 0x9f,
    0x80, 0x0, 0x0, 0x11, 0x0, 0xcf, 0x30, 0x0,
    0x3f, 0xe0, 0x0, 0x0, 0x0, 0x0, 0x3f, 0xe0,
    0x0, 0xd, 0xf5, 0x0, 0x0, 0x0, 0x0, 0xaf,
    0xf5, 0x0, 0x7, 0xfb, 0x0, 0x0, 0x0, 0x0,
    0x2, 0x5d, 0xf4, 0x1, 0xff, 0x20, 0x0, 0x0,
    0x0, 0xbf, 0x82, 0xbf, 0x60, 0xaf, 0x70, 0x0,
    0x0, 0x0, 0x2, 0xdf, 0xff, 0xc1, 0x4f, 0xd0,
    0x0, 0x0, 0x0, 0x0, 0x0, 0x24, 0x20, 0xd,
    0xf4, 0x0, 0x0, 0x0, 0x0, 0x0, 0x0, 0x0,
    0x7, 0xfa, 0x0, 0x0, 0x0, 0x0, 0x0, 0x0,
    0x0, 0x2, 0xff, 0x10, 0x0, 0x0, 0x7f, 0xf6,
    0x0, 0x0, 0x0, 0xbf, 0x70, 0x0, 0x0, 0x5f,
    0xdf, 0x60, 0x0, 0x0, 0x4f, 0xd0, 0x0, 0x0,
    0x4f, 0x8a, 0xf6, 0x0, 0x0, 0xe, 0xf3, 0x0,
    0x0, 0x2f, 0x90, 0xaf, 0x60, 0x0, 0x8, 0xfa,
    0x0, 0x0, 0x1e, 0xb0, 0xa, 0xf6, 0x0, 0x1,
    0xcc, 0x10, 0x0, 0x7, 0xff, 0xff, 0xff, 0xfc,
    0x0, 0x0, 0x0, 0x0, 0x0, 0x12, 0x22, 0x2b,
    0xf7, 0x20, 0x0, 0x0, 0x0, 0x0, 0x0, 0x0,
    0x0, 0x6a, 0x40,

    /* U+00BF "¿" */
    0x0, 0x0, 0x6f, 0xfb, 0x0, 0x0, 0x0, 0x0,
    0x6f, 0xfb, 0x0, 0x0, 0x0, 0x0, 0x6f, 0xfa,
    0x0, 0x0, 0x0, 0x0, 0x0, 0x0, 0x0, 0x0,
    0x0, 0x0, 0x16, 0x63, 0x0, 0x0, 0x0, 0x0,
    0x8f, 0xf6, 0x0, 0x0, 0x0, 0x5, 0xff, 0xe1,
    0x0, 0x0, 0x0, 0x8f, 0xfe, 0x30, 0x0, 0x0,
    0xb, 0xff, 0xd2, 0x0, 0x0, 0x0, 0x6f, 0xfd,
    0x0, 0x0, 0x0, 0x0, 0xbf, 0xf5, 0x0, 0x0,
    0x24, 0x41, 0xbf, 0xf5, 0x0, 0x0, 0xef, 0xf3,
    0x8f, 0xfd, 0x30, 0x2b, 0xff, 0xd0, 0x1e, 0xff,
    0xff, 0xff, 0xff, 0x40, 0x2, 0xcf, 0xff, 0xff,
    0xd4, 0x0, 0x0, 0x2, 0x56, 0x63, 0x0, 0x0,

    /* U+00C0 "À" */
    0x0, 0x0, 0x4f, 0xfc, 0x0, 0x0, 0x0, 0x0,
    0x0, 0x0, 0x4, 0xef, 0xa0, 0x0, 0x0, 0x0,
    0x0, 0x0, 0x0, 0x2d, 0xf8, 0x0, 0x0, 0x0,
    0x0, 0x0, 0x0, 0x0, 0x77, 0x0, 0x0, 0x0,
    0x0, 0x0, 0x0, 0x0, 0x0, 0x0, 0x0, 0x0,
    0x0, 0x0, 0x2, 0xff, 0xff, 0x0, 0x0, 0x0,
    0x0, 0x0, 0x7, 0xff, 0xff, 0x50, 0x0, 0x0,
    0x0, 0x0, 0xd, 0xfc, 0xef, 0xb0, 0x0, 0x0,
    0x0, 0x0, 0x3f, 0xf7, 0x9f, 0xf1, 0x0, 0x0,
    0x0, 0x0, 0x9f, 0xf2, 0x4f, 0xf7, 0x0, 0x0,
    0x0, 0x0, 0xef, 0xc0, 0xe, 0xfd, 0x0, 0x0,
    0x0, 0x5, 0xff, 0x70, 0x9, 0xff, 0x30, 0x0,
    0x0, 0xb, 0xff, 0x20, 0x3, 0xff, 0x80, 0x0,
    0x0, 0x1f, 0xfe, 0x66, 0x66, 0xff, 0xe0, 0x0,
    0x0, 0x6f, 0xff, 0xff, 0xff, 0xff, 0xf4, 0x0,
    0x0, 0xcf, 0xff, 0xff, 0xff, 0xff, 0xfa, 0x0,
    0x2, 0xff, 0xe0, 0x0, 0x0, 0xf, 0xff, 0x0,
    0x8, 0xff, 0x80, 0x0, 0x0, 0xa, 0xff, 0x60,
    0xe, 0xff, 0x30, 0x0, 0x0, 0x5, 0xff, 0xc0,
    0x4f, 0xfe, 0x0, 0x0, 0x0, 0x0, 0xff, 0xf2,

    /* U+00C1 "Á" */
    0x0, 0x0, 0x0, 0x0, 0x9f, 0xf8, 0x0, 0x0,
    0x0, 0x0, 0x0, 0x7, 0xff, 0x70, 0x0, 0x0,
    0x0, 0x0, 0x0, 0x5f, 0xe4, 0x0, 0x0, 0x0,
    0x0, 0x0, 0x0, 0x67, 0x20, 0x0, 0x0, 0x0,
    0x0, 0x0, 0x0, 0x0, 0x0, 0x0, 0x0, 0x0,
    0x0, 0x0, 0x2, 0xff, 0xff, 0x0, 0x0, 0x0,
    0x0, 0x0, 0x7, 0xff, 0xff, 0x50, 0x0, 0x0,
    0x0, 0x0, 0xd, 0xfc, 0xef, 0xb0, 0x0, 0x0,
    0x0, 0x0, 0x3f, 0xf7, 0x9f, 0xf1, 0x0, 0x0,
    0x0, 0x0, 0x9f, 0xf2, 0x4f, 0xf7, 0x0, 0x0,
    0x0, 0x0, 0xef, 0xc0, 0xe, 0xfd, 0x0, 0x0,
    0x0, 0x5, 0xff, 0x70, 0x9, 0xff, 0x30, 0x0,
    0x0, 0xb, 0xff, 0x20, 0x3, 0xff, 0x80, 0x0,
    0x0, 0x1f, 0xfe, 0x66, 0x66, 0xff, 0xe0, 0x0,
    0x0, 0x6f, 0xff, 0xff, 0xff, 0xff, 0xf4, 0x0,
    0x0, 0xcf, 0xff, 0xff, 0xff, 0xff, 0xfa, 0x0,
    0x2, 0xff, 0xe0, 0x0, 0x0, 0xf, 0xff, 0x0,
    0x8, 0xff, 0x80, 0x0, 0x0, 0xa, 0xff, 0x60,
    0xe, 0xff, 0x30, 0x0, 0x0, 0x5, 0xff, 0xc0,
    0x4f, 0xfe, 0x0, 0x0, 0x0, 0x0, 0xff, 0xf2,

    /* U+00C2 "Â" */
    0x0, 0x0, 0x0, 0xaf, 0xf9, 0x0, 0x0, 0x0,
    0x0, 0x0, 0x9, 0xff, 0xff, 0x70, 0x0, 0x0,
    0x0, 0x0, 0x7f, 0xd2, 0x3e, 0xf5, 0x0, 0x0,
    0x0, 0x0, 0x77, 0x0, 0x1, 0x76, 0x0, 0x0,
    0x0, 0x0, 0x0, 0x0, 0x0, 0x0, 0x0, 0x0,
    0x0, 0x0, 0x2, 0xff, 0xff, 0x0, 0x0, 0x0,
    0x0, 0x0, 0x7, 0xff, 0xff, 0x50, 0x0, 0x0,
    0x0, 0x0, 0xd, 0xfc, 0xef, 0xb0, 0x0, 0x0,
    0x0, 0x0, 0x3f, 0xf7, 0x9f, 0xf1, 0x0, 0x0,
    0x0, 0x0, 0x9f, 0xf2, 0x4f, 0xf7, 0x0, 0x0,
    0x0, 0x0, 0xef, 0xc0, 0xe, 0xfd, 0x0, 0x0,
    0x0, 0x5, 0xff, 0x70, 0x9, 0xff, 0x30, 0x0,
    0x0, 0xb, 0xff, 0x20, 0x3, 0xff, 0x80, 0x0,
    0x0, 0x1f, 0xfe, 0x66, 0x66, 0xff, 0xe0, 0x0,
    0x0, 0x6f, 0xff, 0xff, 0xff, 0xff, 0xf4, 0x0,
    0x0, 0xcf, 0xff, 0xff, 0xff, 0xff, 0xfa, 0x0,
    0x2, 0xff, 0xe0, 0x0, 0x0, 0xf, 0xff, 0x0,
    0x8, 0xff, 0x80, 0x0, 0x0, 0xa, 0xff, 0x60,
    0xe, 0xff, 0x30, 0x0, 0x0, 0x5, 0xff, 0xc0,
    0x4f, 0xfe, 0x0, 0x0, 0x0, 0x0, 0xff, 0xf2,

    /* U+00C3 "Ã" */
    0x0, 0x0, 0x3c, 0xc8, 0x20, 0x7d, 0x0, 0x0,
    0x0, 0x0, 0xef, 0xff, 0xfe, 0xfd, 0x0, 0x0,
    0x0, 0x3, 0xf7, 0x15, 0xbf, 0xd3, 0x0, 0x0,
    0x0, 0x0, 0x0, 0x0, 0x0, 0x0, 0x0, 0x0,
    0x0, 0x0, 0x0, 0x0, 0x0, 0x0, 0x0, 0x0,
    0x0, 0x0, 0x2, 0xff, 0xff, 0x0, 0x0, 0x0,
    0x0, 0x0, 0x7, 0xff, 0xff, 0x50, 0x0, 0x0,
    0x0, 0x0, 0xd, 0xfc, 0xef, 0xb0, 0x0, 0x0,
    0x0, 0x0, 0x3f, 0xf7, 0x9f, 0xf1, 0x0, 0x0,
    0x0, 0x0, 0x9f, 0xf2, 0x4f, 0xf7, 0x0, 0x0,
    0x0, 0x0, 0xef, 0xc0, 0xe, 0xfd, 0x0, 0x0,
    0x0, 0x5, 0xff, 0x70, 0x9, 0xff, 0x30, 0x0,
    0x0, 0xb, 0xff, 0x20, 0x3, 0xff, 0x80, 0x0,
    0x0, 0x1f, 0xfe, 0x66, 0x66, 0xff, 0xe0, 0x0,
    0x0, 0x6f, 0xff, 0xff, 0xff, 0xff, 0xf4, 0x0,
    0x0, 0xcf, 0xff, 0xff, 0xff, 0xff, 0xfa, 0x0,
    0x2, 0xff, 0xe0, 0x0, 0x0, 0xf, 0xff, 0x0,
    0x8, 0xff, 0x80, 0x0, 0x0, 0xa, 0xff, 0x60,
    0xe, 0xff, 0x30, 0x0, 0x0, 0x5, 0xff, 0xc0,
    0x4f, 0xfe, 0x0, 0x0, 0x0, 0x0, 0xff, 0xf2,

    /* U+00C4 "Ä" */
    0x0, 0x0, 0x8f, 0x80, 0xa, 0xf7, 0x0, 0x0,
    0x0, 0x0, 0x8f, 0x80, 0xa, 0xf7, 0x0, 0x0,
    0x0, 0x0, 0x36, 0x30, 0x4, 0x62, 0x0, 0x0,
    0x0, 0x0, 0x0, 0x0, 0x0, 0x0, 0x0, 0x0,
    0x0, 0x0, 0x2, 0xff, 0xff, 0x0, 0x0, 0x0,
    0x0, 0x0, 0x7, 0xff, 0xff, 0x50, 0x0, 0x0,
    0x0, 0x0, 0xd, 0xfc, 0xef, 0xb0, 0x0, 0x0,
    0x0, 0x0, 0x3f, 0xf7, 0x9f, 0xf1, 0x0, 0x0,
    0x0, 0x0, 0x9f, 0xf2, 0x4f, 0xf7, 0x0, 0x0,
    0x0, 0x0, 0xef, 0xc0, 0xe, 0xfd, 0x0, 0x0,
    0x0, 0x5, 0xff, 0x70, 0x9, 0xff, 0x30, 0x0,
    0x0, 0xb, 0xff, 0x20, 0x3, 0xff, 0x80, 0x0,
    0x0, 0x1f, 0xfe, 0x66, 0x66, 0xff, 0xe0, 0x0,
    0x0, 0x6f, 0xff, 0xff, 0xff, 0xff, 0xf4, 0x0,
    0x0, 0xcf, 0xff, 0xff, 0xff, 0xff, 0xfa, 0x0,
    0x2, 0xff, 0xe0, 0x0, 0x0, 0xf, 0xff, 0x0,
    0x8, 0xff, 0x80, 0x0, 0x0, 0xa, 0xff, 0x60,
    0xe, 0xff, 0x30, 0x0, 0x0, 0x5, 0xff, 0xc0,
    0x4f, 0xfe, 0x0, 0x0, 0x0, 0x0, 0xff, 0xf2,

    /* U+00C5 "Å" */
    0x0, 0x0, 0x0, 0x0, 0x0, 0x0, 0x0, 0x0,
    0x0, 0x0, 0x0, 0x9f, 0xf7, 0x0, 0x0, 0x0,
    0x0, 0x0, 0x6, 0xf7, 0x8f, 0x40, 0x0, 0x0,
    0x0, 0x0, 0xb, 0xb0, 0xd, 0x90, 0x0, 0x0,
    0x0, 0x0, 0xb, 0xa0, 0xc, 0x90, 0x0, 0x0,
    0x0, 0x0, 0x7, 0xe2, 0x3f, 0x50, 0x0, 0x0,
    0x0, 0x0, 0x2, 0xff, 0xff, 0x0, 0x0, 0x0,
    0x0, 0x0, 0x7, 0xff, 0xff, 0x50, 0x0, 0x0,
    0x0, 0x0, 0xd, 0xfc, 0xef, 0xb0, 0x0, 0x0,
    0x0, 0x0, 0x3f, 0xf7, 0x9f, 0xf1, 0x0, 0x0,
    0x0, 0x0, 0x9f, 0xf2, 0x4f, 0xf7, 0x0, 0x0,
    0x0, 0x0, 0xef, 0xc0, 0xe, 0xfd, 0x0, 0x0,
    0x0, 0x5, 0xff, 0x70, 0x9, 0xff, 0x30, 0x0,
    0x0, 0xb, 0xff, 0x20, 0x3, 0xff, 0x80, 0x0,
    0x0, 0x1f, 0xfe, 0x66, 0x66, 0xff, 0xe0, 0x0,
    0x0, 0x6f, 0xff, 0xff, 0xff, 0xff, 0xf4, 0x0,
    0x0, 0xcf, 0xff, 0xff, 0xff, 0xff, 0xfa, 0x0,
    0x2, 0xff, 0xe0, 0x0, 0x0, 0xf, 0xff, 0x0,
    0x8, 0xff, 0x80, 0x0, 0x0, 0xa, 0xff, 0x60,
    0xe, 0xff, 0x30, 0x0, 0x0, 0x5, 0xff, 0xc0,
    0x4f, 0xfe, 0x0, 0x0, 0x0, 0x0, 0xff, 0xf2,

    /* U+00C6 "Æ" */
    0x0, 0x0, 0x0, 0xb, 0xff, 0xff, 0xff, 0xff,
    0xff, 0xff, 0xb0, 0x0, 0x0, 0x0, 0x3f, 0xff,
    0xff, 0xff, 0xff, 0xff, 0xff, 0xb0, 0x0, 0x0,
    0x0, 0xbf, 0xf9, 0xff, 0xf8, 0x77, 0x77, 0x77,
    0x50, 0x0, 0x0, 0x3, 0xff, 0xd0, 0xff, 0xf2,
    0x0, 0x0, 0x0, 0x0, 0x0, 0x0, 0xb, 0xff,
    0x50, 0xff, 0xf2, 0x0, 0x0, 0x0, 0x0, 0x0,
    0x0, 0x3f, 0xfd, 0x0, 0xff, 0xf2, 0x0, 0x0,
    0x0, 0x0, 0x0, 0x0, 0xbf, 0xf5, 0x0, 0xff,
    0xff, 0xff, 0xff, 0xff, 0x0, 0x0, 0x3, 0xff,
    0xd0, 0x0, 0xff, 0xff, 0xff, 0xff, 0xff, 0x0,
    0x0, 0xb, 0xff, 0xa6, 0x66, 0xff, 0xf8, 0x66,
    0x66, 0x66, 0x0, 0x0, 0x3f, 0xff, 0xff, 0xff,
    0xff, 0xf2, 0x0, 0x0, 0x0, 0x0, 0x0, 0xbf,
    0xff, 0xff, 0xff, 0xff, 0xf2, 0x0, 0x0, 0x0,
    0x0, 0x3, 0xff, 0xe0, 0x0, 0x0, 0xff, 0xf2,
    0x0, 0x0, 0x0, 0x0, 0xb, 0xff, 0x70, 0x0,
    0x0, 0xff, 0xf8, 0x77, 0x77, 0x77, 0x71, 0x3f,
    0xff, 0x0, 0x0, 0x0, 0xff, 0xff, 0xff, 0xff,
    0xff, 0xf2, 0xbf, 0xf8, 0x0, 0x0, 0x0, 0xff,
    0xff, 0xff, 0xff, 0xff, 0xf2,

    /* U+00C7 "Ç" */
    0x0, 0x0, 0x39, 0xde, 0xfe, 0xc8, 0x10, 0x0,
    0x0, 0x9, 0xff, 0xff, 0xff, 0xff, 0xf5, 0x0,
    0x0, 0xaf, 0xff, 0xea, 0x8a, 0xff, 0xff, 0x40,
    0x4, 0xff, 0xf8, 0x0, 0x0, 0xa, 0xff, 0xd0,
    0xa, 0xff, 0xb0, 0x0, 0x0, 0x0, 0xb8, 0x40,
    0xe, 0xff, 0x50, 0x0, 0x0, 0x0, 0x0, 0x0,
    0xf, 0xff, 0x20, 0x0, 0x0, 0x0, 0x0, 0x0,
    0x1f, 0xff, 0x10, 0x0, 0x0, 0x0, 0x0, 0x0,
    0xf, 0xff, 0x20, 0x0, 0x0, 0x0, 0x0, 0x0,
    0xe, 0xff, 0x50, 0x0, 0x0, 0x0, 0x10, 0x0,
    0x9, 0xff, 0xc0, 0x0, 0x0, 0x0, 0xde, 0x81,
    0x2, 0xff, 0xf9, 0x0, 0x0, 0xb, 0xff, 0xe0,
    0x0, 0x8f, 0xff, 0xea, 0x8a, 0xef, 0xff, 0x40,
    0x0, 0x7, 0xff, 0xff, 0xff, 0xff, 0xf5, 0x0,
    0x0, 0x0, 0x28, 0xcf, 0xff, 0xc7, 0x10, 0x0,
    0x0, 0x0, 0x0, 0xc, 0xc0, 0x0, 0x0, 0x0,
    0x0, 0x0, 0x0, 0x1f, 0xfe, 0x30, 0x0, 0x0,
    0x0, 0x0, 0x0, 0x0, 0x7f, 0x90, 0x0, 0x0,
    0x0, 0x0, 0x0, 0x34, 0xbf, 0x60, 0x0, 0x0,
    0x0, 0x0, 0x0, 0xbf, 0xd8, 0x0, 0x0, 0x0,

    /* U+00C8 "È" */
    0x0, 0x9, 0xff, 0x70, 0x0, 0x0, 0x0, 0x0,
    0x8, 0xff, 0x50, 0x0, 0x0, 0x0, 0x0, 0x5,
    0xff, 0x30, 0x0, 0x0, 0x0, 0x0, 0x3, 0x85,
    0x0, 0x0, 0x0, 0x0, 0x0, 0x0, 0x0, 0x0,
    0x8, 0xff, 0xff, 0xff, 0xff, 0xff, 0xf6, 0x8f,
    0xff, 0xff, 0xff, 0xff, 0xff, 0x68, 0xff, 0xc7,
    0x77, 0x77, 0x77, 0x72, 0x8f, 0xfa, 0x0, 0x0,
    0x0, 0x0, 0x8, 0xff, 0xa0, 0x0, 0x0, 0x0,
    0x0, 0x8f, 0xfa, 0x0, 0x0, 0x0, 0x0, 0x8,
    0xff, 0xff, 0xff, 0xff, 0xff, 0xb0, 0x8f, 0xff,
    0xff, 0xff, 0xff, 0xfb, 0x8, 0xff, 0xd7, 0x77,
    0x77, 0x77, 0x50, 0x8f, 0xfa, 0x0, 0x0, 0x0,
    0x0, 0x8, 0xff, 0xa0, 0x0, 0x0, 0x0, 0x0,
    0x8f, 0xfa, 0x0, 0x0, 0x0, 0x0, 0x8, 0xff,
    0xd7, 0x77, 0x77, 0x77, 0x76, 0x8f, 0xff, 0xff,
    0xff, 0xff, 0xff, 0xd8, 0xff, 0xff, 0xff, 0xff,
    0xff, 0xfd,

    /* U+00C9 "É" */
    0x0, 0x0, 0x0, 0x3f, 0xfe, 0x0, 0x0, 0x0,
    0x0, 0x2e, 0xfc, 0x10, 0x0, 0x0, 0x0, 0x1d,
    0xf9, 0x0, 0x0, 0x0, 0x0, 0x3, 0x85, 0x0,
    0x0, 0x0, 0x0, 0x0, 0x0, 0x0, 0x0, 0x0,
    0x8, 0xff, 0xff, 0xff, 0xff, 0xff, 0xf6, 0x8f,
    0xff, 0xff, 0xff, 0xff, 0xff, 0x68, 0xff, 0xc7,
    0x77, 0x77, 0x77, 0x72, 0x8f, 0xfa, 0x0, 0x0,
    0x0, 0x0, 0x8, 0xff, 0xa0, 0x0, 0x0, 0x0,
    0x0, 0x8f, 0xfa, 0x0, 0x0, 0x0, 0x0, 0x8,
    0xff, 0xff, 0xff, 0xff, 0xff, 0xb0, 0x8f, 0xff,
    0xff, 0xff, 0xff, 0xfb, 0x8, 0xff, 0xd7, 0x77,
    0x77, 0x77, 0x50, 0x8f, 0xfa, 0x0, 0x0, 0x0,
    0x0, 0x8, 0xff, 0xa0, 0x0, 0x0, 0x0, 0x0,
    0x8f, 0xfa, 0x0, 0x0, 0x0, 0x0, 0x8, 0xff,
    0xd7, 0x77, 0x77, 0x77, 0x76, 0x8f, 0xff, 0xff,
    0xff, 0xff, 0xff, 0xd8, 0xff, 0xff, 0xff, 0xff,
    0xff, 0xfd,

    /* U+00CA "Ê" */
    0x0, 0x0, 0x1d, 0xff, 0x50, 0x0, 0x0, 0x0,
    0xc, 0xfe, 0xff, 0x30, 0x0, 0x0, 0xb, 0xfa,
    0x6, 0xfe, 0x20, 0x0, 0x2, 0x85, 0x0, 0x3,
    0x84, 0x0, 0x0, 0x0, 0x0, 0x0, 0x0, 0x0,
    0x8, 0xff, 0xff, 0xff, 0xff, 0xff, 0xf6, 0x8f,
    0xff, 0xff, 0xff, 0xff, 0xff, 0x68, 0xff, 0xc7,
    0x77, 0x77, 0x77, 0x72, 0x8f, 0xfa, 0x0, 0x0,
    0x0, 0x0, 0x8, 0xff, 0xa0, 0x0, 0x0, 0x0,
    0x0, 0x8f, 0xfa, 0x0, 0x0, 0x0, 0x0, 0x8,
    0xff, 0xff, 0xff, 0xff, 0xff, 0xb0, 0x8f, 0xff,
    0xff, 0xff, 0xff, 0xfb, 0x8, 0xff, 0xd7, 0x77,
    0x77, 0x77, 0x50, 0x8f, 0xfa, 0x0, 0x0, 0x0,
    0x0, 0x8, 0xff, 0xa0, 0x0, 0x0, 0x0, 0x0,
    0x8f, 0xfa, 0x0, 0x0, 0x0, 0x0, 0x8, 0xff,
    0xd7, 0x77, 0x77, 0x77, 0x76, 0x8f, 0xff, 0xff,
    0xff, 0xff, 0xff, 0xd8, 0xff, 0xff, 0xff, 0xff,
    0xff, 0xfd,

    /* U+00CB "Ë" */
    0x0, 0xd, 0xf3, 0x0, 0xff, 0x20, 0x0, 0x0,
    0xdf, 0x30, 0xf, 0xf2, 0x0, 0x0, 0x5, 0x61,
    0x0, 0x56, 0x0, 0x0, 0x0, 0x0, 0x0, 0x0,
    0x0, 0x0, 0x8f, 0xff, 0xff, 0xff, 0xff, 0xff,
    0x68, 0xff, 0xff, 0xff, 0xff, 0xff, 0xf6, 0x8f,
    0xfc, 0x77, 0x77, 0x77, 0x77, 0x28, 0xff, 0xa0,
    0x0, 0x0, 0x0, 0x0, 0x8f, 0xfa, 0x0, 0x0,
    0x0, 0x0, 0x8, 0xff, 0xa0, 0x0, 0x0, 0x0,
    0x0, 0x8f, 0xff, 0xff, 0xff, 0xff, 0xfb, 0x8,
    0xff, 0xff, 0xff, 0xff, 0xff, 0xb0, 0x8f, 0xfd,
    0x77, 0x77, 0x77, 0x75, 0x8, 0xff, 0xa0, 0x0,
    0x0, 0x0, 0x0, 0x8f, 0xfa, 0x0, 0x0, 0x0,
    0x0, 0x8, 0xff, 0xa0, 0x0, 0x0, 0x0, 0x0,
    0x8f, 0xfd, 0x77, 0x77, 0x77, 0x77, 0x68, 0xff,
    0xff, 0xff, 0xff, 0xff, 0xfd, 0x8f, 0xff, 0xff,
    0xff, 0xff, 0xff, 0xd0,

    /* U+00CC "Ì" */
    0x4f, 0xfb, 0x0, 0x0, 0x4f, 0xfa, 0x0, 0x0,
    0x2d, 0xf7, 0x0, 0x0, 0x17, 0x70, 0x0, 0x0,
    0x0, 0x0, 0x8, 0xff, 0xa0, 0x0, 0x8f, 0xfa,
    0x0, 0x8, 0xff, 0xa0, 0x0, 0x8f, 0xfa, 0x0,
    0x8, 0xff, 0xa0, 0x0, 0x8f, 0xfa, 0x0, 0x8,
    0xff, 0xa0, 0x0, 0x8f, 0xfa, 0x0, 0x8, 0xff,
    0xa0, 0x0, 0x8f, 0xfa, 0x0, 0x8, 0xff, 0xa0,
    0x0, 0x8f, 0xfa, 0x0, 0x8, 0xff, 0xa0, 0x0,
    0x8f, 0xfa, 0x0, 0x8, 0xff, 0xa0,

    /* U+00CD "Í" */
    0x0, 0x9f, 0xf7, 0x7, 0xff, 0x60, 0x5f, 0xe4,
    0x0, 0x67, 0x10, 0x0, 0x0, 0x0, 0x0, 0x8f,
    0xfa, 0x0, 0x8f, 0xfa, 0x0, 0x8f, 0xfa, 0x0,
    0x8f, 0xfa, 0x0, 0x8f, 0xfa, 0x0, 0x8f, 0xfa,
    0x0, 0x8f, 0xfa, 0x0, 0x8f, 0xfa, 0x0, 0x8f,
    0xfa, 0x0, 0x8f, 0xfa, 0x0, 0x8f, 0xfa, 0x0,
    0x8f, 0xfa, 0x0, 0x8f, 0xfa, 0x0, 0x8f, 0xfa,
    0x0, 0x8f, 0xfa, 0x0,

    /* U+00CE "Î" */
    0x0, 0x9f, 0xfb, 0x0, 0x7, 0xff, 0xff, 0x90,
    0x5f, 0xe3, 0x2d, 0xf6, 0x77, 0x10, 0x0, 0x77,
    0x0, 0x0, 0x0, 0x0, 0x0, 0x8f, 0xfa, 0x0,
    0x0, 0x8f, 0xfa, 0x0, 0x0, 0x8f, 0xfa, 0x0,
    0x0, 0x8f, 0xfa, 0x0, 0x0, 0x8f, 0xfa, 0x0,
    0x0, 0x8f, 0xfa, 0x0, 0x0, 0x8f, 0xfa, 0x0,
    0x0, 0x8f, 0xfa, 0x0, 0x0, 0x8f, 0xfa, 0x0,
    0x0, 0x8f, 0xfa, 0x0, 0x0, 0x8f, 0xfa, 0x0,
    0x0, 0x8f, 0xfa, 0x0, 0x0, 0x8f, 0xfa, 0x0,
    0x0, 0x8f, 0xfa, 0x0, 0x0, 0x8f, 0xfa, 0x0,

    /* U+00CF "Ï" */
    0x7f, 0xa0, 0x9, 0xf8, 0x7f, 0xa0, 0x9, 0xf8,
    0x26, 0x30, 0x3, 0x63, 0x0, 0x0, 0x0, 0x0,
    0x0, 0x8f, 0xfa, 0x0, 0x0, 0x8f, 0xfa, 0x0,
    0x0, 0x8f, 0xfa, 0x0, 0x0, 0x8f, 0xfa, 0x0,
    0x0, 0x8f, 0xfa, 0x0, 0x0, 0x8f, 0xfa, 0x0,
    0x0, 0x8f, 0xfa, 0x0, 0x0, 0x8f, 0xfa, 0x0,
    0x0, 0x8f, 0xfa, 0x0, 0x0, 0x8f, 0xfa, 0x0,
    0x0, 0x8f, 0xfa, 0x0, 0x0, 0x8f, 0xfa, 0x0,
    0x0, 0x8f, 0xfa, 0x0, 0x0, 0x8f, 0xfa, 0x0,
    0x0, 0x8f, 0xfa, 0x0,

    /* U+00D0 "Ð" */
    0x8, 0xff, 0xff, 0xff, 0xeb, 0x70, 0x0, 0x0,
    0x8f, 0xff, 0xff, 0xff, 0xff, 0xf5, 0x0, 0x8,
    0xff, 0xd8, 0x88, 0xbf, 0xff, 0xf5, 0x0, 0x8f,
    0xfa, 0x0, 0x0, 0x1c, 0xff, 0xf1, 0x8, 0xff,
    0xa0, 0x0, 0x0, 0xe, 0xff, 0x80, 0x8f, 0xfa,
    0x0, 0x0, 0x0, 0x7f, 0xfc, 0xef, 0xff, 0xff,
    0xff, 0x70, 0x4, 0xff, 0xee, 0xff, 0xff, 0xff,
    0xf7, 0x0, 0x3f, 0xff, 0x5b, 0xff, 0xc6, 0x66,
    0x20, 0x5, 0xff, 0xd0, 0x8f, 0xfa, 0x0, 0x0,
    0x0, 0x8f, 0xfb, 0x8, 0xff, 0xa0, 0x0, 0x0,
    0x1e, 0xff, 0x60, 0x8f, 0xfa, 0x0, 0x0, 0x1c,
    0xff, 0xe0, 0x8, 0xff, 0xd8, 0x88, 0xaf, 0xff,
    0xf4, 0x0, 0x8f, 0xff, 0xff, 0xff, 0xff, 0xe4,
    0x0, 0x8, 0xff, 0xff, 0xff, 0xec, 0x71, 0x0,
    0x0,

    /* U+00D1 "Ñ" */
    0x0, 0x3, 0xcc, 0x82, 0x6, 0xd0, 0x0, 0x0,
    0xe, 0xff, 0xff, 0xef, 0xd0, 0x0, 0x0, 0x2f,
    0x71, 0x5b, 0xfd, 0x30, 0x0, 0x0, 0x0, 0x0,
    0x0, 0x0, 0x0, 0x0, 0x0, 0x0, 0x0, 0x0,
    0x0, 0x0, 0x0, 0x8f, 0xff, 0x60, 0x0, 0x0,
    0x6f, 0xf6, 0x8f, 0xff, 0xe0, 0x0, 0x0, 0x6f,
    0xf6, 0x8f, 0xff, 0xf8, 0x0, 0x0, 0x6f, 0xf6,
    0x8f, 0xfe, 0xff, 0x20, 0x0, 0x6f, 0xf6, 0x8f,
    0xf7, 0xff, 0xa0, 0x0, 0x6f, 0xf6, 0x8f, 0xf4,
    0xbf, 0xf4, 0x0, 0x6f, 0xf6, 0x8f, 0xf4, 0x2f,
    0xfd, 0x0, 0x6f, 0xf6, 0x8f, 0xf4, 0x9, 0xff,
    0x60, 0x6f, 0xf6, 0x8f, 0xf4, 0x1, 0xff, 0xe0,
    0x6f, 0xf6, 0x8f, 0xf4, 0x0, 0x7f, 0xf8, 0x6f,
    0xf6, 0x8f, 0xf4, 0x0, 0xd, 0xff, 0x7f, 0xf6,
    0x8f, 0xf4, 0x0, 0x5, 0xff, 0xef, 0xf6, 0x8f,
    0xf4, 0x0, 0x0, 0xbf, 0xff, 0xf6, 0x8f, 0xf4,
    0x0, 0x0, 0x2f, 0xff, 0xf6, 0x8f, 0xf4, 0x0,
    0x0, 0x9, 0xff, 0xf6,

    /* U+00D2 "Ò" */
    0x0, 0x0, 0x0, 0xdf, 0xe3, 0x0, 0x0, 0x0,
    0x0, 0x0, 0x0, 0x0, 0x9f, 0xf3, 0x0, 0x0,
    0x0, 0x0, 0x0, 0x0, 0x0, 0x4e, 0xf2, 0x0,
    0x0, 0x0, 0x0, 0x0, 0x0, 0x0, 0x0, 0x0,
    0x0, 0x0, 0x0, 0x0, 0x0, 0x0, 0x0, 0x0,
    0x0, 0x0, 0x0, 0x0, 0x2, 0x8c, 0xef, 0xec,
    0x82, 0x0, 0x0, 0x0, 0x7, 0xff, 0xff, 0xff,
    0xff, 0xf8, 0x0, 0x0, 0x8, 0xff, 0xfe, 0xa8,
    0xae, 0xff, 0xf9, 0x0, 0x3, 0xff, 0xf9, 0x0,
    0x0, 0x9, 0xff, 0xf4, 0x0, 0xaf, 0xfc, 0x0,
    0x0, 0x0, 0xc, 0xff, 0xb0, 0xe, 0xff, 0x50,
    0x0, 0x0, 0x0, 0x5f, 0xff, 0x0, 0xff, 0xf2,
    0x0, 0x0, 0x0, 0x1, 0xff, 0xf1, 0x1f, 0xff,
    0x10, 0x0, 0x0, 0x0, 0x1f, 0xff, 0x20, 0xff,
    0xf2, 0x0, 0x0, 0x0, 0x2, 0xff, 0xf1, 0xd,
    0xff, 0x60, 0x0, 0x0, 0x0, 0x5f, 0xfe, 0x0,
    0x9f, 0xfd, 0x0, 0x0, 0x0, 0xc, 0xff, 0x90,
    0x2, 0xff, 0xfa, 0x0, 0x0, 0x9, 0xff, 0xf3,
    0x0, 0x7, 0xff, 0xfe, 0xa8, 0xae, 0xff, 0xf7,
    0x0, 0x0, 0x7, 0xff, 0xff, 0xff, 0xff, 0xf6,
    0x0, 0x0, 0x0, 0x1, 0x8c, 0xef, 0xec, 0x71,
    0x0, 0x0,

    /* U+00D3 "Ó" */
    0x0, 0x0, 0x0, 0x0, 0x2e, 0xfe, 0x10, 0x0,
    0x0, 0x0, 0x0, 0x0, 0x2e, 0xfa, 0x0, 0x0,
    0x0, 0x0, 0x0, 0x0, 0x2e, 0xe5, 0x0, 0x0,
    0x0, 0x0, 0x0, 0x0, 0x0, 0x0, 0x0, 0x0,
    0x0, 0x0, 0x0, 0x0, 0x0, 0x0, 0x0, 0x0,
    0x0, 0x0, 0x0, 0x0, 0x2, 0x8c, 0xef, 0xec,
    0x82, 0x0, 0x0, 0x0, 0x7, 0xff, 0xff, 0xff,
    0xff, 0xf8, 0x0, 0x0, 0x8, 0xff, 0xfe, 0xa8,
    0xae, 0xff, 0xf9, 0x0, 0x3, 0xff, 0xf9, 0x0,
    0x0, 0x9, 0xff, 0xf4, 0x0, 0xaf, 0xfc, 0x0,
    0x0, 0x0, 0xc, 0xff, 0xb0, 0xe, 0xff, 0x50,
    0x0, 0x0, 0x0, 0x5f, 0xff, 0x0, 0xff, 0xf2,
    0x0, 0x0, 0x0, 0x1, 0xff, 0xf1, 0x1f, 0xff,
    0x10, 0x0, 0x0, 0x0, 0x1f, 0xff, 0x20, 0xff,
    0xf2, 0x0, 0x0, 0x0, 0x2, 0xff, 0xf1, 0xd,
    0xff, 0x60, 0x0, 0x0, 0x0, 0x5f, 0xfe, 0x0,
    0x9f, 0xfd, 0x0, 0x0, 0x0, 0xc, 0xff, 0x90,
    0x2, 0xff, 0xfa, 0x0, 0x0, 0x9, 0xff, 0xf3,
    0x0, 0x7, 0xff, 0xfe, 0xa8, 0xae, 0xff, 0xf7,
    0x0, 0x0, 0x7, 0xff, 0xff, 0xff, 0xff, 0xf6,
    0x0, 0x0, 0x0, 0x1, 0x8c, 0xef, 0xec, 0x71,
    0x0, 0x0,

    /* U+00D4 "Ô" */
    0x0, 0x0, 0x0, 0x3f, 0xff, 0x50, 0x0, 0x0,
    0x0, 0x0, 0x0, 0x3f, 0xfa, 0xff, 0x50, 0x0,
    0x0, 0x0, 0x0, 0x3f, 0xd3, 0x2, 0xcf, 0x40,
    0x0, 0x0, 0x0, 0x0, 0x0, 0x0, 0x0, 0x0,
    0x0, 0x0, 0x0, 0x0, 0x0, 0x0, 0x0, 0x0,
    0x0, 0x0, 0x0, 0x0, 0x2, 0x8c, 0xef, 0xec,
    0x82, 0x0, 0x0, 0x0, 0x7, 0xff, 0xff, 0xff,
    0xff, 0xf8, 0x0, 0x0, 0x8, 0xff, 0xfe, 0xa8,
    0xae, 0xff, 0xf9, 0x0, 0x3, 0xff, 0xf9, 0x0,
    0x0, 0x9, 0xff, 0xf4, 0x0, 0xaf, 0xfc, 0x0,
    0x0, 0x0, 0xc, 0xff, 0xb0, 0xe, 0xff, 0x50,
    0x0, 0x0, 0x0, 0x5f, 0xff, 0x0, 0xff, 0xf2,
    0x0, 0x0, 0x0, 0x1, 0xff, 0xf1, 0x1f, 0xff,
    0x10, 0x0, 0x0, 0x0, 0x1f, 0xff, 0x20, 0xff,
    0xf2, 0x0, 0x0, 0x0, 0x2, 0xff, 0xf1, 0xd,
    0xff, 0x60, 0x0, 0x0, 0x0, 0x5f, 0xfe, 0x0,
    0x9f, 0xfd, 0x0, 0x0, 0x0, 0xc, 0xff, 0x90,
    0x2, 0xff, 0xfa, 0x0, 0x0, 0x9, 0xff, 0xf3,
    0x0, 0x7, 0xff, 0xfe, 0xa8, 0xae, 0xff, 0xf7,
    0x0, 0x0, 0x7, 0xff, 0xff, 0xff, 0xff, 0xf6,
    0x0, 0x0, 0x0, 0x1, 0x8c, 0xef, 0xec, 0x71,
    0x0, 0x0,

    /* U+00D5 "Õ" */
    0x0, 0x0, 0xa, 0xfd, 0x70, 0xf, 0x90, 0x0,
    0x0, 0x0, 0x7, 0xff, 0xff, 0xff, 0xf5, 0x0,
    0x0, 0x0, 0x0, 0xae, 0x1, 0x7d, 0xf9, 0x0,
    0x0, 0x0, 0x0, 0x0, 0x0, 0x0, 0x0, 0x0,
    0x0, 0x0, 0x0, 0x0, 0x0, 0x0, 0x0, 0x0,
    0x0, 0x0, 0x0, 0x0, 0x2, 0x8c, 0xef, 0xec,
    0x82, 0x0, 0x0, 0x0, 0x7, 0xff, 0xff, 0xff,
    0xff, 0xf8, 0x0, 0x0, 0x8, 0xff, 0xfe, 0xa8,
    0xae, 0xff, 0xf9, 0x0, 0x3, 0xff, 0xf9, 0x0,
    0x0, 0x9, 0xff, 0xf4, 0x0, 0xaf, 0xfc, 0x0,
    0x0, 0x0, 0xc, 0xff, 0xb0, 0xe, 0xff, 0x50,
    0x0, 0x0, 0x0, 0x5f, 0xff, 0x0, 0xff, 0xf2,
    0x0, 0x0, 0x0, 0x1, 0xff, 0xf1, 0x1f, 0xff,
    0x10, 0x0, 0x0, 0x0, 0x1f, 0xff, 0x20, 0xff,
    0xf2, 0x0, 0x0, 0x0, 0x2, 0xff, 0xf1, 0xd,
    0xff, 0x60, 0x0, 0x0, 0x0, 0x5f, 0xfe, 0x0,
    0x9f, 0xfd, 0x0, 0x0, 0x0, 0xc, 0xff, 0x90,
    0x2, 0xff, 0xfa, 0x0, 0x0, 0x9, 0xff, 0xf3,
    0x0, 0x7, 0xff, 0xfe, 0xa8, 0xae, 0xff, 0xf7,
    0x0, 0x0, 0x7, 0xff, 0xff, 0xff, 0xff, 0xf6,
    0x0, 0x0, 0x0, 0x1, 0x8c, 0xef, 0xec, 0x71,
    0x0, 0x0,

    /* U+00D6 "Ö" */
    0x0, 0x0, 0x5, 0x60, 0x0, 0x66, 0x0, 0x0,
    0x0, 0x0, 0x0, 0xff, 0x20, 0x1f, 0xf0, 0x0,
    0x0, 0x0, 0x0, 0xf, 0xf2, 0x1, 0xff, 0x0,
    0x0, 0x0, 0x0, 0x0, 0x0, 0x0, 0x0, 0x0,
    0x0, 0x0, 0x0, 0x0, 0x0, 0x0, 0x0, 0x0,
    0x0, 0x0, 0x0, 0x0, 0x2, 0x8c, 0xef, 0xec,
    0x82, 0x0, 0x0, 0x0, 0x7, 0xff, 0xff, 0xff,
    0xff, 0xf8, 0x0, 0x0, 0x8, 0xff, 0xfe, 0xa8,
    0xae, 0xff, 0xf9, 0x0, 0x3, 0xff, 0xf9, 0x0,
    0x0, 0x9, 0xff, 0xf4, 0x0, 0xaf, 0xfc, 0x0,
    0x0, 0x0, 0xc, 0xff, 0xb0, 0xe, 0xff, 0x50,
    0x0, 0x0, 0x0, 0x5f, 0xff, 0x0, 0xff, 0xf2,
    0x0, 0x0, 0x0, 0x1, 0xff, 0xf1, 0x1f, 0xff,
    0x10, 0x0, 0x0, 0x0, 0x1f, 0xff, 0x20, 0xff,
    0xf2, 0x0, 0x0, 0x0, 0x2, 0xff, 0xf1, 0xd,
    0xff, 0x60, 0x0, 0x0, 0x0, 0x5f, 0xfe, 0x0,
    0x9f, 0xfd, 0x0, 0x0, 0x0, 0xc, 0xff, 0x90,
    0x2, 0xff, 0xfa, 0x0, 0x0, 0x9, 0xff, 0xf3,
    0x0, 0x7, 0xff, 0xfe, 0xa8, 0xae, 0xff, 0xf7,
    0x0, 0x0, 0x7, 0xff, 0xff, 0xff, 0xff, 0xf6,
    0x0, 0x0, 0x0, 0x1, 0x8c, 0xef, 0xec, 0x71,
    0x0, 0x0,

    /* U+00D7 "×" */
    0x0, 0xb3, 0x0, 0x0, 0x4, 0xa0, 0xb, 0xfe,
    0x30, 0x0, 0x4f, 0xfa, 0x4, 0xff, 0xe3, 0x4,
    0xff, 0xf3, 0x0, 0x4f, 0xfe, 0x6f, 0xff, 0x30,
    0x0, 0x5, 0xff, 0xff, 0xf3, 0x0, 0x0, 0x0,
    0x8f, 0xff, 0x60, 0x0, 0x0, 0x3, 0xff, 0xff,
    0xe2, 0x0, 0x0, 0x3f, 0xff, 0x8f, 0xfe, 0x20,
    0x3, 0xef, 0xf4, 0x5, 0xff, 0xe2, 0xd, 0xff,
    0x40, 0x0, 0x5f, 0xfa, 0x2, 0xe4, 0x0, 0x0,
    0x6, 0xc0, 0x0, 0x0, 0x0, 0x0, 0x0, 0x0,

    /* U+00D8 "Ø" */
    0x0, 0x0, 0x0, 0x0, 0x0, 0x0, 0x1f, 0xf1,
    0x0, 0x0, 0x2, 0x8c, 0xef, 0xec, 0x79, 0xf7,
    0x0, 0x0, 0x7, 0xff, 0xff, 0xff, 0xff, 0xfe,
    0x0, 0x0, 0x8, 0xff, 0xfe, 0xa8, 0xae, 0xff,
    0xf7, 0x0, 0x3, 0xff, 0xf9, 0x0, 0x0, 0x8f,
    0xff, 0xf3, 0x0, 0xaf, 0xfc, 0x0, 0x0, 0x4f,
    0xcc, 0xff, 0xa0, 0xe, 0xff, 0x50, 0x0, 0x1e,
    0xe1, 0x5f, 0xff, 0x0, 0xff, 0xf2, 0x0, 0xc,
    0xf4, 0x2, 0xff, 0xf1, 0x1f, 0xff, 0x10, 0x8,
    0xf8, 0x0, 0xf, 0xff, 0x20, 0xff, 0xf3, 0x4,
    0xfc, 0x0, 0x1, 0xff, 0xf1, 0xd, 0xff, 0x61,
    0xee, 0x10, 0x0, 0x5f, 0xff, 0x0, 0x9f, 0xfd,
    0xcf, 0x40, 0x0, 0xb, 0xff, 0xa0, 0x2, 0xff,
    0xff, 0x90, 0x0, 0x8, 0xff, 0xf3, 0x0, 0x6,
    0xff, 0xfe, 0xa8, 0x9e, 0xff, 0xf7, 0x0, 0x0,
    0x1e, 0xff, 0xff, 0xff, 0xff, 0xf7, 0x0, 0x0,
    0xb, 0xf7, 0x7c, 0xef, 0xec, 0x72, 0x0, 0x0,
    0x1, 0x86, 0x0, 0x0, 0x0, 0x0, 0x0, 0x0,
    0x0,

    /* U+00D9 "Ù" */
    0x0, 0x5, 0xff, 0xb0, 0x0, 0x0, 0x0, 0x0,
    0x0, 0x3d, 0xfb, 0x0, 0x0, 0x0, 0x0, 0x0,
    0x0, 0x9f, 0xb0, 0x0, 0x0, 0x0, 0x0, 0x0,
    0x0, 0x0, 0x0, 0x0, 0x0, 0x0, 0x0, 0x0,
    0x0, 0x0, 0x0, 0xaf, 0xf7, 0x0, 0x0, 0x0,
    0xaf, 0xf8, 0xaf, 0xf7, 0x0, 0x0, 0x0, 0xaf,
    0xf8, 0xaf, 0xf7, 0x0, 0x0, 0x0, 0xaf, 0xf8,
    0xaf, 0xf7, 0x0, 0x0, 0x0, 0xaf, 0xf8, 0xaf,
    0xf7, 0x0, 0x0, 0x0, 0xaf, 0xf8, 0xaf, 0xf7,
    0x0, 0x0, 0x0, 0xaf, 0xf8, 0xaf, 0xf7, 0x0,
    0x0, 0x0, 0xaf, 0xf8, 0xaf, 0xf7, 0x0, 0x0,
    0x0, 0xaf, 0xf8, 0xaf, 0xf7, 0x0, 0x0, 0x0,
    0xaf, 0xf8, 0xaf, 0xf8, 0x0, 0x0, 0x0, 0xbf,
    0xf8, 0x8f, 0xfc, 0x0, 0x0, 0x0, 0xef, 0xf6,
    0x4f, 0xff, 0x50, 0x0, 0x9, 0xff, 0xf1, 0xd,
    0xff, 0xfc, 0x99, 0xdf, 0xff, 0x90, 0x1, 0xdf,
    0xff, 0xff, 0xff, 0xfa, 0x0, 0x0, 0x6, 0xbe,
    0xff, 0xda, 0x30, 0x0,

    /* U+00DA "Ú" */
    0x0, 0x0, 0x0, 0x7, 0xff, 0xa0, 0x0, 0x0,
    0x0, 0x0, 0x7f, 0xf6, 0x0, 0x0, 0x0, 0x0,
    0x6, 0xfc, 0x20, 0x0, 0x0, 0x0, 0x0, 0x0,
    0x0, 0x0, 0x0, 0x0, 0x0, 0x0, 0x0, 0x0,
    0x0, 0x0, 0x0, 0xaf, 0xf7, 0x0, 0x0, 0x0,
    0xaf, 0xf8, 0xaf, 0xf7, 0x0, 0x0, 0x0, 0xaf,
    0xf8, 0xaf, 0xf7, 0x0, 0x0, 0x0, 0xaf, 0xf8,
    0xaf, 0xf7, 0x0, 0x0, 0x0, 0xaf, 0xf8, 0xaf,
    0xf7, 0x0, 0x0, 0x0, 0xaf, 0xf8, 0xaf, 0xf7,
    0x0, 0x0, 0x0, 0xaf, 0xf8, 0xaf, 0xf7, 0x0,
    0x0, 0x0, 0xaf, 0xf8, 0xaf, 0xf7, 0x0, 0x0,
    0x0, 0xaf, 0xf8, 0xaf, 0xf7, 0x0, 0x0, 0x0,
    0xaf, 0xf8, 0xaf, 0xf8, 0x0, 0x0, 0x0, 0xbf,
    0xf8, 0x8f, 0xfc, 0x0, 0x0, 0x0, 0xef, 0xf6,
    0x4f, 0xff, 0x50, 0x0, 0x9, 0xff, 0xf1, 0xd,
    0xff, 0xfc, 0x99, 0xdf, 0xff, 0x90, 0x1, 0xdf,
    0xff, 0xff, 0xff, 0xfa, 0x0, 0x0, 0x6, 0xbe,
    0xff, 0xda, 0x30, 0x0,

    /* U+00DB "Û" */
    0x0, 0x0, 0xb, 0xff, 0xa0, 0x0, 0x0, 0x0,
    0x0, 0xcf, 0xcd, 0xfa, 0x0, 0x0, 0x0, 0xc,
    0xf7, 0x0, 0x8f, 0x90, 0x0, 0x0, 0x0, 0x0,
    0x0, 0x0, 0x0, 0x0, 0x0, 0x0, 0x0, 0x0,
    0x0, 0x0, 0x0, 0xaf, 0xf7, 0x0, 0x0, 0x0,
    0xaf, 0xf8, 0xaf, 0xf7, 0x0, 0x0, 0x0, 0xaf,
    0xf8, 0xaf, 0xf7, 0x0, 0x0, 0x0, 0xaf, 0xf8,
    0xaf, 0xf7, 0x0, 0x0, 0x0, 0xaf, 0xf8, 0xaf,
    0xf7, 0x0, 0x0, 0x0, 0xaf, 0xf8, 0xaf, 0xf7,
    0x0, 0x0, 0x0, 0xaf, 0xf8, 0xaf, 0xf7, 0x0,
    0x0, 0x0, 0xaf, 0xf8, 0xaf, 0xf7, 0x0, 0x0,
    0x0, 0xaf, 0xf8, 0xaf, 0xf7, 0x0, 0x0, 0x0,
    0xaf, 0xf8, 0xaf, 0xf8, 0x0, 0x0, 0x0, 0xbf,
    0xf8, 0x8f, 0xfc, 0x0, 0x0, 0x0, 0xef, 0xf6,
    0x4f, 0xff, 0x50, 0x0, 0x9, 0xff, 0xf1, 0xd,
    0xff, 0xfc, 0x99, 0xdf, 0xff, 0x90, 0x1, 0xdf,
    0xff, 0xff, 0xff, 0xfa, 0x0, 0x0, 0x6, 0xbe,
    0xff, 0xda, 0x30, 0x0,

    /* U+00DC "Ü" */
    0x0, 0x3, 0x63, 0x0, 0x46, 0x20, 0x0, 0x0,
    0x9, 0xf8, 0x0, 0xbf, 0x70, 0x0, 0x0, 0x9,
    0xf8, 0x0, 0xbf, 0x70, 0x0, 0x0, 0x0, 0x0,
    0x0, 0x0, 0x0, 0x0, 0x0, 0x0, 0x0, 0x0,
    0x0, 0x0, 0x0, 0xaf, 0xf7, 0x0, 0x0, 0x0,
    0xaf, 0xf8, 0xaf, 0xf7, 0x0, 0x0, 0x0, 0xaf,
    0xf8, 0xaf, 0xf7, 0x0, 0x0, 0x0, 0xaf, 0xf8,
    0xaf, 0xf7, 0x0, 0x0, 0x0, 0xaf, 0xf8, 0xaf,
    0xf7, 0x0, 0x0, 0x0, 0xaf, 0xf8, 0xaf, 0xf7,
    0x0, 0x0, 0x0, 0xaf, 0xf8, 0xaf, 0xf7, 0x0,
    0x0, 0x0, 0xaf, 0xf8, 0xaf, 0xf7, 0x0, 0x0,
    0x0, 0xaf, 0xf8, 0xaf, 0xf7, 0x0, 0x0, 0x0,
    0xaf, 0xf8, 0xaf, 0xf8, 0x0, 0x0, 0x0, 0xbf,
    0xf8, 0x8f, 0xfc, 0x0, 0x0, 0x0, 0xef, 0xf6,
    0x4f, 0xff, 0x50, 0x0, 0x9, 0xff, 0xf1, 0xd,
    0xff, 0xfc, 0x99, 0xdf, 0xff, 0x90, 0x1, 0xdf,
    0xff, 0xff, 0xff, 0xfa, 0x0, 0x0, 0x6, 0xbe,
    0xff, 0xda, 0x30, 0x0,

    /* U+00DD "Ý" */
    0x0, 0x0, 0x0, 0x1, 0xac, 0xb0, 0x0, 0x0,
    0x0, 0x0, 0x0, 0xcf, 0xe3, 0x0, 0x0, 0x0,
    0x0, 0x0, 0xbf, 0xc1, 0x0, 0x0, 0x0, 0x0,
    0x0, 0x39, 0x70, 0x0, 0x0, 0x0, 0x0, 0x0,
    0x0, 0x0, 0x0, 0x0, 0x0, 0x5, 0xff, 0xe1,
    0x0, 0x0, 0x4, 0xff, 0xe1, 0xb, 0xff, 0x80,
    0x0, 0x0, 0xdf, 0xf6, 0x0, 0x2f, 0xff, 0x20,
    0x0, 0x7f, 0xfc, 0x0, 0x0, 0x7f, 0xfb, 0x0,
    0x1f, 0xff, 0x30, 0x0, 0x0, 0xdf, 0xf4, 0x9,
    0xff, 0x90, 0x0, 0x0, 0x4, 0xff, 0xd3, 0xff,
    0xe0, 0x0, 0x0, 0x0, 0xa, 0xff, 0xef, 0xf5,
    0x0, 0x0, 0x0, 0x0, 0x1f, 0xff, 0xfb, 0x0,
    0x0, 0x0, 0x0, 0x0, 0x7f, 0xff, 0x20, 0x0,
    0x0, 0x0, 0x0, 0x3, 0xff, 0xe0, 0x0, 0x0,
    0x0, 0x0, 0x0, 0x3f, 0xfe, 0x0, 0x0, 0x0,
    0x0, 0x0, 0x3, 0xff, 0xe0, 0x0, 0x0, 0x0,
    0x0, 0x0, 0x3f, 0xfe, 0x0, 0x0, 0x0, 0x0,
    0x0, 0x3, 0xff, 0xe0, 0x0, 0x0, 0x0, 0x0,
    0x0, 0x3f, 0xfe, 0x0, 0x0, 0x0,

    /* U+00DE "Þ" */
    0x8f, 0xfa, 0x0, 0x0, 0x0, 0x0, 0x8, 0xff,
    0xa0, 0x0, 0x0, 0x0, 0x0, 0x8f, 0xff, 0xff,
    0xff, 0xeb, 0x50, 0x8, 0xff, 0xff, 0xff, 0xff,
    0xff, 0x90, 0x8f, 0xfb, 0x44, 0x45, 0xaf, 0xff,
    0x58, 0xff, 0xa0, 0x0, 0x0, 0xaf, 0xfb, 0x8f,
    0xfa, 0x0, 0x0, 0x5, 0xff, 0xe8, 0xff, 0xa0,
    0x0, 0x0, 0x5f, 0xfd, 0x8f, 0xfa, 0x0, 0x0,
    0xa, 0xff, 0xa8, 0xff, 0xb4, 0x44, 0x5a, 0xff,
    0xf4, 0x8f, 0xff, 0xff, 0xff, 0xff, 0xf7, 0x8,
    0xff, 0xff, 0xff, 0xfe, 0xa4, 0x0, 0x8f, 0xfa,
    0x0, 0x0, 0x0, 0x0, 0x8, 0xff, 0xa0, 0x0,
    0x0, 0x0, 0x0, 0x8f, 0xfa, 0x0, 0x0, 0x0,
    0x0, 0x0,

    /* U+00DF "ß" */
    0x0, 0x29, 0xdf, 0xec, 0x60, 0x0, 0x4, 0xff,
    0xff, 0xff, 0xfd, 0x0, 0xe, 0xff, 0xa4, 0x5d,
    0xff, 0x60, 0x4f, 0xfd, 0x0, 0x4, 0xff, 0x90,
    0x6f, 0xfa, 0x0, 0x7, 0xff, 0x60, 0x7f, 0xf9,
    0x0, 0x5f, 0xfd, 0x0, 0x7f, 0xf9, 0x3, 0xff,
    0xd1, 0x0, 0x7f, 0xf9, 0x9, 0xff, 0x40, 0x0,
    0x7f, 0xf9, 0x7, 0xff, 0xd3, 0x0, 0x7f, 0xf9,
    0x0, 0xdf, 0xff, 0x50, 0x7f, 0xf9, 0x0, 0x1b,
    0xff, 0xf3, 0x7f, 0xf9, 0x0, 0x0, 0x8f, 0xfa,
    0x7f, 0xf9, 0x0, 0x0, 0xf, 0xfc, 0x7f, 0xf9,
    0x17, 0x31, 0x7f, 0xfa, 0x7f, 0xf9, 0x2f, 0xff,
    0xff, 0xf3, 0x7f, 0xf9, 0x1b, 0xef, 0xeb, 0x30,

    /* U+00E0 "à" */
    0x0, 0x3f, 0xfc, 0x0, 0x0, 0x0, 0x0, 0x0,
    0x2d, 0xfb, 0x0, 0x0, 0x0, 0x0, 0x0, 0xa,
    0xfa, 0x0, 0x0, 0x0, 0x0, 0x0, 0x2, 0x30,
    0x0, 0x0, 0x0, 0x7, 0xce, 0xfd, 0x80, 0x0,
    0x0, 0xc, 0xff, 0xff, 0xff, 0xc0, 0x0, 0x8,
    0xff, 0xa0, 0x1d, 0xff, 0x60, 0x0, 0x8a, 0xa3,
    0x0, 0x7f, 0xf9, 0x0, 0x0, 0x0, 0x0, 0x5,
    0xff, 0xa0, 0x0, 0x8, 0xdf, 0xff, 0xff, 0xfa,
    0x0, 0xc, 0xff, 0xeb, 0xbc, 0xff, 0xa0, 0x4,
    0xff, 0xe1, 0x0, 0x6f, 0xfa, 0x0, 0x6f, 0xfb,
    0x0, 0xa, 0xff, 0xa0, 0x4, 0xff, 0xe2, 0x7,
    0xff, 0xfd, 0x0, 0xd, 0xff, 0xff, 0xf6, 0xcf,
    0xff, 0x40, 0x2a, 0xef, 0xc4, 0x3, 0xdf, 0xd3,

    /* U+00E1 "á" */
    0x0, 0x0, 0x0, 0xbf, 0xf4, 0x0, 0x0, 0x0,
    0x0, 0xaf, 0xd3, 0x0, 0x0, 0x0, 0x0, 0x9f,
    0xb1, 0x0, 0x0, 0x0, 0x0, 0x2, 0x20, 0x0,
    0x0, 0x0, 0x0, 0x7, 0xce, 0xfd, 0x80, 0x0,
    0x0, 0xc, 0xff, 0xff, 0xff, 0xc0, 0x0, 0x8,
    0xff, 0xa0, 0x1d, 0xff, 0x60, 0x0, 0x8a, 0xa3,
    0x0, 0x7f, 0xf9, 0x0, 0x0, 0x0, 0x0, 0x5,
    0xff, 0xa0, 0x0, 0x8, 0xdf, 0xff, 0xff, 0xfa,
    0x0, 0xc, 0xff, 0xeb, 0xbc, 0xff, 0xa0, 0x4,
    0xff, 0xe1, 0x0, 0x6f, 0xfa, 0x0, 0x6f, 0xfb,
    0x0, 0xa, 0xff, 0xa0, 0x4, 0xff, 0xe2, 0x7,
    0xff, 0xfd, 0x0, 0xd, 0xff, 0xff, 0xf6, 0xcf,
    0xff, 0x40, 0x2a, 0xef, 0xc4, 0x3, 0xdf, 0xd3,

    /* U+00E2 "â" */
    0x0, 0x0, 0x8f, 0xfc, 0x0, 0x0, 0x0, 0x0,
    0x7f, 0xdb, 0xfb, 0x0, 0x0, 0x0, 0x6f, 0xb1,
    0x8, 0xf9, 0x0, 0x0, 0x3, 0x30, 0x0, 0x3,
    0x40, 0x0, 0x0, 0x7, 0xce, 0xfd, 0x80, 0x0,
    0x0, 0xc, 0xff, 0xff, 0xff, 0xc0, 0x0, 0x8,
    0xff, 0xa0, 0x1d, 0xff, 0x60, 0x0, 0x8a, 0xa3,
    0x0, 0x7f, 0xf9, 0x0, 0x0, 0x0, 0x0, 0x5,
    0xff, 0xa0, 0x0, 0x8, 0xdf, 0xff, 0xff, 0xfa,
    0x0, 0xc, 0xff, 0xeb, 0xbc, 0xff, 0xa0, 0x4,
    0xff, 0xe1, 0x0, 0x6f, 0xfa, 0x0, 0x6f, 0xfb,
    0x0, 0xa, 0xff, 0xa0, 0x4, 0xff, 0xe2, 0x7,
    0xff, 0xfd, 0x0, 0xd, 0xff, 0xff, 0xf6, 0xcf,
    0xff, 0x40, 0x2a, 0xef, 0xc4, 0x3, 0xdf, 0xd3,

    /* U+00E3 "ã" */
    0x0, 0x4e, 0xfb, 0x51, 0x9f, 0x0, 0x0, 0xf,
    0xfe, 0xff, 0xff, 0xc0, 0x0, 0x2, 0xd5, 0x3,
    0x9c, 0xb2, 0x0, 0x0, 0x0, 0x0, 0x0, 0x0,
    0x0, 0x0, 0x0, 0x7, 0xce, 0xfd, 0x80, 0x0,
    0x0, 0xc, 0xff, 0xff, 0xff, 0xc0, 0x0, 0x8,
    0xff, 0xa0, 0x1d, 0xff, 0x60, 0x0, 0x8a, 0xa3,
    0x0, 0x7f, 0xf9, 0x0, 0x0, 0x0, 0x0, 0x5,
    0xff, 0xa0, 0x0, 0x8, 0xdf, 0xff, 0xff, 0xfa,
    0x0, 0xc, 0xff, 0xeb, 0xbc, 0xff, 0xa0, 0x4,
    0xff, 0xe1, 0x0, 0x6f, 0xfa, 0x0, 0x6f, 0xfb,
    0x0, 0xa, 0xff, 0xa0, 0x4, 0xff, 0xe2, 0x7,
    0xff, 0xfd, 0x0, 0xd, 0xff, 0xff, 0xf6, 0xcf,
    0xff, 0x40, 0x2a, 0xef, 0xc4, 0x3, 0xdf, 0xd3,

    /* U+00E4 "ä" */
    0x0, 0x8f, 0xc0, 0xd, 0xf7, 0x0, 0x0, 0x8,
    0xfc, 0x0, 0xdf, 0x70, 0x0, 0x0, 0x36, 0x40,
    0x5, 0x62, 0x0, 0x0, 0x0, 0x7c, 0xef, 0xd8,
    0x0, 0x0, 0x0, 0xcf, 0xff, 0xff, 0xfc, 0x0,
    0x0, 0x8f, 0xfa, 0x1, 0xdf, 0xf6, 0x0, 0x8,
    0xaa, 0x30, 0x7, 0xff, 0x90, 0x0, 0x0, 0x0,
    0x0, 0x5f, 0xfa, 0x0, 0x0, 0x8d, 0xff, 0xff,
    0xff, 0xa0, 0x0, 0xcf, 0xfe, 0xbb, 0xcf, 0xfa,
    0x0, 0x4f, 0xfe, 0x10, 0x6, 0xff, 0xa0, 0x6,
    0xff, 0xb0, 0x0, 0xaf, 0xfa, 0x0, 0x4f, 0xfe,
    0x20, 0x7f, 0xff, 0xd0, 0x0, 0xdf, 0xff, 0xff,
    0x6c, 0xff, 0xf4, 0x2, 0xae, 0xfc, 0x40, 0x3d,
    0xfd, 0x30,

    /* U+00E5 "å" */
    0x0, 0x0, 0x0, 0x0, 0x0, 0x0, 0x0, 0x0,
    0x9, 0xff, 0x90, 0x0, 0x0, 0x0, 0x6, 0xf7,
    0x7f, 0x70, 0x0, 0x0, 0x0, 0xab, 0x0, 0xaa,
    0x0, 0x0, 0x0, 0x8, 0xe3, 0x3e, 0x80, 0x0,
    0x0, 0x0, 0xc, 0xff, 0xc0, 0x0, 0x0, 0x0,
    0x0, 0x3, 0x30, 0x0, 0x0, 0x0, 0x0, 0x7c,
    0xef, 0xd8, 0x0, 0x0, 0x0, 0xcf, 0xff, 0xff,
    0xfc, 0x0, 0x0, 0x8f, 0xfa, 0x1, 0xdf, 0xf6,
    0x0, 0x8, 0xaa, 0x30, 0x7, 0xff, 0x90, 0x0,
    0x0, 0x0, 0x0, 0x5f, 0xfa, 0x0, 0x0, 0x8d,
    0xff, 0xff, 0xff, 0xa0, 0x0, 0xcf, 0xfe, 0xbb,
    0xcf, 0xfa, 0x0, 0x4f, 0xfe, 0x10, 0x6, 0xff,
    0xa0, 0x6, 0xff, 0xb0, 0x0, 0xaf, 0xfa, 0x0,
    0x4f, 0xfe, 0x20, 0x7f, 0xff, 0xd0, 0x0, 0xdf,
    0xff, 0xff, 0x6c, 0xff, 0xf4, 0x2, 0xae, 0xfc,
    0x40, 0x3d, 0xfd, 0x30,

    /* U+00E6 "æ" */
    0x0, 0x6, 0xce, 0xfe, 0xa2, 0x3b, 0xef, 0xe9,
    0x10, 0x0, 0xb, 0xff, 0xff, 0xff, 0xff, 0xff,
    0xff, 0xfe, 0x20, 0x6, 0xff, 0xc1, 0x9, 0xff,
    0xfe, 0x40, 0x5f, 0xfc, 0x0, 0x6a, 0xa4, 0x0,
    0x1f, 0xff, 0x70, 0x0, 0x9f, 0xf3, 0x0, 0x0,
    0x0, 0x0, 0xff, 0xf4, 0x0, 0x5, 0xff, 0x70,
    0x6, 0xcf, 0xff, 0xff, 0xff, 0xff, 0xff, 0xff,
    0xf9, 0xa, 0xff, 0xfd, 0xcc, 0xff, 0xfd, 0xcc,
    0xcc, 0xcc, 0x82, 0xff, 0xf3, 0x0, 0xf, 0xff,
    0x40, 0x0, 0x0, 0x0, 0x4f, 0xfe, 0x0, 0x5,
    0xff, 0xf8, 0x0, 0x2, 0x42, 0x2, 0xff, 0xf4,
    0x15, 0xed, 0xff, 0xf6, 0x13, 0xdf, 0xf2, 0xb,
    0xff, 0xff, 0xfe, 0x27, 0xff, 0xff, 0xff, 0xf6,
    0x0, 0x19, 0xef, 0xd9, 0x10, 0x4, 0xbe, 0xfe,
    0xa3, 0x0,

    /* U+00E7 "ç" */
    0x0, 0x4, 0xbe, 0xfe, 0xa2, 0x0, 0x0, 0x8f,
    0xff, 0xff, 0xff, 0x30, 0x4, 0xff, 0xf5, 0x27,
    0xff, 0xe0, 0xb, 0xff, 0x70, 0x0, 0xaf, 0xf5,
    0xf, 0xff, 0x20, 0x0, 0x0, 0x0, 0x1f, 0xff,
    0x10, 0x0, 0x0, 0x0, 0x1f, 0xff, 0x10, 0x0,
    0x0, 0x0, 0xf, 0xff, 0x20, 0x0, 0x12, 0x21,
    0xc, 0xff, 0x70, 0x0, 0xaf, 0xf6, 0x5, 0xff,
    0xf5, 0x26, 0xff, 0xf1, 0x0, 0x9f, 0xff, 0xff,
    0xff, 0x40, 0x0, 0x5, 0xbf, 0xfe, 0x92, 0x0,
    0x0, 0x0, 0xe, 0xa0, 0x0, 0x0, 0x0, 0x0,
    0x2f, 0xfe, 0x20, 0x0, 0x0, 0x0, 0x0, 0x9f,
    0x70, 0x0, 0x0, 0x0, 0x45, 0xcf, 0x40, 0x0,
    0x0, 0x0, 0xcf, 0xd6, 0x0, 0x0,

    /* U+00E8 "è" */
    0x0, 0xb, 0xff, 0x50, 0x0, 0x0, 0x0, 0x0,
    0x8f, 0xf4, 0x0, 0x0, 0x0, 0x0, 0x4, 0xef,
    0x30, 0x0, 0x0, 0x0, 0x0, 0x13, 0x10, 0x0,
    0x0, 0x5, 0xbe, 0xfd, 0x80, 0x0, 0x0, 0x9f,
    0xff, 0xff, 0xfd, 0x10, 0x5, 0xff, 0xd2, 0x6,
    0xff, 0x90, 0xc, 0xff, 0x50, 0x0, 0xcf, 0xf0,
    0xf, 0xff, 0x10, 0x0, 0x8f, 0xf4, 0x1f, 0xff,
    0xff, 0xff, 0xff, 0xf6, 0x1f, 0xff, 0xee, 0xee,
    0xee, 0xe6, 0xf, 0xff, 0x10, 0x0, 0x0, 0x0,
    0xc, 0xff, 0x50, 0x0, 0x23, 0x10, 0x6, 0xff,
    0xe4, 0x14, 0xef, 0xe1, 0x0, 0xaf, 0xff, 0xff,
    0xff, 0x40, 0x0, 0x5, 0xcf, 0xfd, 0x92, 0x0,

    /* U+00E9 "é" */
    0x0, 0x0, 0x0, 0x4f, 0xfb, 0x0, 0x0, 0x0,
    0x4, 0xff, 0x80, 0x0, 0x0, 0x0, 0x3f, 0xe4,
    0x0, 0x0, 0x0, 0x0, 0x13, 0x10, 0x0, 0x0,
    0x0, 0x5, 0xbe, 0xfd, 0x80, 0x0, 0x0, 0x9f,
    0xff, 0xff, 0xfd, 0x10, 0x5, 0xff, 0xd2, 0x6,
    0xff, 0x90, 0xc, 0xff, 0x50, 0x0, 0xcf, 0xf0,
    0xf, 0xff, 0x10, 0x0, 0x8f, 0xf4, 0x1f, 0xff,
    0xff, 0xff, 0xff, 0xf6, 0x1f, 0xff, 0xee, 0xee,
    0xee, 0xe6, 0xf, 0xff, 0x10, 0x0, 0x0, 0x0,
    0xc, 0xff, 0x50, 0x0, 0x23, 0x10, 0x6, 0xff,
    0xe4, 0x14, 0xef, 0xe1, 0x0, 0xaf, 0xff, 0xff,
    0xff, 0x40, 0x0, 0x5, 0xcf, 0xfd, 0x92, 0x0,

    /* U+00EA "ê" */
    0x0, 0x0, 0x4f, 0xfe, 0x20, 0x0, 0x0, 0x4,
    0xff, 0xaf, 0xd1, 0x0, 0x0, 0x3f, 0xd2, 0x5,
    0xfd, 0x0, 0x0, 0x24, 0x10, 0x0, 0x24, 0x10,
    0x0, 0x5, 0xbe, 0xfd, 0x80, 0x0, 0x0, 0x9f,
    0xff, 0xff, 0xfd, 0x10, 0x5, 0xff, 0xd2, 0x6,
    0xff, 0x90, 0xc, 0xff, 0x50, 0x0, 0xcf, 0xf0,
    0xf, 0xff, 0x10, 0x0, 0x8f, 0xf4, 0x1f, 0xff,
    0xff, 0xff, 0xff, 0xf6, 0x1f, 0xff, 0xee, 0xee,
    0xee, 0xe6, 0xf, 0xff, 0x10, 0x0, 0x0, 0x0,
    0xc, 0xff, 0x50, 0x0, 0x23, 0x10, 0x6, 0xff,
    0xe4, 0x14, 0xef, 0xe1, 0x0, 0xaf, 0xff, 0xff,
    0xff, 0x40, 0x0, 0x5, 0xcf, 0xfd, 0x92, 0x0,

    /* U+00EB "ë" */
    0x0, 0x3f, 0xf1, 0x8, 0xfc, 0x0, 0x0, 0x3f,
    0xf1, 0x8, 0xfc, 0x0, 0x0, 0x16, 0x60, 0x3,
    0x64, 0x0, 0x0, 0x5, 0xbe, 0xfd, 0x80, 0x0,
    0x0, 0x9f, 0xff, 0xff, 0xfd, 0x10, 0x5, 0xff,
    0xd2, 0x6, 0xff, 0x90, 0xc, 0xff, 0x50, 0x0,
    0xcf, 0xf0, 0xf, 0xff, 0x10, 0x0, 0x8f, 0xf4,
    0x1f, 0xff, 0xff, 0xff, 0xff, 0xf6, 0x1f, 0xff,
    0xee, 0xee, 0xee, 0xe6, 0xf, 0xff, 0x10, 0x0,
    0x0, 0x0, 0xc, 0xff, 0x50, 0x0, 0x23, 0x10,
    0x6, 0xff, 0xe4, 0x14, 0xef, 0xe1, 0x0, 0xaf,
    0xff, 0xff, 0xff, 0x40, 0x0, 0x5, 0xcf, 0xfd,
    0x92, 0x0,

    /* U+00EC "ì" */
    0x7f, 0xf9, 0x0, 0x4, 0xef, 0x80, 0x0, 0x1b,
    0xf8, 0x0, 0x0, 0x0, 0x0, 0x7f, 0xf9, 0x0,
    0x7f, 0xf9, 0x0, 0x7f, 0xf9, 0x0, 0x7f, 0xf9,
    0x0, 0x7f, 0xf9, 0x0, 0x7f, 0xf9, 0x0, 0x7f,
    0xf9, 0x0, 0x7f, 0xf9, 0x0, 0x7f, 0xf9, 0x0,
    0x7f, 0xf9, 0x0, 0x7f, 0xf9, 0x0, 0x7f, 0xf9,

    /* U+00ED "í" */
    0x0, 0x8f, 0xf7, 0x8, 0xfe, 0x40, 0x8f, 0xb1,
    0x0, 0x0, 0x0, 0x0, 0x7f, 0xf9, 0x0, 0x7f,
    0xf9, 0x0, 0x7f, 0xf9, 0x0, 0x7f, 0xf9, 0x0,
    0x7f, 0xf9, 0x0, 0x7f, 0xf9, 0x0, 0x7f, 0xf9,
    0x0, 0x7f, 0xf9, 0x0, 0x7f, 0xf9, 0x0, 0x7f,
    0xf9, 0x0, 0x7f, 0xf9, 0x0, 0x7f, 0xf9, 0x0,

    /* U+00EE "î" */
    0x0, 0x9f, 0xfc, 0x0, 0x0, 0x9f, 0xca, 0xfb,
    0x0, 0x8f, 0x90, 0x7, 0xfa, 0x1, 0x10, 0x0,
    0x1, 0x10, 0x0, 0x7f, 0xf9, 0x0, 0x0, 0x7,
    0xff, 0x90, 0x0, 0x0, 0x7f, 0xf9, 0x0, 0x0,
    0x7, 0xff, 0x90, 0x0, 0x0, 0x7f, 0xf9, 0x0,
    0x0, 0x7, 0xff, 0x90, 0x0, 0x0, 0x7f, 0xf9,
    0x0, 0x0, 0x7, 0xff, 0x90, 0x0, 0x0, 0x7f,
    0xf9, 0x0, 0x0, 0x7, 0xff, 0x90, 0x0, 0x0,
    0x7f, 0xf9, 0x0, 0x0, 0x7, 0xff, 0x90, 0x0,

    /* U+00EF "ï" */
    0x7f, 0xe0, 0xc, 0xf9, 0x7f, 0xe0, 0xc, 0xf9,
    0x26, 0x50, 0x4, 0x63, 0x0, 0x7f, 0xf9, 0x0,
    0x0, 0x7f, 0xf9, 0x0, 0x0, 0x7f, 0xf9, 0x0,
    0x0, 0x7f, 0xf9, 0x0, 0x0, 0x7f, 0xf9, 0x0,
    0x0, 0x7f, 0xf9, 0x0, 0x0, 0x7f, 0xf9, 0x0,
    0x0, 0x7f, 0xf9, 0x0, 0x0, 0x7f, 0xf9, 0x0,
    0x0, 0x7f, 0xf9, 0x0, 0x0, 0x7f, 0xf9, 0x0,
    0x0, 0x7f, 0xf9, 0x0,

    /* U+00F0 "ð" */
    0x0, 0x0, 0x0, 0x0, 0x0, 0x0, 0x0, 0x0,
    0x7f, 0xfb, 0x36, 0xd8, 0x0, 0x0, 0x0, 0x1d,
    0xff, 0xff, 0x60, 0x0, 0x0, 0x2e, 0xff, 0xff,
    0x80, 0x0, 0x0, 0x4, 0xe8, 0x2b, 0xff, 0x40,
    0x0, 0x0, 0x0, 0x0, 0x1e, 0xfe, 0x0, 0x0,
    0x4, 0xae, 0xfe, 0xef, 0xf8, 0x0, 0x9, 0xff,
    0xff, 0xff, 0xff, 0xe0, 0x6, 0xff, 0xf6, 0x23,
    0xbf, 0xff, 0x30, 0xdf, 0xf7, 0x0, 0x0, 0xef,
    0xf6, 0xf, 0xff, 0x20, 0x0, 0xb, 0xff, 0x81,
    0xff, 0xf0, 0x0, 0x0, 0x9f, 0xf8, 0xf, 0xff,
    0x20, 0x0, 0xb, 0xff, 0x60, 0xdf, 0xf6, 0x0,
    0x0, 0xef, 0xf2, 0x5, 0xff, 0xf6, 0x23, 0xbf,
    0xfb, 0x0, 0x8, 0xff, 0xff, 0xff, 0xfc, 0x10,
    0x0, 0x4, 0xae, 0xff, 0xc6, 0x0, 0x0,

    /* U+00F1 "ñ" */
    0x0, 0x4e, 0xea, 0x30, 0x8f, 0x0, 0x0, 0xff,
    0xef, 0xfe, 0xfc, 0x0, 0x3, 0xf5, 0x4, 0xbf,
    0xd3, 0x0, 0x0, 0x0, 0x0, 0x0, 0x0, 0x0,
    0x8f, 0xf5, 0x19, 0xef, 0xd5, 0x0, 0x7f, 0xf7,
    0xdf, 0xff, 0xff, 0x40, 0x7f, 0xff, 0xc3, 0x3c,
    0xff, 0xc0, 0x7f, 0xff, 0x10, 0x3, 0xff, 0xf0,
    0x7f, 0xfb, 0x0, 0x0, 0xff, 0xf1, 0x7f, 0xf9,
    0x0, 0x0, 0xff, 0xf1, 0x7f, 0xf9, 0x0, 0x0,
    0xff, 0xf1, 0x7f, 0xf9, 0x0, 0x0, 0xff, 0xf1,
    0x7f, 0xf9, 0x0, 0x0, 0xff, 0xf1, 0x7f, 0xf9,
    0x0, 0x0, 0xff, 0xf1, 0x7f, 0xf9, 0x0, 0x0,
    0xff, 0xf1, 0x7f, 0xf9, 0x0, 0x0, 0xff, 0xf1,

    /* U+00F2 "ò" */
    0x0, 0x4, 0xff, 0xb0, 0x0, 0x0, 0x0, 0x0,
    0x3, 0xdf, 0xa0, 0x0, 0x0, 0x0, 0x0, 0x0,
    0xaf, 0xa0, 0x0, 0x0, 0x0, 0x0, 0x0, 0x22,
    0x0, 0x0, 0x0, 0x3, 0xae, 0xff, 0xc7, 0x0,
    0x0, 0x7, 0xff, 0xff, 0xff, 0xfd, 0x10, 0x4,
    0xff, 0xf7, 0x24, 0xcf, 0xfc, 0x0, 0xbf, 0xf8,
    0x0, 0x1, 0xff, 0xf3, 0xf, 0xff, 0x30, 0x0,
    0xb, 0xff, 0x71, 0xff, 0xf1, 0x0, 0x0, 0x9f,
    0xf8, 0x1f, 0xff, 0x10, 0x0, 0xa, 0xff, 0x80,
    0xff, 0xf3, 0x0, 0x0, 0xbf, 0xf6, 0xb, 0xff,
    0x80, 0x0, 0x1f, 0xff, 0x20, 0x4f, 0xff, 0x62,
    0x4d, 0xff, 0xa0, 0x0, 0x7f, 0xff, 0xff, 0xff,
    0xc1, 0x0, 0x0, 0x3a, 0xef, 0xfc, 0x60, 0x0,

    /* U+00F3 "ó" */
    0x0, 0x0, 0x0, 0xb, 0xff, 0x40, 0x0, 0x0,
    0x0, 0xb, 0xfd, 0x30, 0x0, 0x0, 0x0, 0xa,
    0xfa, 0x0, 0x0, 0x0, 0x0, 0x0, 0x32, 0x0,
    0x0, 0x0, 0x0, 0x3, 0xae, 0xff, 0xc7, 0x0,
    0x0, 0x7, 0xff, 0xff, 0xff, 0xfd, 0x10, 0x4,
    0xff, 0xf7, 0x24, 0xcf, 0xfc, 0x0, 0xbf, 0xf8,
    0x0, 0x1, 0xff, 0xf3, 0xf, 0xff, 0x30, 0x0,
    0xb, 0xff, 0x71, 0xff, 0xf1, 0x0, 0x0, 0x9f,
    0xf8, 0x1f, 0xff, 0x10, 0x0, 0xa, 0xff, 0x80,
    0xff, 0xf3, 0x0, 0x0, 0xbf, 0xf6, 0xb, 0xff,
    0x80, 0x0, 0x1f, 0xff, 0x20, 0x4f, 0xff, 0x62,
    0x4d, 0xff, 0xa0, 0x0, 0x7f, 0xff, 0xff, 0xff,
    0xc1, 0x0, 0x0, 0x3a, 0xef, 0xfc, 0x60, 0x0,

    /* U+00F4 "ô" */
    0x0, 0x0, 0x1d, 0xff, 0x60, 0x0, 0x0, 0x0,
    0xd, 0xfa, 0xef, 0x50, 0x0, 0x0, 0xc, 0xf6,
    0x2, 0xdf, 0x40, 0x0, 0x1, 0x42, 0x0, 0x0,
    0x42, 0x0, 0x0, 0x3, 0xae, 0xff, 0xc7, 0x0,
    0x0, 0x7, 0xff, 0xff, 0xff, 0xfd, 0x10, 0x4,
    0xff, 0xf7, 0x24, 0xcf, 0xfc, 0x0, 0xbf, 0xf8,
    0x0, 0x1, 0xff, 0xf3, 0xf, 0xff, 0x30, 0x0,
    0xb, 0xff, 0x71, 0xff, 0xf1, 0x0, 0x0, 0x9f,
    0xf8, 0x1f, 0xff, 0x10, 0x0, 0xa, 0xff, 0x80,
    0xff, 0xf3, 0x0, 0x0, 0xbf, 0xf6, 0xb, 0xff,
    0x80, 0x0, 0x1f, 0xff, 0x20, 0x4f, 0xff, 0x62,
    0x4d, 0xff, 0xa0, 0x0, 0x7f, 0xff, 0xff, 0xff,
    0xc1, 0x0, 0x0, 0x3a, 0xef, 0xfc, 0x60, 0x0,

    /* U+00F5 "õ" */
    0x0, 0x7, 0xfe, 0x93, 0x1c, 0xc0, 0x0, 0x3,
    0xff, 0xff, 0xff, 0xf8, 0x0, 0x0, 0x5d, 0x20,
    0x4a, 0xc9, 0x0, 0x0, 0x0, 0x0, 0x0, 0x0,
    0x0, 0x0, 0x0, 0x3, 0xae, 0xff, 0xc7, 0x0,
    0x0, 0x7, 0xff, 0xff, 0xff, 0xfd, 0x10, 0x4,
    0xff, 0xf7, 0x24, 0xcf, 0xfc, 0x0, 0xbf, 0xf8,
    0x0, 0x1, 0xff, 0xf3, 0xf, 0xff, 0x30, 0x0,
    0xb, 0xff, 0x71, 0xff, 0xf1, 0x0, 0x0, 0x9f,
    0xf8, 0x1f, 0xff, 0x10, 0x0, 0xa, 0xff, 0x80,
    0xff, 0xf3, 0x0, 0x0, 0xbf, 0xf6, 0xb, 0xff,
    0x80, 0x0, 0x1f, 0xff, 0x20, 0x4f, 0xff, 0x62,
    0x4d, 0xff, 0xa0, 0x0, 0x7f, 0xff, 0xff, 0xff,
    0xc1, 0x0, 0x0, 0x3a, 0xef, 0xfc, 0x60, 0x0,

    /* U+00F6 "ö" */
    0x0, 0xc, 0xf8, 0x1, 0xff, 0x30, 0x0, 0x0,
    0xcf, 0x80, 0x1f, 0xf3, 0x0, 0x0, 0x4, 0x63,
    0x0, 0x66, 0x10, 0x0, 0x0, 0x3a, 0xef, 0xfc,
    0x70, 0x0, 0x0, 0x7f, 0xff, 0xff, 0xff, 0xd1,
    0x0, 0x4f, 0xff, 0x72, 0x4c, 0xff, 0xc0, 0xb,
    0xff, 0x80, 0x0, 0x1f, 0xff, 0x30, 0xff, 0xf3,
    0x0, 0x0, 0xbf, 0xf7, 0x1f, 0xff, 0x10, 0x0,
    0x9, 0xff, 0x81, 0xff, 0xf1, 0x0, 0x0, 0xaf,
    0xf8, 0xf, 0xff, 0x30, 0x0, 0xb, 0xff, 0x60,
    0xbf, 0xf8, 0x0, 0x1, 0xff, 0xf2, 0x4, 0xff,
    0xf6, 0x24, 0xdf, 0xfa, 0x0, 0x7, 0xff, 0xff,
    0xff, 0xfc, 0x10, 0x0, 0x3, 0xae, 0xff, 0xc6,
    0x0, 0x0,

    /* U+00F7 "÷" */
    0x0, 0x0, 0x4f, 0xf5, 0x0, 0x0, 0x0, 0x0,
    0x4f, 0xf5, 0x0, 0x0, 0x0, 0x0, 0x28, 0x82,
    0x0, 0x0, 0x0, 0x0, 0x0, 0x0, 0x0, 0x0,
    0x7f, 0xff, 0xff, 0xff, 0xff, 0xf9, 0x7f, 0xff,
    0xff, 0xff, 0xff, 0xf9, 0x37, 0x77, 0x77, 0x77,
    0x77, 0x73, 0x0, 0x0, 0x0, 0x0, 0x0, 0x0,
    0x0, 0x0, 0x28, 0x82, 0x0, 0x0, 0x0, 0x0,
    0x4f, 0xf5, 0x0, 0x0, 0x0, 0x0, 0x4f, 0xf5,
    0x0, 0x0,

    /* U+00F8 "ø" */
    0x0, 0x0, 0x0, 0x0, 0x0, 0x6, 0x71, 0x0,
    0x3, 0xae, 0xfe, 0xc6, 0x7f, 0x80, 0x0, 0x7f,
    0xff, 0xff, 0xff, 0xfb, 0x0, 0x4, 0xff, 0xf7,
    0x23, 0xcf, 0xfb, 0x0, 0xb, 0xff, 0x80, 0x1,
    0xef, 0xff, 0x30, 0xf, 0xff, 0x30, 0x1d, 0xed,
    0xff, 0x70, 0x1f, 0xff, 0x10, 0xcf, 0x39, 0xff,
    0x80, 0x1f, 0xff, 0x1a, 0xf4, 0xa, 0xff, 0x80,
    0xf, 0xff, 0xbf, 0x50, 0xb, 0xff, 0x60, 0xb,
    0xff, 0xf7, 0x0, 0x1f, 0xff, 0x20, 0x3, 0xff,
    0xf6, 0x24, 0xdf, 0xfa, 0x0, 0x4, 0xff, 0xff,
    0xff, 0xff, 0xc1, 0x0, 0x2f, 0xc3, 0xad, 0xff,
    0xc6, 0x0, 0x0, 0x67, 0x10, 0x0, 0x0, 0x0,
    0x0, 0x0,

    /* U+00F9 "ù" */
    0x0, 0xbf, 0xf5, 0x0, 0x0, 0x0, 0x0, 0x7f,
    0xf4, 0x0, 0x0, 0x0, 0x0, 0x3d, 0xf4, 0x0,
    0x0, 0x0, 0x0, 0x0, 0x0, 0x0, 0xaf, 0xf6,
    0x0, 0x1, 0xff, 0xea, 0xff, 0x60, 0x0, 0x1f,
    0xfe, 0xaf, 0xf6, 0x0, 0x1, 0xff, 0xea, 0xff,
    0x60, 0x0, 0x1f, 0xfe, 0xaf, 0xf6, 0x0, 0x1,
    0xff, 0xea, 0xff, 0x60, 0x0, 0x1f, 0xfe, 0xaf,
    0xf6, 0x0, 0x2, 0xff, 0xea, 0xff, 0x70, 0x0,
    0x3f, 0xfe, 0x9f, 0xfa, 0x0, 0x9, 0xff, 0xe5,
    0xff, 0xf6, 0x16, 0xef, 0xfe, 0xd, 0xff, 0xff,
    0xf5, 0xff, 0xe0, 0x1a, 0xef, 0xc5, 0xe, 0xff,

    /* U+00FA "ú" */
    0x0, 0x0, 0x0, 0xcf, 0xf4, 0x0, 0x0, 0x0,
    0xcf, 0xc2, 0x0, 0x0, 0x0, 0xbf, 0x80, 0x0,
    0x0, 0x0, 0x0, 0x0, 0x0, 0x0, 0xaf, 0xf6,
    0x0, 0x1, 0xff, 0xea, 0xff, 0x60, 0x0, 0x1f,
    0xfe, 0xaf, 0xf6, 0x0, 0x1, 0xff, 0xea, 0xff,
    0x60, 0x0, 0x1f, 0xfe, 0xaf, 0xf6, 0x0, 0x1,
    0xff, 0xea, 0xff, 0x60, 0x0, 0x1f, 0xfe, 0xaf,
    0xf6, 0x0, 0x2, 0xff, 0xea, 0xff, 0x70, 0x0,
    0x3f, 0xfe, 0x9f, 0xfa, 0x0, 0x9, 0xff, 0xe5,
    0xff, 0xf6, 0x16, 0xef, 0xfe, 0xd, 0xff, 0xff,
    0xf5, 0xff, 0xe0, 0x1a, 0xef, 0xc5, 0xe, 0xff,

    /* U+00FB "û" */
    0x0, 0x1, 0xef, 0xf6, 0x0, 0x0, 0x1, 0xdf,
    0x9e, 0xf5, 0x0, 0x1, 0xde, 0x40, 0x1b, 0xf4,
    0x0, 0x1, 0x0, 0x0, 0x1, 0x0, 0xaf, 0xf6,
    0x0, 0x1, 0xff, 0xea, 0xff, 0x60, 0x0, 0x1f,
    0xfe, 0xaf, 0xf6, 0x0, 0x1, 0xff, 0xea, 0xff,
    0x60, 0x0, 0x1f, 0xfe, 0xaf, 0xf6, 0x0, 0x1,
    0xff, 0xea, 0xff, 0x60, 0x0, 0x1f, 0xfe, 0xaf,
    0xf6, 0x0, 0x2, 0xff, 0xea, 0xff, 0x70, 0x0,
    0x3f, 0xfe, 0x9f, 0xfa, 0x0, 0x9, 0xff, 0xe5,
    0xff, 0xf6, 0x16, 0xef, 0xfe, 0xd, 0xff, 0xff,
    0xf5, 0xff, 0xe0, 0x1a, 0xef, 0xc5, 0xe, 0xff,

    /* U+00FC "ü" */
    0x0, 0xcf, 0x80, 0x2f, 0xf3, 0x0, 0xc, 0xf8,
    0x2, 0xff, 0x30, 0x0, 0x46, 0x30, 0x6, 0x61,
    0xa, 0xff, 0x60, 0x0, 0x1f, 0xfe, 0xaf, 0xf6,
    0x0, 0x1, 0xff, 0xea, 0xff, 0x60, 0x0, 0x1f,
    0xfe, 0xaf, 0xf6, 0x0, 0x1, 0xff, 0xea, 0xff,
    0x60, 0x0, 0x1f, 0xfe, 0xaf, 0xf6, 0x0, 0x1,
    0xff, 0xea, 0xff, 0x60, 0x0, 0x2f, 0xfe, 0xaf,
    0xf7, 0x0, 0x3, 0xff, 0xe9, 0xff, 0xa0, 0x0,
    0x9f, 0xfe, 0x5f, 0xff, 0x61, 0x6e, 0xff, 0xe0,
    0xdf, 0xff, 0xff, 0x5f, 0xfe, 0x1, 0xae, 0xfc,
    0x50, 0xef, 0xf0,

    /* U+00FD "ý" */
    0x0, 0x0, 0x0, 0x5f, 0xfa, 0x0, 0x0, 0x0,
    0x0, 0x5f, 0xf6, 0x0, 0x0, 0x0, 0x0, 0x4f,
    0xd2, 0x0, 0x0, 0x0, 0x0, 0x0, 0x0, 0x0,
    0x0, 0x0, 0xaf, 0xf8, 0x0, 0x0, 0x3f, 0xfe,
    0x4, 0xff, 0xd0, 0x0, 0x7, 0xff, 0x90, 0xe,
    0xff, 0x20, 0x0, 0xcf, 0xf3, 0x0, 0x8f, 0xf7,
    0x0, 0x1f, 0xfd, 0x0, 0x2, 0xff, 0xc0, 0x6,
    0xff, 0x80, 0x0, 0xb, 0xff, 0x10, 0xaf, 0xf2,
    0x0, 0x0, 0x5f, 0xf6, 0xe, 0xfc, 0x0, 0x0,
    0x0, 0xff, 0xb3, 0xff, 0x60, 0x0, 0x0, 0x9,
    0xff, 0x8f, 0xf1, 0x0, 0x0, 0x0, 0x3f, 0xfe,
    0xfb, 0x0, 0x0, 0x0, 0x0, 0xdf, 0xff, 0x50,
    0x0, 0x0, 0x0, 0x7, 0xff, 0xf0, 0x0, 0x0,
    0x0, 0x0, 0x6f, 0xfa, 0x0, 0x0, 0x0, 0x0,
    0xd, 0xff, 0x30, 0x0, 0x0, 0x3, 0x4a, 0xff,
    0xc0, 0x0, 0x0, 0x0, 0xdf, 0xff, 0xf2, 0x0,
    0x0, 0x0, 0xc, 0xfe, 0xb2, 0x0, 0x0, 0x0,
    0x0,

    /* U+00FE "þ" */
    0x7f, 0xf9, 0x0, 0x0, 0x0, 0x0, 0x7f, 0xf9,
    0x0, 0x0, 0x0, 0x0, 0x7f, 0xf9, 0x0, 0x0,
    0x0, 0x0, 0x7f, 0xf9, 0x0, 0x0, 0x0, 0x0,
    0x7f, 0xf8, 0x2a, 0xef, 0xc5, 0x0, 0x7f, 0xf9,
    0xef, 0xff, 0xff, 0x50, 0x7f, 0xff, 0xb3, 0x3b,
    0xff, 0xe0, 0x7f, 0xff, 0x0, 0x0, 0xff, 0xf3,
    0x7f, 0xfa, 0x0, 0x0, 0xbf, 0xf6, 0x7f, 0xf9,
    0x0, 0x0, 0xaf, 0xf8, 0x7f, 0xf8, 0x0, 0x0,
    0xaf, 0xf8, 0x7f, 0xfa, 0x0, 0x0, 0xcf, 0xf6,
    0x7f, 0xff, 0x0, 0x1, 0xff, 0xf3, 0x7f, 0xff,
    0xb3, 0x3c, 0xff, 0xd0, 0x7f, 0xfa, 0xef, 0xff,
    0xff, 0x40, 0x7f, 0xf8, 0x2b, 0xef, 0xc4, 0x0,
    0x7f, 0xf8, 0x0, 0x0, 0x0, 0x0, 0x7f, 0xf9,
    0x0, 0x0, 0x0, 0x0, 0x7f, 0xf9, 0x0, 0x0,
    0x0, 0x0, 0x7f, 0xf9, 0x0, 0x0, 0x0, 0x0,
    0x7f, 0xf9, 0x0, 0x0, 0x0, 0x0,

    /* U+00FF "ÿ" */
    0x0, 0x3f, 0xf1, 0x9, 0xfc, 0x0, 0x0, 0x3,
    0xff, 0x10, 0x9f, 0xc0, 0x0, 0x0, 0x16, 0x60,
    0x3, 0x64, 0x0, 0xa, 0xff, 0x80, 0x0, 0x3,
    0xff, 0xe0, 0x4f, 0xfd, 0x0, 0x0, 0x7f, 0xf9,
    0x0, 0xef, 0xf2, 0x0, 0xc, 0xff, 0x30, 0x8,
    0xff, 0x70, 0x1, 0xff, 0xd0, 0x0, 0x2f, 0xfc,
    0x0, 0x6f, 0xf8, 0x0, 0x0, 0xbf, 0xf1, 0xa,
    0xff, 0x20, 0x0, 0x5, 0xff, 0x60, 0xef, 0xc0,
    0x0, 0x0, 0xf, 0xfb, 0x3f, 0xf6, 0x0, 0x0,
    0x0, 0x9f, 0xf8, 0xff, 0x10, 0x0, 0x0, 0x3,
    0xff, 0xef, 0xb0, 0x0, 0x0, 0x0, 0xd, 0xff,
    0xf5, 0x0, 0x0, 0x0, 0x0, 0x7f, 0xff, 0x0,
    0x0, 0x0, 0x0, 0x6, 0xff, 0xa0, 0x0, 0x0,
    0x0, 0x0, 0xdf, 0xf3, 0x0, 0x0, 0x0, 0x34,
    0xaf, 0xfc, 0x0, 0x0, 0x0, 0xd, 0xff, 0xff,
    0x20, 0x0, 0x0, 0x0, 0xcf, 0xeb, 0x20, 0x0,
    0x0, 0x0,

    /* U+0100 "Ā" */
    0x0, 0x0, 0x4d, 0xdd, 0xdd, 0xd2, 0x0, 0x0,
    0x0, 0x0, 0x5f, 0xff, 0xff, 0xf3, 0x0, 0x0,
    0x0, 0x0, 0x0, 0x0, 0x0, 0x0, 0x0, 0x0,
    0x0, 0x0, 0x0, 0x0, 0x0, 0x0, 0x0, 0x0,
    0x0, 0x0, 0x2, 0xff, 0xff, 0x0, 0x0, 0x0,
    0x0, 0x0, 0x7, 0xff, 0xff, 0x50, 0x0, 0x0,
    0x0, 0x0, 0xd, 0xfc, 0xef, 0xb0, 0x0, 0x0,
    0x0, 0x0, 0x3f, 0xf7, 0x9f, 0xf1, 0x0, 0x0,
    0x0, 0x0, 0x9f, 0xf2, 0x4f, 0xf7, 0x0, 0x0,
    0x0, 0x0, 0xef, 0xc0, 0xe, 0xfd, 0x0, 0x0,
    0x0, 0x5, 0xff, 0x70, 0x9, 0xff, 0x30, 0x0,
    0x0, 0xb, 0xff, 0x20, 0x3, 0xff, 0x80, 0x0,
    0x0, 0x1f, 0xfe, 0x66, 0x66, 0xff, 0xe0, 0x0,
    0x0, 0x6f, 0xff, 0xff, 0xff, 0xff, 0xf4, 0x0,
    0x0, 0xcf, 0xff, 0xff, 0xff, 0xff, 0xfa, 0x0,
    0x2, 0xff, 0xe0, 0x0, 0x0, 0xf, 0xff, 0x0,
    0x8, 0xff, 0x80, 0x0, 0x0, 0xa, 0xff, 0x60,
    0xe, 0xff, 0x30, 0x0, 0x0, 0x5, 0xff, 0xc0,
    0x4f, 0xfe, 0x0, 0x0, 0x0, 0x0, 0xff, 0xf2,

    /* U+0101 "ā" */
    0x0, 0xf, 0xff, 0xff, 0xf9, 0x0, 0x0, 0x0,
    0xdd, 0xdd, 0xdd, 0x70, 0x0, 0x0, 0x0, 0x0,
    0x0, 0x0, 0x0, 0x0, 0x0, 0x6c, 0xef, 0xd9,
    0x10, 0x0, 0x0, 0xcf, 0xff, 0xff, 0xfd, 0x0,
    0x0, 0x6f, 0xfc, 0x11, 0xcf, 0xf7, 0x0, 0x7,
    0xaa, 0x30, 0x5, 0xff, 0xb0, 0x0, 0x0, 0x0,
    0x0, 0x4f, 0xfb, 0x0, 0x0, 0x7c, 0xff, 0xff,
    0xff, 0xc0, 0x0, 0xbf, 0xff, 0xbb, 0xcf, 0xfc,
    0x0, 0x3f, 0xff, 0x20, 0x4, 0xff, 0xc0, 0x5,
    0xff, 0xd0, 0x0, 0x9f, 0xfc, 0x0, 0x3f, 0xff,
    0x20, 0x6f, 0xff, 0xe0, 0x0, 0xcf, 0xff, 0xff,
    0x7b, 0xff, 0xf5, 0x1, 0xae, 0xfc, 0x50, 0x2d,
    0xfe, 0x40,

    /* U+0102 "Ă" */
    0x0, 0x0, 0x67, 0x0, 0x0, 0x85, 0x0, 0x0,
    0x0, 0x0, 0x9f, 0x91, 0x1a, 0xf6, 0x0, 0x0,
    0x0, 0x0, 0x1d, 0xff, 0xff, 0xb0, 0x0, 0x0,
    0x0, 0x0, 0x0, 0x69, 0x95, 0x0, 0x0, 0x0,
    0x0, 0x0, 0x0, 0x0, 0x0, 0x0, 0x0, 0x0,
    0x0, 0x0, 0x2, 0xff, 0xff, 0x0, 0x0, 0x0,
    0x0, 0x0, 0x7, 0xff, 0xff, 0x50, 0x0, 0x0,
    0x0, 0x0, 0xd, 0xfc, 0xef, 0xb0, 0x0, 0x0,
    0x0, 0x0, 0x3f, 0xf7, 0x9f, 0xf1, 0x0, 0x0,
    0x0, 0x0, 0x9f, 0xf2, 0x4f, 0xf7, 0x0, 0x0,
    0x0, 0x0, 0xef, 0xc0, 0xe, 0xfd, 0x0, 0x0,
    0x0, 0x5, 0xff, 0x70, 0x9, 0xff, 0x30, 0x0,
    0x0, 0xb, 0xff, 0x20, 0x3, 0xff, 0x80, 0x0,
    0x0, 0x1f, 0xfe, 0x66, 0x66, 0xff, 0xe0, 0x0,
    0x0, 0x6f, 0xff, 0xff, 0xff, 0xff, 0xf4, 0x0,
    0x0, 0xcf, 0xff, 0xff, 0xff, 0xff, 0xfa, 0x0,
    0x2, 0xff, 0xe0, 0x0, 0x0, 0xf, 0xff, 0x0,
    0x8, 0xff, 0x80, 0x0, 0x0, 0xa, 0xff, 0x60,
    0xe, 0xff, 0x30, 0x0, 0x0, 0x5, 0xff, 0xc0,
    0x4f, 0xfe, 0x0, 0x0, 0x0, 0x0, 0xff, 0xf2,

    /* U+0103 "ă" */
    0x0, 0x6f, 0x70, 0x1, 0xed, 0x0, 0x0, 0x1,
    0xef, 0xdb, 0xff, 0x60, 0x0, 0x0, 0x2, 0xae,
    0xfc, 0x50, 0x0, 0x0, 0x0, 0x0, 0x0, 0x0,
    0x0, 0x0, 0x0, 0x6, 0xce, 0xfd, 0x91, 0x0,
    0x0, 0xc, 0xff, 0xff, 0xff, 0xd0, 0x0, 0x6,
    0xff, 0xc1, 0x1c, 0xff, 0x70, 0x0, 0x7a, 0xa3,
    0x0, 0x5f, 0xfb, 0x0, 0x0, 0x0, 0x0, 0x4,
    0xff, 0xb0, 0x0, 0x7, 0xcf, 0xff, 0xff, 0xfc,
    0x0, 0xb, 0xff, 0xfb, 0xbc, 0xff, 0xc0, 0x3,
    0xff, 0xf2, 0x0, 0x4f, 0xfc, 0x0, 0x5f, 0xfd,
    0x0, 0x9, 0xff, 0xc0, 0x3, 0xff, 0xf2, 0x6,
    0xff, 0xfe, 0x0, 0xc, 0xff, 0xff, 0xf7, 0xbf,
    0xff, 0x50, 0x1a, 0xef, 0xc5, 0x2, 0xdf, 0xe4,

    /* U+0104 "Ą" */
    0x0, 0x0, 0x2, 0xff, 0xff, 0x0, 0x0, 0x0,
    0x0, 0x0, 0x7, 0xff, 0xff, 0x50, 0x0, 0x0,
    0x0, 0x0, 0xd, 0xfe, 0xff, 0xb0, 0x0, 0x0,
    0x0, 0x0, 0x3f, 0xf9, 0xbf, 0xf1, 0x0, 0x0,
    0x0, 0x0, 0x9f, 0xf4, 0x6f, 0xf7, 0x0, 0x0,
    0x0, 0x0, 0xef, 0xe0, 0x1f, 0xfd, 0x0, 0x0,
    0x0, 0x5, 0xff, 0x90, 0xb, 0xff, 0x30, 0x0,
    0x0, 0xb, 0xff, 0x40, 0x6, 0xff, 0x80, 0x0,
    0x0, 0x1f, 0xfe, 0x0, 0x1, 0xff, 0xe0, 0x0,
    0x0, 0x6f, 0xff, 0xff, 0xff, 0xff, 0xf4, 0x0,
    0x0, 0xcf, 0xff, 0xff, 0xff, 0xff, 0xfa, 0x0,
    0x2, 0xff, 0xf6, 0x66, 0x66, 0x7f, 0xff, 0x0,
    0x8, 0xff, 0xa0, 0x0, 0x0, 0xc, 0xff, 0x60,
    0xe, 0xff, 0x40, 0x0, 0x0, 0x6, 0xff, 0xc0,
    0x4f, 0xfe, 0x0, 0x0, 0x0, 0x0, 0xff, 0xf2,
    0x0, 0x0, 0x0, 0x0, 0x0, 0x3, 0xf9, 0x0,
    0x0, 0x0, 0x0, 0x0, 0x0, 0xc, 0xf1, 0x0,
    0x0, 0x0, 0x0, 0x0, 0x0, 0xf, 0xf0, 0x0,
    0x0, 0x0, 0x0, 0x0, 0x0, 0xc, 0xfb, 0xa2,
    0x0, 0x0, 0x0, 0x0, 0x0, 0x2, 0xcf, 0xd1,

    /* U+0105 "ą" */
    0x0, 0x6, 0xce, 0xfd, 0x91, 0x0, 0x0, 0xb,
    0xff, 0xff, 0xff, 0xd0, 0x0, 0x6, 0xff, 0xc1,
    0x1c, 0xff, 0x70, 0x0, 0x9d, 0xd5, 0x0, 0x6f,
    0xfb, 0x0, 0x0, 0x0, 0x0, 0x4, 0xff, 0xb0,
    0x0, 0x2, 0x8a, 0xab, 0xcf, 0xfc, 0x0, 0x7,
    0xff, 0xff, 0xff, 0xff, 0xc0, 0x2, 0xff, 0xf5,
    0x0, 0x4f, 0xfc, 0x0, 0x5f, 0xfd, 0x0, 0x8,
    0xff, 0xc0, 0x3, 0xff, 0xf2, 0x5, 0xff, 0xfe,
    0x0, 0xd, 0xff, 0xff, 0xf7, 0xbf, 0xff, 0x50,
    0x1a, 0xef, 0xc5, 0x4, 0xff, 0xe4, 0x0, 0x0,
    0x0, 0x0, 0xdd, 0x0, 0x0, 0x0, 0x0, 0x0,
    0x7f, 0x70, 0x0, 0x0, 0x0, 0x0, 0x9, 0xf5,
    0x0, 0x0, 0x0, 0x0, 0x0, 0x7f, 0xe9, 0x60,
    0x0, 0x0, 0x0, 0x0, 0x9f, 0xe6, 0x0,

    /* U+0106 "Ć" */
    0x0, 0x0, 0x0, 0x0, 0xb, 0xff, 0x40, 0x0,
    0x0, 0x0, 0x0, 0x0, 0xcf, 0xc2, 0x0, 0x0,
    0x0, 0x0, 0x0, 0xc, 0xf8, 0x0, 0x0, 0x0,
    0x0, 0x0, 0x0, 0x0, 0x0, 0x0, 0x0, 0x0,
    0x0, 0x0, 0x0, 0x0, 0x0, 0x0, 0x0, 0x0,
    0x0, 0x0, 0x39, 0xde, 0xfe, 0xc8, 0x10, 0x0,
    0x0, 0x9, 0xff, 0xff, 0xff, 0xff, 0xf5, 0x0,
    0x0, 0xaf, 0xff, 0xea, 0x8a, 0xff, 0xff, 0x40,
    0x4, 0xff, 0xf8, 0x0, 0x0, 0xa, 0xff, 0xd0,
    0xa, 0xff, 0xb0, 0x0, 0x0, 0x0, 0xb8, 0x40,
    0xe, 0xff, 0x50, 0x0, 0x0, 0x0, 0x0, 0x0,
    0xf, 0xff, 0x20, 0x0, 0x0, 0x0, 0x0, 0x0,
    0x1f, 0xff, 0x10, 0x0, 0x0, 0x0, 0x0, 0x0,
    0xf, 0xff, 0x20, 0x0, 0x0, 0x0, 0x0, 0x0,
    0xe, 0xff, 0x50, 0x0, 0x0, 0x0, 0x10, 0x0,
    0x9, 0xff, 0xc0, 0x0, 0x0, 0x0, 0xde, 0x81,
    0x2, 0xff, 0xf9, 0x0, 0x0, 0xb, 0xff, 0xe0,
    0x0, 0x8f, 0xff, 0xea, 0x8a, 0xef, 0xff, 0x40,
    0x0, 0x7, 0xff, 0xff, 0xff, 0xff, 0xf5, 0x0,
    0x0, 0x0, 0x28, 0xce, 0xff, 0xc7, 0x10, 0x0,

    /* U+0107 "ć" */
    0x0, 0x0, 0x0, 0x1d, 0xfe, 0x20, 0x0, 0x0,
    0x1, 0xdf, 0xc1, 0x0, 0x0, 0x0, 0xc, 0xf8,
    0x0, 0x0, 0x0, 0x0, 0x3, 0x20, 0x0, 0x0,
    0x0, 0x4, 0xbe, 0xfe, 0x91, 0x0, 0x0, 0x8f,
    0xff, 0xff, 0xfe, 0x20, 0x4, 0xff, 0xf5, 0x28,
    0xff, 0xd0, 0xb, 0xff, 0x70, 0x0, 0xcf, 0xf3,
    0xf, 0xff, 0x20, 0x0, 0x35, 0x52, 0x1f, 0xff,
    0x10, 0x0, 0x0, 0x0, 0x1f, 0xff, 0x10, 0x0,
    0x0, 0x0, 0xf, 0xff, 0x20, 0x0, 0x0, 0x0,
    0xc, 0xff, 0x70, 0x0, 0x9f, 0xf7, 0x5, 0xff,
    0xf5, 0x26, 0xff, 0xf1, 0x0, 0x9f, 0xff, 0xff,
    0xff, 0x50, 0x0, 0x5, 0xbe, 0xfe, 0xa2, 0x0,

    /* U+0108 "Ĉ" */
    0x0, 0x0, 0x0, 0x2e, 0xff, 0x60, 0x0, 0x0,
    0x0, 0x0, 0x2, 0xef, 0xaf, 0xf5, 0x0, 0x0,
    0x0, 0x0, 0x2e, 0xd4, 0x2, 0xbf, 0x50, 0x0,
    0x0, 0x0, 0x0, 0x0, 0x0, 0x0, 0x0, 0x0,
    0x0, 0x0, 0x0, 0x0, 0x0, 0x0, 0x0, 0x0,
    0x0, 0x0, 0x39, 0xde, 0xfe, 0xc8, 0x10, 0x0,
    0x0, 0x9, 0xff, 0xff, 0xff, 0xff, 0xf5, 0x0,
    0x0, 0xaf, 0xff, 0xea, 0x8a, 0xff, 0xff, 0x40,
    0x4, 0xff, 0xf8, 0x0, 0x0, 0xa, 0xff, 0xd0,
    0xa, 0xff, 0xb0, 0x0, 0x0, 0x0, 0xb8, 0x40,
    0xe, 0xff, 0x50, 0x0, 0x0, 0x0, 0x0, 0x0,
    0xf, 0xff, 0x20, 0x0, 0x0, 0x0, 0x0, 0x0,
    0x1f, 0xff, 0x10, 0x0, 0x0, 0x0, 0x0, 0x0,
    0xf, 0xff, 0x20, 0x0, 0x0, 0x0, 0x0, 0x0,
    0xe, 0xff, 0x50, 0x0, 0x0, 0x0, 0x10, 0x0,
    0x9, 0xff, 0xc0, 0x0, 0x0, 0x0, 0xde, 0x81,
    0x2, 0xff, 0xf9, 0x0, 0x0, 0xb, 0xff, 0xe0,
    0x0, 0x8f, 0xff, 0xea, 0x8a, 0xef, 0xff, 0x40,
    0x0, 0x7, 0xff, 0xff, 0xff, 0xff, 0xf5, 0x0,
    0x0, 0x0, 0x28, 0xce, 0xff, 0xc7, 0x10, 0x0,

    /* U+0109 "ĉ" */
    0x0, 0x0, 0x3f, 0xff, 0x30, 0x0, 0x0, 0x3,
    0xff, 0xaf, 0xe2, 0x0, 0x0, 0x2e, 0xe3, 0x4,
    0xfd, 0x10, 0x0, 0x24, 0x10, 0x0, 0x14, 0x10,
    0x0, 0x4, 0xbe, 0xfe, 0xa2, 0x0, 0x0, 0x8f,
    0xff, 0xff, 0xff, 0x30, 0x4, 0xff, 0xf5, 0x27,
    0xff, 0xe0, 0xb, 0xff, 0x70, 0x0, 0xaf, 0xf5,
    0xf, 0xff, 0x20, 0x0, 0x0, 0x0, 0x1f, 0xff,
    0x10, 0x0, 0x0, 0x0, 0x1f, 0xff, 0x10, 0x0,
    0x0, 0x0, 0xf, 0xff, 0x20, 0x0, 0x12, 0x21,
    0xc, 0xff, 0x70, 0x0, 0xaf, 0xf6, 0x5, 0xff,
    0xf5, 0x26, 0xff, 0xf1, 0x0, 0x9f, 0xff, 0xff,
    0xff, 0x40, 0x0, 0x5, 0xbe, 0xfe, 0x92, 0x0,

    /* U+010A "Ċ" */
    0x0, 0x0, 0x0, 0x4, 0x43, 0x0, 0x0, 0x0,
    0x0, 0x0, 0x0, 0x1f, 0xff, 0x0, 0x0, 0x0,
    0x0, 0x0, 0x0, 0x1f, 0xff, 0x0, 0x0, 0x0,
    0x0, 0x0, 0x0, 0x0, 0x0, 0x0, 0x0, 0x0,
    0x0, 0x0, 0x0, 0x0, 0x0, 0x0, 0x0, 0x0,
    0x0, 0x0, 0x39, 0xde, 0xfe, 0xc8, 0x10, 0x0,
    0x0, 0x9, 0xff, 0xff, 0xff, 0xff, 0xf5, 0x0,
    0x0, 0xaf, 0xff, 0xea, 0x8a, 0xff, 0xff, 0x40,
    0x4, 0xff, 0xf8, 0x0, 0x0, 0xa, 0xff, 0xd0,
    0xa, 0xff, 0xb0, 0x0, 0x0, 0x0, 0xb8, 0x40,
    0xe, 0xff, 0x50, 0x0, 0x0, 0x0, 0x0, 0x0,
    0xf, 0xff, 0x20, 0x0, 0x0, 0x0, 0x0, 0x0,
    0x1f, 0xff, 0x10, 0x0, 0x0, 0x0, 0x0, 0x0,
    0xf, 0xff, 0x20, 0x0, 0x0, 0x0, 0x0, 0x0,
    0xe, 0xff, 0x50, 0x0, 0x0, 0x0, 0x10, 0x0,
    0x9, 0xff, 0xc0, 0x0, 0x0, 0x0, 0xde, 0x81,
    0x2, 0xff, 0xf9, 0x0, 0x0, 0xb, 0xff, 0xe0,
    0x0, 0x8f, 0xff, 0xea, 0x8a, 0xef, 0xff, 0x40,
    0x0, 0x7, 0xff, 0xff, 0xff, 0xff, 0xf5, 0x0,
    0x0, 0x0, 0x28, 0xce, 0xff, 0xc7, 0x10, 0x0,

    /* U+010B "ċ" */
    0x0, 0x0, 0x1f, 0xff, 0x0, 0x0, 0x0, 0x0,
    0x1f, 0xff, 0x0, 0x0, 0x0, 0x0, 0x4, 0x43,
    0x0, 0x0, 0x0, 0x0, 0x0, 0x0, 0x0, 0x0,
    0x0, 0x4, 0xbe, 0xfe, 0xa2, 0x0, 0x0, 0x8f,
    0xff, 0xff, 0xff, 0x30, 0x4, 0xff, 0xf5, 0x27,
    0xff, 0xe0, 0xb, 0xff, 0x70, 0x0, 0xaf, 0xf5,
    0xf, 0xff, 0x20, 0x0, 0x0, 0x0, 0x1f, 0xff,
    0x10, 0x0, 0x0, 0x0, 0x1f, 0xff, 0x10, 0x0,
    0x0, 0x0, 0xf, 0xff, 0x20, 0x0, 0x12, 0x21,
    0xc, 0xff, 0x70, 0x0, 0xaf, 0xf6, 0x5, 0xff,
    0xf5, 0x26, 0xff, 0xf1, 0x0, 0x9f, 0xff, 0xff,
    0xff, 0x40, 0x0, 0x5, 0xbe, 0xfe, 0x92, 0x0,

    /* U+010C "Č" */
    0x0, 0x0, 0x5f, 0xc2, 0x3, 0xdf, 0x20, 0x0,
    0x0, 0x0, 0x5, 0xff, 0xaf, 0xf3, 0x0, 0x0,
    0x0, 0x0, 0x0, 0x5f, 0xff, 0x30, 0x0, 0x0,
    0x0, 0x0, 0x0, 0x0, 0x0, 0x0, 0x0, 0x0,
    0x0, 0x0, 0x0, 0x0, 0x0, 0x0, 0x0, 0x0,
    0x0, 0x0, 0x39, 0xde, 0xfe, 0xc8, 0x10, 0x0,
    0x0, 0x9, 0xff, 0xff, 0xff, 0xff, 0xf5, 0x0,
    0x0, 0xaf, 0xff, 0xea, 0x8a, 0xff, 0xff, 0x40,
    0x4, 0xff, 0xf8, 0x0, 0x0, 0xa, 0xff, 0xd0,
    0xa, 0xff, 0xb0, 0x0, 0x0, 0x0, 0xb8, 0x40,
    0xe, 0xff, 0x50, 0x0, 0x0, 0x0, 0x0, 0x0,
    0xf, 0xff, 0x20, 0x0, 0x0, 0x0, 0x0, 0x0,
    0x1f, 0xff, 0x10, 0x0, 0x0, 0x0, 0x0, 0x0,
    0xf, 0xff, 0x20, 0x0, 0x0, 0x0, 0x0, 0x0,
    0xe, 0xff, 0x50, 0x0, 0x0, 0x0, 0x10, 0x0,
    0x9, 0xff, 0xc0, 0x0, 0x0, 0x0, 0xde, 0x81,
    0x2, 0xff, 0xf9, 0x0, 0x0, 0xb, 0xff, 0xe0,
    0x0, 0x8f, 0xff, 0xea, 0x8a, 0xef, 0xff, 0x40,
    0x0, 0x7, 0xff, 0xff, 0xff, 0xff, 0xf5, 0x0,
    0x0, 0x0, 0x28, 0xce, 0xff, 0xc7, 0x10, 0x0,

    /* U+010D "č" */
    0x0, 0x7f, 0x90, 0x3, 0xee, 0x10, 0x0, 0x8,
    0xfc, 0x6f, 0xe2, 0x0, 0x0, 0x0, 0x9f, 0xff,
    0x30, 0x0, 0x0, 0x0, 0x3, 0x42, 0x0, 0x0,
    0x0, 0x4, 0xbe, 0xfe, 0x91, 0x0, 0x0, 0x8f,
    0xff, 0xff, 0xfe, 0x10, 0x4, 0xff, 0xf5, 0x28,
    0xff, 0xb0, 0xb, 0xff, 0x70, 0x0, 0xdf, 0xf2,
    0xf, 0xff, 0x20, 0x0, 0x6a, 0xa4, 0x1f, 0xff,
    0x10, 0x0, 0x0, 0x0, 0x1f, 0xff, 0x10, 0x0,
    0x0, 0x0, 0xf, 0xff, 0x20, 0x0, 0x0, 0x0,
    0xc, 0xff, 0x70, 0x0, 0x8e, 0xe6, 0x5, 0xff,
    0xf5, 0x26, 0xff, 0xf2, 0x0, 0x9f, 0xff, 0xff,
    0xff, 0x60, 0x0, 0x5, 0xbe, 0xfe, 0xa3, 0x0,

    /* U+010E "Ď" */
    0x0, 0x4f, 0xc2, 0x1, 0xcf, 0x40, 0x0, 0x0,
    0x6, 0xfe, 0x6e, 0xf7, 0x0, 0x0, 0x0, 0x0,
    0x8f, 0xff, 0xa0, 0x0, 0x0, 0x0, 0x0, 0x7,
    0x87, 0x0, 0x0, 0x0, 0x0, 0x0, 0x0, 0x0,
    0x0, 0x0, 0x0, 0x8f, 0xff, 0xff, 0xfe, 0xb7,
    0x0, 0x0, 0x8f, 0xff, 0xff, 0xff, 0xff, 0xf5,
    0x0, 0x8f, 0xfc, 0x77, 0x8a, 0xff, 0xff, 0x50,
    0x8f, 0xfa, 0x0, 0x0, 0x1b, 0xff, 0xf1, 0x8f,
    0xfa, 0x0, 0x0, 0x0, 0xef, 0xf8, 0x8f, 0xfa,
    0x0, 0x0, 0x0, 0x7f, 0xfc, 0x8f, 0xfa, 0x0,
    0x0, 0x0, 0x4f, 0xfe, 0x8f, 0xfa, 0x0, 0x0,
    0x0, 0x3f, 0xff, 0x8f, 0xfa, 0x0, 0x0, 0x0,
    0x5f, 0xfd, 0x8f, 0xfa, 0x0, 0x0, 0x0, 0x8f,
    0xfb, 0x8f, 0xfa, 0x0, 0x0, 0x1, 0xef, 0xf6,
    0x8f, 0xfa, 0x0, 0x0, 0x1c, 0xff, 0xe0, 0x8f,
    0xfd, 0x77, 0x8a, 0xff, 0xff, 0x40, 0x8f, 0xff,
    0xff, 0xff, 0xff, 0xe4, 0x0, 0x8f, 0xff, 0xff,
    0xfe, 0xc7, 0x10, 0x0,

    /* U+010F "ď" */
    0x0, 0x0, 0x0, 0x0, 0x1f, 0xfe, 0xd, 0xfd,
    0x0, 0x0, 0x0, 0x0, 0x1f, 0xfe, 0xd, 0xfc,
    0x0, 0x0, 0x0, 0x0, 0x1f, 0xfe, 0x3, 0xca,
    0x0, 0x0, 0x0, 0x0, 0x1f, 0xfe, 0x2, 0xf4,
    0x0, 0x19, 0xef, 0xd6, 0x1f, 0xfe, 0x1, 0x20,
    0x0, 0xdf, 0xff, 0xff, 0x9f, 0xfe, 0x0, 0x0,
    0x7, 0xff, 0xf5, 0x26, 0xff, 0xfe, 0x0, 0x0,
    0xc, 0xff, 0x70, 0x0, 0x8f, 0xfe, 0x0, 0x0,
    0xf, 0xff, 0x20, 0x0, 0x3f, 0xfe, 0x0, 0x0,
    0x1f, 0xff, 0x10, 0x0, 0x1f, 0xfe, 0x0, 0x0,
    0x1f, 0xff, 0x10, 0x0, 0x2f, 0xfe, 0x0, 0x0,
    0xf, 0xff, 0x20, 0x0, 0x4f, 0xfe, 0x0, 0x0,
    0xc, 0xff, 0x70, 0x0, 0x9f, 0xfe, 0x0, 0x0,
    0x7, 0xff, 0xf5, 0x26, 0xff, 0xfe, 0x0, 0x0,
    0x0, 0xdf, 0xff, 0xff, 0x8f, 0xfe, 0x0, 0x0,
    0x0, 0x1a, 0xef, 0xc6, 0xf, 0xff, 0x0, 0x0,

    /* U+0110 "Đ" */
    0x8, 0xff, 0xff, 0xff, 0xeb, 0x70, 0x0, 0x0,
    0x8f, 0xff, 0xff, 0xff, 0xff, 0xf5, 0x0, 0x8,
    0xff, 0xd8, 0x88, 0xbf, 0xff, 0xf5, 0x0, 0x8f,
    0xfa, 0x0, 0x0, 0x1c, 0xff, 0xf1, 0x8, 0xff,
    0xa0, 0x0, 0x0, 0xe, 0xff, 0x80, 0x8f, 0xfa,
    0x0, 0x0, 0x0, 0x7f, 0xfc, 0xef, 0xff, 0xff,
    0xff, 0x70, 0x4, 0xff, 0xee, 0xff, 0xff, 0xff,
    0xf7, 0x0, 0x3f, 0xff, 0x5b, 0xff, 0xc6, 0x66,
    0x20, 0x5, 0xff, 0xd0, 0x8f, 0xfa, 0x0, 0x0,
    0x0, 0x8f, 0xfb, 0x8, 0xff, 0xa0, 0x0, 0x0,
    0x1e, 0xff, 0x60, 0x8f, 0xfa, 0x0, 0x0, 0x1c,
    0xff, 0xe0, 0x8, 0xff, 0xd8, 0x88, 0xaf, 0xff,
    0xf4, 0x0, 0x8f, 0xff, 0xff, 0xff, 0xff, 0xe4,
    0x0, 0x8, 0xff, 0xff, 0xff, 0xec, 0x71, 0x0,
    0x0,

    /* U+0111 "đ" */
    0x0, 0x0, 0x0, 0x0, 0x1f, 0xfe, 0x0, 0x0,
    0x0, 0x2, 0xdd, 0xdf, 0xff, 0xd4, 0x0, 0x0,
    0x3, 0xff, 0xff, 0xff, 0xf5, 0x0, 0x0, 0x0,
    0x0, 0x1f, 0xfe, 0x0, 0x0, 0x19, 0xef, 0xd6,
    0x1f, 0xfe, 0x0, 0x0, 0xdf, 0xff, 0xff, 0x9f,
    0xfe, 0x0, 0x7, 0xff, 0xf5, 0x15, 0xff, 0xfe,
    0x0, 0xc, 0xff, 0x70, 0x0, 0x8f, 0xfe, 0x0,
    0xf, 0xff, 0x20, 0x0, 0x3f, 0xfe, 0x0, 0x1f,
    0xff, 0x10, 0x0, 0x2f, 0xfe, 0x0, 0x1f, 0xff,
    0x10, 0x0, 0x1f, 0xfe, 0x0, 0xf, 0xff, 0x20,
    0x0, 0x3f, 0xfe, 0x0, 0xc, 0xff, 0x60, 0x0,
    0x8f, 0xfe, 0x0, 0x7, 0xff, 0xe2, 0x3, 0xef,
    0xfe, 0x0, 0x0, 0xdf, 0xff, 0xef, 0xaf, 0xfe,
    0x0, 0x0, 0x1a, 0xef, 0xd7, 0xf, 0xff, 0x0,

    /* U+0112 "Ē" */
    0x0, 0xb, 0xdd, 0xdd, 0xd9, 0x0, 0x0, 0x0,
    0xdf, 0xff, 0xff, 0xb0, 0x0, 0x0, 0x0, 0x0,
    0x0, 0x0, 0x0, 0x0, 0x0, 0x0, 0x0, 0x0,
    0x0, 0x0, 0x8f, 0xff, 0xff, 0xff, 0xff, 0xff,
    0x68, 0xff, 0xff, 0xff, 0xff, 0xff, 0xf6, 0x8f,
    0xfc, 0x77, 0x77, 0x77, 0x77, 0x28, 0xff, 0xa0,
    0x0, 0x0, 0x0, 0x0, 0x8f, 0xfa, 0x0, 0x0,
    0x0, 0x0, 0x8, 0xff, 0xa0, 0x0, 0x0, 0x0,
    0x0, 0x8f, 0xff, 0xff, 0xff, 0xff, 0xfb, 0x8,
    0xff, 0xff, 0xff, 0xff, 0xff, 0xb0, 0x8f, 0xfd,
    0x77, 0x77, 0x77, 0x75, 0x8, 0xff, 0xa0, 0x0,
    0x0, 0x0, 0x0, 0x8f, 0xfa, 0x0, 0x0, 0x0,
    0x0, 0x8, 0xff, 0xa0, 0x0, 0x0, 0x0, 0x0,
    0x8f, 0xfd, 0x77, 0x77, 0x77, 0x77, 0x68, 0xff,
    0xff, 0xff, 0xff, 0xff, 0xfd, 0x8f, 0xff, 0xff,
    0xff, 0xff, 0xff, 0xd0,

    /* U+0113 "ē" */
    0x0, 0xf, 0xff, 0xff, 0xf9, 0x0, 0x0, 0xd,
    0xdd, 0xdd, 0xd7, 0x0, 0x0, 0x0, 0x0, 0x0,
    0x0, 0x0, 0x0, 0x5, 0xbe, 0xfd, 0x80, 0x0,
    0x0, 0x9f, 0xff, 0xff, 0xfd, 0x10, 0x5, 0xff,
    0xd2, 0x6, 0xff, 0x90, 0xc, 0xff, 0x50, 0x0,
    0xcf, 0xf0, 0xf, 0xff, 0x10, 0x0, 0x8f, 0xf4,
    0x1f, 0xff, 0xff, 0xff, 0xff, 0xf6, 0x1f, 0xff,
    0xee, 0xee, 0xee, 0xe6, 0xf, 0xff, 0x10, 0x0,
    0x0, 0x0, 0xc, 0xff, 0x50, 0x0, 0x23, 0x10,
    0x6, 0xff, 0xe4, 0x14, 0xef, 0xe1, 0x0, 0xaf,
    0xff, 0xff, 0xff, 0x40, 0x0, 0x5, 0xcf, 0xfd,
    0x92, 0x0,

    /* U+0114 "Ĕ" */
    0x0, 0x18, 0x40, 0x0, 0x48, 0x20, 0x0, 0x0,
    0xfe, 0x40, 0x3e, 0xf0, 0x0, 0x0, 0x4, 0xff,
    0xff, 0xf5, 0x0, 0x0, 0x0, 0x2, 0x79, 0x82,
    0x0, 0x0, 0x0, 0x0, 0x0, 0x0, 0x0, 0x0,
    0x8, 0xff, 0xff, 0xff, 0xff, 0xff, 0xf6, 0x8f,
    0xff, 0xff, 0xff, 0xff, 0xff, 0x68, 0xff, 0xc7,
    0x77, 0x77, 0x77, 0x72, 0x8f, 0xfa, 0x0, 0x0,
    0x0, 0x0, 0x8, 0xff, 0xa0, 0x0, 0x0, 0x0,
    0x0, 0x8f, 0xfa, 0x0, 0x0, 0x0, 0x0, 0x8,
    0xff, 0xff, 0xff, 0xff, 0xff, 0xb0, 0x8f, 0xff,
    0xff, 0xff, 0xff, 0xfb, 0x8, 0xff, 0xd7, 0x77,
    0x77, 0x77, 0x50, 0x8f, 0xfa, 0x0, 0x0, 0x0,
    0x0, 0x8, 0xff, 0xa0, 0x0, 0x0, 0x0, 0x0,
    0x8f, 0xfa, 0x0, 0x0, 0x0, 0x0, 0x8, 0xff,
    0xd7, 0x77, 0x77, 0x77, 0x76, 0x8f, 0xff, 0xff,
    0xff, 0xff, 0xff, 0xd8, 0xff, 0xff, 0xff, 0xff,
    0xff, 0xfd,

    /* U+0115 "ĕ" */
    0x0, 0x8f, 0x50, 0x2, 0xfc, 0x0, 0x0, 0x2f,
    0xfc, 0xcf, 0xf4, 0x0, 0x0, 0x2, 0xbe, 0xfc,
    0x40, 0x0, 0x0, 0x0, 0x0, 0x0, 0x0, 0x0,
    0x0, 0x5, 0xbe, 0xfd, 0x80, 0x0, 0x0, 0x9f,
    0xff, 0xff, 0xfd, 0x10, 0x5, 0xff, 0xd2, 0x6,
    0xff, 0x90, 0xc, 0xff, 0x50, 0x0, 0xcf, 0xf0,
    0xf, 0xff, 0x10, 0x0, 0x8f, 0xf4, 0x1f, 0xff,
    0xff, 0xff, 0xff, 0xf6, 0x1f, 0xff, 0xee, 0xee,
    0xee, 0xe6, 0xf, 0xff, 0x10, 0x0, 0x0, 0x0,
    0xc, 0xff, 0x50, 0x0, 0x23, 0x10, 0x6, 0xff,
    0xe4, 0x14, 0xef, 0xe1, 0x0, 0xaf, 0xff, 0xff,
    0xff, 0x40, 0x0, 0x5, 0xcf, 0xfd, 0x92, 0x0,

    /* U+0116 "Ė" */
    0x0, 0x0, 0xf, 0xff, 0x10, 0x0, 0x0, 0x0,
    0x0, 0xff, 0xf1, 0x0, 0x0, 0x0, 0x0, 0x3,
    0x44, 0x0, 0x0, 0x0, 0x0, 0x0, 0x0, 0x0,
    0x0, 0x0, 0x8f, 0xff, 0xff, 0xff, 0xff, 0xff,
    0x68, 0xff, 0xff, 0xff, 0xff, 0xff, 0xf6, 0x8f,
    0xfc, 0x77, 0x77, 0x77, 0x77, 0x28, 0xff, 0xa0,
    0x0, 0x0, 0x0, 0x0, 0x8f, 0xfa, 0x0, 0x0,
    0x0, 0x0, 0x8, 0xff, 0xa0, 0x0, 0x0, 0x0,
    0x0, 0x8f, 0xff, 0xff, 0xff, 0xff, 0xfb, 0x8,
    0xff, 0xff, 0xff, 0xff, 0xff, 0xb0, 0x8f, 0xfd,
    0x77, 0x77, 0x77, 0x75, 0x8, 0xff, 0xa0, 0x0,
    0x0, 0x0, 0x0, 0x8f, 0xfa, 0x0, 0x0, 0x0,
    0x0, 0x8, 0xff, 0xa0, 0x0, 0x0, 0x0, 0x0,
    0x8f, 0xfd, 0x77, 0x77, 0x77, 0x77, 0x68, 0xff,
    0xff, 0xff, 0xff, 0xff, 0xfd, 0x8f, 0xff, 0xff,
    0xff, 0xff, 0xff, 0xd0,

    /* U+0117 "ė" */
    0x0, 0x0, 0x4f, 0xfc, 0x0, 0x0, 0x0, 0x0,
    0x4f, 0xfc, 0x0, 0x0, 0x0, 0x0, 0x14, 0x43,
    0x0, 0x0, 0x0, 0x0, 0x0, 0x0, 0x0, 0x0,
    0x0, 0x5, 0xbe, 0xfd, 0x80, 0x0, 0x0, 0x9f,
    0xff, 0xff, 0xfd, 0x10, 0x5, 0xff, 0xd2, 0x6,
    0xff, 0x90, 0xc, 0xff, 0x50, 0x0, 0xcf, 0xf0,
    0xf, 0xff, 0x10, 0x0, 0x8f, 0xf4, 0x1f, 0xff,
    0xff, 0xff, 0xff, 0xf6, 0x1f, 0xff, 0xee, 0xee,
    0xee, 0xe6, 0xf, 0xff, 0x10, 0x0, 0x0, 0x0,
    0xc, 0xff, 0x50, 0x0, 0x23, 0x10, 0x6, 0xff,
    0xe4, 0x14, 0xef, 0xe1, 0x0, 0xaf, 0xff, 0xff,
    0xff, 0x40, 0x0, 0x5, 0xcf, 0xfd, 0x92, 0x0,

    /* U+0118 "Ę" */
    0x8f, 0xff, 0xff, 0xff, 0xff, 0xff, 0x68, 0xff,
    0xff, 0xff, 0xff, 0xff, 0xf6, 0x8f, 0xfc, 0x77,
    0x77, 0x77, 0x77, 0x28, 0xff, 0xa0, 0x0, 0x0,
    0x0, 0x0, 0x8f, 0xfa, 0x0, 0x0, 0x0, 0x0,
    0x8, 0xff, 0xa0, 0x0, 0x0, 0x0, 0x0, 0x8f,
    0xfd, 0x77, 0x77, 0x77, 0x75, 0x8, 0xff, 0xff,
    0xff, 0xff, 0xff, 0xb0, 0x8f, 0xff, 0xff, 0xff,
    0xff, 0xfb, 0x8, 0xff, 0xa0, 0x0, 0x0, 0x0,
    0x0, 0x8f, 0xfa, 0x0, 0x0, 0x0, 0x0, 0x8,
    0xff, 0xa0, 0x0, 0x0, 0x0, 0x0, 0x8f, 0xfd,
    0x77, 0x77, 0x77, 0x77, 0x68, 0xff, 0xff, 0xff,
    0xff, 0xff, 0xfd, 0x8f, 0xff, 0xff, 0xff, 0xff,
    0xff, 0xd0, 0x0, 0x0, 0x0, 0x4, 0xf8, 0x0,
    0x0, 0x0, 0x0, 0x0, 0xef, 0x0, 0x0, 0x0,
    0x0, 0x0, 0x1f, 0xd0, 0x0, 0x0, 0x0, 0x0,
    0x0, 0xff, 0xab, 0x0, 0x0, 0x0, 0x0, 0x4,
    0xdf, 0xd0,

    /* U+0119 "ę" */
    0x0, 0x5, 0xbe, 0xfd, 0x80, 0x0, 0x0, 0x9f,
    0xff, 0xff, 0xfd, 0x0, 0x5, 0xff, 0xd2, 0x6,
    0xff, 0x80, 0xc, 0xff, 0x50, 0x0, 0xcf, 0xf0,
    0xf, 0xff, 0x20, 0x0, 0x8f, 0xf3, 0x1f, 0xff,
    0xee, 0xee, 0xef, 0xf6, 0x1f, 0xff, 0xff, 0xff,
    0xff, 0xf7, 0xf, 0xff, 0x10, 0x0, 0x0, 0x0,
    0xc, 0xff, 0x40, 0x0, 0x12, 0x10, 0x6, 0xff,
    0xd4, 0x14, 0xef, 0xe1, 0x0, 0xaf, 0xff, 0xff,
    0xff, 0x50, 0x0, 0x5, 0xcf, 0xff, 0xf3, 0x0,
    0x0, 0x0, 0x0, 0x9f, 0x30, 0x0, 0x0, 0x0,
    0x0, 0xfd, 0x0, 0x0, 0x0, 0x0, 0x2, 0xfd,
    0x0, 0x0, 0x0, 0x0, 0x0, 0xff, 0xab, 0x0,
    0x0, 0x0, 0x0, 0x4d, 0xfc, 0x0,

    /* U+011A "Ě" */
    0x0, 0x2f, 0xd2, 0x0, 0xbf, 0x50, 0x0, 0x0,
    0x5f, 0xf7, 0xdf, 0x90, 0x0, 0x0, 0x0, 0x7f,
    0xff, 0xb0, 0x0, 0x0, 0x0, 0x0, 0x68, 0x70,
    0x0, 0x0, 0x0, 0x0, 0x0, 0x0, 0x0, 0x0,
    0x8, 0xff, 0xff, 0xff, 0xff, 0xff, 0xf6, 0x8f,
    0xff, 0xff, 0xff, 0xff, 0xff, 0x68, 0xff, 0xc7,
    0x77, 0x77, 0x77, 0x72, 0x8f, 0xfa, 0x0, 0x0,
    0x0, 0x0, 0x8, 0xff, 0xa0, 0x0, 0x0, 0x0,
    0x0, 0x8f, 0xfa, 0x0, 0x0, 0x0, 0x0, 0x8,
    0xff, 0xff, 0xff, 0xff, 0xff, 0xb0, 0x8f, 0xff,
    0xff, 0xff, 0xff, 0xfb, 0x8, 0xff, 0xd7, 0x77,
    0x77, 0x77, 0x50, 0x8f, 0xfa, 0x0, 0x0, 0x0,
    0x0, 0x8, 0xff, 0xa0, 0x0, 0x0, 0x0, 0x0,
    0x8f, 0xfa, 0x0, 0x0, 0x0, 0x0, 0x8, 0xff,
    0xd7, 0x77, 0x77, 0x77, 0x76, 0x8f, 0xff, 0xff,
    0xff, 0xff, 0xff, 0xd8, 0xff, 0xff, 0xff, 0xff,
    0xff, 0xfd,

    /* U+011B "ě" */
    0x0, 0x6f, 0xa0, 0x3, 0xee, 0x10, 0x0, 0x8,
    0xfc, 0x6f, 0xf2, 0x0, 0x0, 0x0, 0x9f, 0xff,
    0x40, 0x0, 0x0, 0x0, 0x3, 0x42, 0x0, 0x0,
    0x0, 0x5, 0xbe, 0xfd, 0x80, 0x0, 0x0, 0x9f,
    0xff, 0xff, 0xfd, 0x10, 0x5, 0xff, 0xd2, 0x6,
    0xff, 0x90, 0xc, 0xff, 0x50, 0x0, 0xcf, 0xf0,
    0xf, 0xff, 0x10, 0x0, 0x8f, 0xf4, 0x1f, 0xff,
    0xff, 0xff, 0xff, 0xf6, 0x1f, 0xff, 0xee, 0xee,
    0xee, 0xe6, 0xf, 0xff, 0x10, 0x0, 0x0, 0x0,
    0xc, 0xff, 0x50, 0x0, 0x23, 0x10, 0x6, 0xff,
    0xe4, 0x14, 0xef, 0xe1, 0x0, 0xaf, 0xff, 0xff,
    0xff, 0x40, 0x0, 0x5, 0xcf, 0xfd, 0x92, 0x0,

    /* U+011C "Ĝ" */
    0x0, 0x0, 0x0, 0x3e, 0xff, 0x50, 0x0, 0x0,
    0x0, 0x0, 0x3, 0xff, 0xaf, 0xf5, 0x0, 0x0,
    0x0, 0x0, 0x3f, 0xd3, 0x2, 0xcf, 0x40, 0x0,
    0x0, 0x0, 0x0, 0x0, 0x0, 0x0, 0x0, 0x0,
    0x0, 0x0, 0x0, 0x0, 0x0, 0x0, 0x0, 0x0,
    0x0, 0x0, 0x28, 0xce, 0xfe, 0xd9, 0x30, 0x0,
    0x0, 0x8, 0xff, 0xff, 0xff, 0xff, 0xfa, 0x0,
    0x0, 0x9f, 0xff, 0xea, 0x89, 0xdf, 0xff, 0xa0,
    0x3, 0xff, 0xf9, 0x0, 0x0, 0x5, 0xff, 0xf2,
    0xa, 0xff, 0xc0, 0x0, 0x0, 0x0, 0x43, 0x0,
    0xe, 0xff, 0x50, 0x0, 0x0, 0x0, 0x0, 0x0,
    0xf, 0xff, 0x20, 0x0, 0x5, 0x66, 0x66, 0x64,
    0x1f, 0xff, 0x10, 0x0, 0xd, 0xff, 0xff, 0xfc,
    0xf, 0xff, 0x20, 0x0, 0xd, 0xff, 0xff, 0xfc,
    0xe, 0xff, 0x60, 0x0, 0x0, 0x0, 0x2f, 0xfc,
    0x9, 0xff, 0xd0, 0x0, 0x0, 0x0, 0x2f, 0xfc,
    0x3, 0xff, 0xfa, 0x0, 0x0, 0x1, 0x9f, 0xfc,
    0x0, 0x8f, 0xff, 0xea, 0x89, 0xcf, 0xff, 0xf7,
    0x0, 0x8, 0xff, 0xff, 0xff, 0xff, 0xfd, 0x50,
    0x0, 0x0, 0x28, 0xce, 0xfe, 0xd9, 0x40, 0x0,

    /* U+011D "ĝ" */
    0x0, 0x0, 0x3f, 0xff, 0x30, 0x0, 0x0, 0x2,
    0xef, 0xaf, 0xe2, 0x0, 0x0, 0x2e, 0xe4, 0x4,
    0xee, 0x10, 0x0, 0x24, 0x10, 0x0, 0x14, 0x10,
    0x0, 0x19, 0xef, 0xd7, 0xf, 0xff, 0x0, 0xdf,
    0xff, 0xff, 0x8f, 0xfe, 0x7, 0xff, 0xf6, 0x26,
    0xff, 0xfe, 0xc, 0xff, 0x70, 0x0, 0x9f, 0xfe,
    0xf, 0xff, 0x30, 0x0, 0x3f, 0xfe, 0x1f, 0xff,
    0x10, 0x0, 0x1f, 0xfe, 0x1f, 0xff, 0x10, 0x0,
    0x2f, 0xfe, 0xf, 0xff, 0x20, 0x0, 0x3f, 0xfe,
    0xd, 0xff, 0x70, 0x0, 0x9f, 0xfe, 0x7, 0xff,
    0xf6, 0x26, 0xff, 0xfe, 0x0, 0xdf, 0xff, 0xff,
    0x8f, 0xfe, 0x0, 0x1a, 0xef, 0xd6, 0x1f, 0xfe,
    0x0, 0x0, 0x0, 0x0, 0x2f, 0xfd, 0x2, 0x68,
    0x50, 0x0, 0x6f, 0xfb, 0x4, 0xff, 0xe4, 0x4,
    0xef, 0xf5, 0x0, 0xaf, 0xff, 0xff, 0xff, 0xa0,
    0x0, 0x6, 0xce, 0xfe, 0xb5, 0x0,

    /* U+011E "Ğ" */
    0x0, 0x0, 0xe, 0xe1, 0x0, 0x8f, 0x50, 0x0,
    0x0, 0x0, 0x7, 0xfe, 0xbc, 0xfc, 0x0, 0x0,
    0x0, 0x0, 0x0, 0x6d, 0xfe, 0x91, 0x0, 0x0,
    0x0, 0x0, 0x0, 0x0, 0x0, 0x0, 0x0, 0x0,
    0x0, 0x0, 0x0, 0x0, 0x0, 0x0, 0x0, 0x0,
    0x0, 0x0, 0x28, 0xce, 0xfe, 0xd9, 0x30, 0x0,
    0x0, 0x8, 0xff, 0xff, 0xff, 0xff, 0xfa, 0x0,
    0x0, 0x9f, 0xff, 0xea, 0x89, 0xdf, 0xff, 0xa0,
    0x3, 0xff, 0xf9, 0x0, 0x0, 0x5, 0xff, 0xf2,
    0xa, 0xff, 0xc0, 0x0, 0x0, 0x0, 0x43, 0x0,
    0xe, 0xff, 0x50, 0x0, 0x0, 0x0, 0x0, 0x0,
    0xf, 0xff, 0x20, 0x0, 0x5, 0x66, 0x66, 0x64,
    0x1f, 0xff, 0x10, 0x0, 0xd, 0xff, 0xff, 0xfc,
    0xf, 0xff, 0x20, 0x0, 0xd, 0xff, 0xff, 0xfc,
    0xe, 0xff, 0x60, 0x0, 0x0, 0x0, 0x2f, 0xfc,
    0x9, 0xff, 0xd0, 0x0, 0x0, 0x0, 0x2f, 0xfc,
    0x3, 0xff, 0xfa, 0x0, 0x0, 0x1, 0x9f, 0xfc,
    0x0, 0x8f, 0xff, 0xea, 0x89, 0xcf, 0xff, 0xf7,
    0x0, 0x8, 0xff, 0xff, 0xff, 0xff, 0xfd, 0x50,
    0x0, 0x0, 0x28, 0xce, 0xfe, 0xd9, 0x40, 0x0,

    /* U+011F "ğ" */
    0x0, 0x2f, 0xa0, 0x0, 0x9f, 0x30, 0x0, 0xd,
    0xf5, 0x5, 0xfe, 0x0, 0x0, 0x3, 0xff, 0xff,
    0xf4, 0x0, 0x0, 0x0, 0x29, 0xa8, 0x20, 0x0,
    0x0, 0x19, 0xef, 0xd7, 0xf, 0xff, 0x0, 0xdf,
    0xff, 0xff, 0x8f, 0xfe, 0x7, 0xff, 0xf6, 0x26,
    0xff, 0xfe, 0xc, 0xff, 0x70, 0x0, 0x9f, 0xfe,
    0xf, 0xff, 0x30, 0x0, 0x3f, 0xfe, 0x1f, 0xff,
    0x10, 0x0, 0x1f, 0xfe, 0x1f, 0xff, 0x10, 0x0,
    0x2f, 0xfe, 0xf, 0xff, 0x20, 0x0, 0x3f, 0xfe,
    0xd, 0xff, 0x70, 0x0, 0x9f, 0xfe, 0x7, 0xff,
    0xf6, 0x26, 0xff, 0xfe, 0x0, 0xdf, 0xff, 0xff,
    0x8f, 0xfe, 0x0, 0x1a, 0xef, 0xd6, 0x1f, 0xfe,
    0x0, 0x0, 0x0, 0x0, 0x2f, 0xfd, 0x2, 0x68,
    0x50, 0x0, 0x6f, 0xfb, 0x4, 0xff, 0xe4, 0x4,
    0xef, 0xf5, 0x0, 0xaf, 0xff, 0xff, 0xff, 0xa0,
    0x0, 0x6, 0xce, 0xfe, 0xb5, 0x0,

    /* U+0120 "Ġ" */
    0x0, 0x0, 0x0, 0x3, 0x44, 0x0, 0x0, 0x0,
    0x0, 0x0, 0x0, 0xd, 0xff, 0x30, 0x0, 0x0,
    0x0, 0x0, 0x0, 0xd, 0xff, 0x30, 0x0, 0x0,
    0x0, 0x0, 0x0, 0x0, 0x0, 0x0, 0x0, 0x0,
    0x0, 0x0, 0x0, 0x0, 0x0, 0x0, 0x0, 0x0,
    0x0, 0x0, 0x28, 0xce, 0xfe, 0xd9, 0x30, 0x0,
    0x0, 0x8, 0xff, 0xff, 0xff, 0xff, 0xfa, 0x0,
    0x0, 0x9f, 0xff, 0xea, 0x89, 0xdf, 0xff, 0xa0,
    0x3, 0xff, 0xf9, 0x0, 0x0, 0x5, 0xff, 0xf2,
    0xa, 0xff, 0xc0, 0x0, 0x0, 0x0, 0x43, 0x0,
    0xe, 0xff, 0x50, 0x0, 0x0, 0x0, 0x0, 0x0,
    0xf, 0xff, 0x20, 0x0, 0x5, 0x66, 0x66, 0x64,
    0x1f, 0xff, 0x10, 0x0, 0xd, 0xff, 0xff, 0xfc,
    0xf, 0xff, 0x20, 0x0, 0xd, 0xff, 0xff, 0xfc,
    0xe, 0xff, 0x60, 0x0, 0x0, 0x0, 0x2f, 0xfc,
    0x9, 0xff, 0xd0, 0x0, 0x0, 0x0, 0x2f, 0xfc,
    0x3, 0xff, 0xfa, 0x0, 0x0, 0x1, 0x9f, 0xfc,
    0x0, 0x8f, 0xff, 0xea, 0x89, 0xcf, 0xff, 0xf7,
    0x0, 0x8, 0xff, 0xff, 0xff, 0xff, 0xfd, 0x50,
    0x0, 0x0, 0x28, 0xce, 0xfe, 0xd9, 0x40, 0x0,

    /* U+0121 "ġ" */
    0x0, 0x0, 0xc, 0xff, 0x30, 0x0, 0x0, 0x0,
    0xc, 0xff, 0x30, 0x0, 0x0, 0x0, 0x3, 0x44,
    0x0, 0x0, 0x0, 0x0, 0x0, 0x0, 0x0, 0x0,
    0x0, 0x19, 0xef, 0xd7, 0xf, 0xff, 0x0, 0xdf,
    0xff, 0xff, 0x8f, 0xfe, 0x7, 0xff, 0xf6, 0x26,
    0xff, 0xfe, 0xc, 0xff, 0x70, 0x0, 0x9f, 0xfe,
    0xf, 0xff, 0x30, 0x0, 0x3f, 0xfe, 0x1f, 0xff,
    0x10, 0x0, 0x1f, 0xfe, 0x1f, 0xff, 0x10, 0x0,
    0x2f, 0xfe, 0xf, 0xff, 0x20, 0x0, 0x3f, 0xfe,
    0xd, 0xff, 0x70, 0x0, 0x9f, 0xfe, 0x7, 0xff,
    0xf6, 0x26, 0xff, 0xfe, 0x0, 0xdf, 0xff, 0xff,
    0x8f, 0xfe, 0x0, 0x1a, 0xef, 0xd6, 0x1f, 0xfe,
    0x0, 0x0, 0x0, 0x0, 0x2f, 0xfd, 0x2, 0x68,
    0x50, 0x0, 0x6f, 0xfb, 0x4, 0xff, 0xe4, 0x4,
    0xef, 0xf5, 0x0, 0xaf, 0xff, 0xff, 0xff, 0xa0,
    0x0, 0x6, 0xce, 0xfe, 0xb5, 0x0,

    /* U+0122 "Ģ" */
    0x0, 0x0, 0x28, 0xce, 0xfe, 0xd9, 0x30, 0x0,
    0x0, 0x8, 0xff, 0xff, 0xff, 0xff, 0xf9, 0x0,
    0x0, 0x9f, 0xff, 0xea, 0x89, 0xdf, 0xff, 0xa0,
    0x3, 0xff, 0xf9, 0x0, 0x0, 0x6, 0xff, 0xf2,
    0xa, 0xff, 0xc0, 0x0, 0x0, 0x0, 0x66, 0x10,
    0xe, 0xff, 0x50, 0x0, 0x0, 0x0, 0x0, 0x0,
    0xf, 0xff, 0x20, 0x0, 0x0, 0x0, 0x0, 0x0,
    0x1f, 0xff, 0x10, 0x0, 0xd, 0xff, 0xff, 0xfc,
    0xf, 0xff, 0x20, 0x0, 0xd, 0xff, 0xff, 0xfc,
    0xe, 0xff, 0x60, 0x0, 0x5, 0x66, 0x7f, 0xfc,
    0x9, 0xff, 0xd0, 0x0, 0x0, 0x0, 0x2f, 0xfc,
    0x3, 0xff, 0xfa, 0x0, 0x0, 0x0, 0x8f, 0xfc,
    0x0, 0x8f, 0xff, 0xea, 0x89, 0xbf, 0xff, 0xf7,
    0x0, 0x8, 0xff, 0xff, 0xff, 0xff, 0xfd, 0x50,
    0x0, 0x0, 0x28, 0xce, 0xfe, 0xd9, 0x40, 0x0,
    0x0, 0x0, 0x0, 0x0, 0x0, 0x0, 0x0, 0x0,
    0x0, 0x0, 0x0, 0x9, 0xff, 0x10, 0x0, 0x0,
    0x0, 0x0, 0x0, 0x9, 0xff, 0x0, 0x0, 0x0,
    0x0, 0x0, 0x0, 0x2, 0x9d, 0x0, 0x0, 0x0,
    0x0, 0x0, 0x0, 0x1, 0xe6, 0x0, 0x0, 0x0,

    /* U+0123 "ģ" */
    0x0, 0x0, 0x1, 0xf6, 0x0, 0x0, 0x0, 0x0,
    0x8, 0xe0, 0x0, 0x0, 0x0, 0x0, 0xa, 0xff,
    0x0, 0x0, 0x0, 0x0, 0xa, 0xff, 0x0, 0x0,
    0x0, 0x0, 0x2, 0x43, 0x0, 0x0, 0x0, 0x19,
    0xef, 0xd7, 0xf, 0xff, 0x0, 0xdf, 0xff, 0xff,
    0x8f, 0xfe, 0x7, 0xff, 0xf6, 0x26, 0xff, 0xfe,
    0xc, 0xff, 0x70, 0x0, 0x9f, 0xfe, 0xf, 0xff,
    0x30, 0x0, 0x3f, 0xfe, 0x1f, 0xff, 0x10, 0x0,
    0x1f, 0xfe, 0x1f, 0xff, 0x10, 0x0, 0x2f, 0xfe,
    0xf, 0xff, 0x20, 0x0, 0x3f, 0xfe, 0xd, 0xff,
    0x70, 0x0, 0x9f, 0xfe, 0x7, 0xff, 0xf6, 0x26,
    0xff, 0xfe, 0x0, 0xdf, 0xff, 0xff, 0x8f, 0xfe,
    0x0, 0x1a, 0xef, 0xd6, 0x1f, 0xfe, 0x0, 0x0,
    0x0, 0x0, 0x2f, 0xfd, 0x2, 0x68, 0x50, 0x0,
    0x6f, 0xfb, 0x4, 0xff, 0xe4, 0x4, 0xef, 0xf5,
    0x0, 0xaf, 0xff, 0xff, 0xff, 0xa0, 0x0, 0x6,
    0xce, 0xfe, 0xb5, 0x0,

    /* U+0124 "Ĥ" */
    0x0, 0x0, 0x9, 0xff, 0xa0, 0x0, 0x0, 0x0,
    0x0, 0x7f, 0xff, 0xf8, 0x0, 0x0, 0x0, 0x5,
    0xfd, 0x32, 0xdf, 0x60, 0x0, 0x0, 0x7, 0x71,
    0x0, 0x7, 0x70, 0x0, 0x0, 0x0, 0x0, 0x0,
    0x0, 0x0, 0x0, 0x8f, 0xfa, 0x0, 0x0, 0x0,
    0xcf, 0xf6, 0x8f, 0xfa, 0x0, 0x0, 0x0, 0xcf,
    0xf6, 0x8f, 0xfa, 0x0, 0x0, 0x0, 0xcf, 0xf6,
    0x8f, 0xfa, 0x0, 0x0, 0x0, 0xcf, 0xf6, 0x8f,
    0xfa, 0x0, 0x0, 0x0, 0xcf, 0xf6, 0x8f, 0xfa,
    0x0, 0x0, 0x0, 0xcf, 0xf6, 0x8f, 0xff, 0xff,
    0xff, 0xff, 0xff, 0xf6, 0x8f, 0xff, 0xff, 0xff,
    0xff, 0xff, 0xf6, 0x8f, 0xfe, 0xaa, 0xaa, 0xaa,
    0xef, 0xf6, 0x8f, 0xfa, 0x0, 0x0, 0x0, 0xcf,
    0xf6, 0x8f, 0xfa, 0x0, 0x0, 0x0, 0xcf, 0xf6,
    0x8f, 0xfa, 0x0, 0x0, 0x0, 0xcf, 0xf6, 0x8f,
    0xfa, 0x0, 0x0, 0x0, 0xcf, 0xf6, 0x8f, 0xfa,
    0x0, 0x0, 0x0, 0xcf, 0xf6, 0x8f, 0xfa, 0x0,
    0x0, 0x0, 0xcf, 0xf6,

    /* U+0125 "ĥ" */
    0x0, 0x0, 0xbf, 0xf9, 0x0, 0x0, 0x0, 0x9,
    0xff, 0xff, 0x70, 0x0, 0x0, 0x7f, 0xd2, 0x3e,
    0xf4, 0x0, 0x0, 0x77, 0x0, 0x1, 0x76, 0x0,
    0x0, 0x0, 0x0, 0x0, 0x0, 0x0, 0x7f, 0xf9,
    0x0, 0x0, 0x0, 0x0, 0x7f, 0xf9, 0x0, 0x0,
    0x0, 0x0, 0x7f, 0xf9, 0x0, 0x0, 0x0, 0x0,
    0x7f, 0xf9, 0x0, 0x0, 0x0, 0x0, 0x7f, 0xf8,
    0x19, 0xef, 0xd5, 0x0, 0x7f, 0xf8, 0xcf, 0xff,
    0xff, 0x40, 0x7f, 0xfe, 0xe6, 0x6e, 0xff, 0xc0,
    0x7f, 0xff, 0x20, 0x4, 0xff, 0xf0, 0x7f, 0xfb,
    0x0, 0x0, 0xff, 0xf1, 0x7f, 0xf9, 0x0, 0x0,
    0xff, 0xf1, 0x7f, 0xf9, 0x0, 0x0, 0xff, 0xf1,
    0x7f, 0xf9, 0x0, 0x0, 0xff, 0xf1, 0x7f, 0xf9,
    0x0, 0x0, 0xff, 0xf1, 0x7f, 0xf9, 0x0, 0x0,
    0xff, 0xf1, 0x7f, 0xf9, 0x0, 0x0, 0xff, 0xf1,
    0x7f, 0xf9, 0x0, 0x0, 0xff, 0xf1,

    /* U+0126 "Ħ" */
    0x8, 0xff, 0xa0, 0x0, 0x0, 0xa, 0xff, 0x60,
    0x8, 0xff, 0xa0, 0x0, 0x0, 0xa, 0xff, 0x60,
    0xdf, 0xff, 0xff, 0xff, 0xff, 0xff, 0xff, 0xfb,
    0xbe, 0xff, 0xfd, 0xdd, 0xdd, 0xdf, 0xff, 0xe9,
    0x8, 0xff, 0xa0, 0x0, 0x0, 0xa, 0xff, 0x60,
    0x8, 0xff, 0xa0, 0x0, 0x0, 0xa, 0xff, 0x60,
    0x8, 0xff, 0xff, 0xff, 0xff, 0xff, 0xff, 0x60,
    0x8, 0xff, 0xff, 0xff, 0xff, 0xff, 0xff, 0x60,
    0x8, 0xff, 0xea, 0xaa, 0xaa, 0xae, 0xff, 0x60,
    0x8, 0xff, 0xa0, 0x0, 0x0, 0xa, 0xff, 0x60,
    0x8, 0xff, 0xa0, 0x0, 0x0, 0xa, 0xff, 0x60,
    0x8, 0xff, 0xa0, 0x0, 0x0, 0xa, 0xff, 0x60,
    0x8, 0xff, 0xa0, 0x0, 0x0, 0xa, 0xff, 0x60,
    0x8, 0xff, 0xa0, 0x0, 0x0, 0xa, 0xff, 0x60,
    0x8, 0xff, 0xa0, 0x0, 0x0, 0xa, 0xff, 0x60,

    /* U+0127 "ħ" */
    0x7, 0xff, 0x90, 0x0, 0x0, 0x0, 0xc, 0xef,
    0xff, 0xdd, 0xb0, 0x0, 0x0, 0xef, 0xff, 0xff,
    0xfd, 0x0, 0x0, 0x0, 0x7f, 0xf9, 0x0, 0x0,
    0x0, 0x0, 0x7, 0xff, 0x81, 0x9e, 0xfc, 0x40,
    0x0, 0x7f, 0xf8, 0xcf, 0xff, 0xff, 0x40, 0x7,
    0xff, 0xee, 0x66, 0xef, 0xfb, 0x0, 0x7f, 0xff,
    0x20, 0x4, 0xff, 0xf0, 0x7, 0xff, 0xb0, 0x0,
    0xf, 0xff, 0x10, 0x7f, 0xf9, 0x0, 0x0, 0xff,
    0xf1, 0x7, 0xff, 0x90, 0x0, 0xf, 0xff, 0x10,
    0x7f, 0xf9, 0x0, 0x0, 0xff, 0xf1, 0x7, 0xff,
    0x90, 0x0, 0xf, 0xff, 0x10, 0x7f, 0xf9, 0x0,
    0x0, 0xff, 0xf1, 0x7, 0xff, 0x90, 0x0, 0xf,
    0xff, 0x10, 0x7f, 0xf9, 0x0, 0x0, 0xff, 0xf1,

    /* U+0128 "Ĩ" */
    0x1, 0xbd, 0x93, 0x4, 0xd2, 0xc, 0xff, 0xff,
    0xef, 0xf0, 0xf, 0x91, 0x4a, 0xee, 0x50, 0x0,
    0x0, 0x0, 0x0, 0x0, 0x0, 0x0, 0x0, 0x0,
    0x0, 0x0, 0x8, 0xff, 0xa0, 0x0, 0x0, 0x8,
    0xff, 0xa0, 0x0, 0x0, 0x8, 0xff, 0xa0, 0x0,
    0x0, 0x8, 0xff, 0xa0, 0x0, 0x0, 0x8, 0xff,
    0xa0, 0x0, 0x0, 0x8, 0xff, 0xa0, 0x0, 0x0,
    0x8, 0xff, 0xa0, 0x0, 0x0, 0x8, 0xff, 0xa0,
    0x0, 0x0, 0x8, 0xff, 0xa0, 0x0, 0x0, 0x8,
    0xff, 0xa0, 0x0, 0x0, 0x8, 0xff, 0xa0, 0x0,
    0x0, 0x8, 0xff, 0xa0, 0x0, 0x0, 0x8, 0xff,
    0xa0, 0x0, 0x0, 0x8, 0xff, 0xa0, 0x0, 0x0,
    0x8, 0xff, 0xa0, 0x0,

    /* U+0129 "ĩ" */
    0x2, 0xdf, 0xb4, 0x5, 0xf3, 0xd, 0xfe, 0xff,
    0xef, 0xf0, 0xf, 0x80, 0x3a, 0xee, 0x50, 0x0,
    0x0, 0x0, 0x0, 0x0, 0x0, 0x7, 0xff, 0x90,
    0x0, 0x0, 0x7, 0xff, 0x90, 0x0, 0x0, 0x7,
    0xff, 0x90, 0x0, 0x0, 0x7, 0xff, 0x90, 0x0,
    0x0, 0x7, 0xff, 0x90, 0x0, 0x0, 0x7, 0xff,
    0x90, 0x0, 0x0, 0x7, 0xff, 0x90, 0x0, 0x0,
    0x7, 0xff, 0x90, 0x0, 0x0, 0x7, 0xff, 0x90,
    0x0, 0x0, 0x7, 0xff, 0x90, 0x0, 0x0, 0x7,
    0xff, 0x90, 0x0, 0x0, 0x7, 0xff, 0x90, 0x0,

    /* U+012A "Ī" */
    0x2d, 0xdd, 0xdd, 0xd4, 0x3f, 0xff, 0xff, 0xf5,
    0x0, 0x0, 0x0, 0x0, 0x0, 0x0, 0x0, 0x0,
    0x0, 0x8f, 0xfa, 0x0, 0x0, 0x8f, 0xfa, 0x0,
    0x0, 0x8f, 0xfa, 0x0, 0x0, 0x8f, 0xfa, 0x0,
    0x0, 0x8f, 0xfa, 0x0, 0x0, 0x8f, 0xfa, 0x0,
    0x0, 0x8f, 0xfa, 0x0, 0x0, 0x8f, 0xfa, 0x0,
    0x0, 0x8f, 0xfa, 0x0, 0x0, 0x8f, 0xfa, 0x0,
    0x0, 0x8f, 0xfa, 0x0, 0x0, 0x8f, 0xfa, 0x0,
    0x0, 0x8f, 0xfa, 0x0, 0x0, 0x8f, 0xfa, 0x0,
    0x0, 0x8f, 0xfa, 0x0,

    /* U+012B "ī" */
    0x3f, 0xff, 0xff, 0xf5, 0x2d, 0xdd, 0xdd, 0xd4,
    0x0, 0x0, 0x0, 0x0, 0x0, 0x7f, 0xf9, 0x0,
    0x0, 0x7f, 0xf9, 0x0, 0x0, 0x7f, 0xf9, 0x0,
    0x0, 0x7f, 0xf9, 0x0, 0x0, 0x7f, 0xf9, 0x0,
    0x0, 0x7f, 0xf9, 0x0, 0x0, 0x7f, 0xf9, 0x0,
    0x0, 0x7f, 0xf9, 0x0, 0x0, 0x7f, 0xf9, 0x0,
    0x0, 0x7f, 0xf9, 0x0, 0x0, 0x7f, 0xf9, 0x0,
    0x0, 0x7f, 0xf9, 0x0,

    /* U+012C "Ĭ" */
    0x58, 0x0, 0x0, 0x76, 0x6f, 0xa1, 0x18, 0xf8,
    0xb, 0xff, 0xff, 0xd0, 0x0, 0x59, 0x96, 0x0,
    0x0, 0x0, 0x0, 0x0, 0x0, 0x8f, 0xfa, 0x0,
    0x0, 0x8f, 0xfa, 0x0, 0x0, 0x8f, 0xfa, 0x0,
    0x0, 0x8f, 0xfa, 0x0, 0x0, 0x8f, 0xfa, 0x0,
    0x0, 0x8f, 0xfa, 0x0, 0x0, 0x8f, 0xfa, 0x0,
    0x0, 0x8f, 0xfa, 0x0, 0x0, 0x8f, 0xfa, 0x0,
    0x0, 0x8f, 0xfa, 0x0, 0x0, 0x8f, 0xfa, 0x0,
    0x0, 0x8f, 0xfa, 0x0, 0x0, 0x8f, 0xfa, 0x0,
    0x0, 0x8f, 0xfa, 0x0, 0x0, 0x8f, 0xfa, 0x0,

    /* U+012D "ĭ" */
    0x9f, 0x50, 0x3, 0xfb, 0x2f, 0xfc, 0xcf, 0xf4,
    0x3, 0xbe, 0xfc, 0x40, 0x0, 0x0, 0x0, 0x0,
    0x0, 0x7f, 0xf9, 0x0, 0x0, 0x7f, 0xf9, 0x0,
    0x0, 0x7f, 0xf9, 0x0, 0x0, 0x7f, 0xf9, 0x0,
    0x0, 0x7f, 0xf9, 0x0, 0x0, 0x7f, 0xf9, 0x0,
    0x0, 0x7f, 0xf9, 0x0, 0x0, 0x7f, 0xf9, 0x0,
    0x0, 0x7f, 0xf9, 0x0, 0x0, 0x7f, 0xf9, 0x0,
    0x0, 0x7f, 0xf9, 0x0, 0x0, 0x7f, 0xf9, 0x0,

    /* U+012E "Į" */
    0x8, 0xff, 0xa0, 0x8, 0xff, 0xa0, 0x8, 0xff,
    0xa0, 0x8, 0xff, 0xa0, 0x8, 0xff, 0xa0, 0x8,
    0xff, 0xa0, 0x8, 0xff, 0xa0, 0x8, 0xff, 0xa0,
    0x8, 0xff, 0xa0, 0x8, 0xff, 0xa0, 0x8, 0xff,
    0xa0, 0x8, 0xff, 0xa0, 0x8, 0xff, 0xa0, 0x8,
    0xff, 0xa0, 0x8, 0xff, 0xa0, 0x3, 0xf9, 0x0,
    0xc, 0xf1, 0x0, 0xf, 0xf0, 0x0, 0xd, 0xfb,
    0xa1, 0x3, 0xdf, 0xd1,

    /* U+012F "į" */
    0x7, 0xff, 0x90, 0x7f, 0xf9, 0x1, 0x44, 0x20,
    0x0, 0x0, 0x7, 0xff, 0x90, 0x7f, 0xf9, 0x7,
    0xff, 0x90, 0x7f, 0xf9, 0x7, 0xff, 0x90, 0x7f,
    0xf9, 0x7, 0xff, 0x90, 0x7f, 0xf9, 0x7, 0xff,
    0x90, 0x7f, 0xf9, 0x7, 0xff, 0x90, 0x7f, 0xf9,
    0x6, 0xf6, 0x0, 0xfd, 0x0, 0x3f, 0xc0, 0x1,
    0xff, 0xaa, 0x5, 0xef, 0xb0,

    /* U+0130 "İ" */
    0x7f, 0xf9, 0x7f, 0xf9, 0x14, 0x42, 0x0, 0x0,
    0x8f, 0xfa, 0x8f, 0xfa, 0x8f, 0xfa, 0x8f, 0xfa,
    0x8f, 0xfa, 0x8f, 0xfa, 0x8f, 0xfa, 0x8f, 0xfa,
    0x8f, 0xfa, 0x8f, 0xfa, 0x8f, 0xfa, 0x8f, 0xfa,
    0x8f, 0xfa, 0x8f, 0xfa, 0x8f, 0xfa,

    /* U+0131 "ı" */
    0x7f, 0xf9, 0x7f, 0xf9, 0x7f, 0xf9, 0x7f, 0xf9,
    0x7f, 0xf9, 0x7f, 0xf9, 0x7f, 0xf9, 0x7f, 0xf9,
    0x7f, 0xf9, 0x7f, 0xf9, 0x7f, 0xf9, 0x7f, 0xf9,

    /* U+0132 "Ĳ" */
    0x8f, 0xfa, 0x0, 0x0, 0x6f, 0xff, 0xff, 0xc8,
    0xff, 0xa0, 0x0, 0x6, 0xff, 0xff, 0xfc, 0x8f,
    0xfa, 0x0, 0x0, 0x38, 0x8b, 0xff, 0xc8, 0xff,
    0xa0, 0x0, 0x0, 0x0, 0x6f, 0xfc, 0x8f, 0xfa,
    0x0, 0x0, 0x0, 0x6, 0xff, 0xc8, 0xff, 0xa0,
    0x0, 0x0, 0x0, 0x6f, 0xfc, 0x8f, 0xfa, 0x0,
    0x0, 0x0, 0x6, 0xff, 0xc8, 0xff, 0xa0, 0x0,
    0x0, 0x0, 0x6f, 0xfc, 0x8f, 0xfa, 0x0, 0x0,
    0x0, 0x6, 0xff, 0xc8, 0xff, 0xa0, 0x0, 0x0,
    0x0, 0x6f, 0xfc, 0x8f, 0xfa, 0x14, 0x64, 0x0,
    0x6, 0xff, 0xb8, 0xff, 0xa7, 0xff, 0xd0, 0x0,
    0xaf, 0xf9, 0x8f, 0xfa, 0x2f, 0xff, 0xa5, 0x8f,
    0xff, 0x48, 0xff, 0xa0, 0x7f, 0xff, 0xff, 0xff,
    0x90, 0x8f, 0xfa, 0x0, 0x4b, 0xef, 0xfc, 0x50,
    0x0,

    /* U+0133 "ĳ" */
    0x7f, 0xf9, 0x0, 0x5f, 0xfa, 0x7f, 0xf9, 0x0,
    0x5f, 0xfa, 0x14, 0x42, 0x0, 0x14, 0x42, 0x0,
    0x0, 0x0, 0x0, 0x0, 0x7f, 0xf9, 0x0, 0x5f,
    0xfa, 0x7f, 0xf9, 0x0, 0x5f, 0xfa, 0x7f, 0xf9,
    0x0, 0x5f, 0xfa, 0x7f, 0xf9, 0x0, 0x5f, 0xfa,
    0x7f, 0xf9, 0x0, 0x5f, 0xfa, 0x7f, 0xf9, 0x0,
    0x5f, 0xfa, 0x7f, 0xf9, 0x0, 0x5f, 0xfa, 0x7f,
    0xf9, 0x0, 0x5f, 0xfa, 0x7f, 0xf9, 0x0, 0x5f,
    0xfa, 0x7f, 0xf9, 0x0, 0x5f, 0xfa, 0x7f, 0xf9,
    0x0, 0x5f, 0xfa, 0x7f, 0xf9, 0x0, 0x5f, 0xfa,
    0x0, 0x0, 0x0, 0x5f, 0xfa, 0x0, 0x0, 0x0,
    0x6f, 0xfa, 0x0, 0x0, 0x3, 0xcf, 0xf8, 0x0,
    0x0, 0x3f, 0xff, 0xf3, 0x0, 0x0, 0x3f, 0xfd,
    0x60,

    /* U+0134 "Ĵ" */
    0x0, 0x0, 0x5, 0xff, 0xf3, 0x0, 0x0, 0x0,
    0x5f, 0xfa, 0xff, 0x30, 0x0, 0x4, 0xfc, 0x20,
    0x3d, 0xf2, 0x0, 0x0, 0x0, 0x0, 0x0, 0x0,
    0x0, 0x0, 0x0, 0x0, 0x0, 0x0, 0x0, 0x0,
    0x7f, 0xff, 0xff, 0xb0, 0x0, 0x0, 0x7f, 0xff,
    0xff, 0xb0, 0x0, 0x0, 0x38, 0x8b, 0xff, 0xb0,
    0x0, 0x0, 0x0, 0x6, 0xff, 0xb0, 0x0, 0x0,
    0x0, 0x6, 0xff, 0xb0, 0x0, 0x0, 0x0, 0x6,
    0xff, 0xb0, 0x0, 0x0, 0x0, 0x6, 0xff, 0xb0,
    0x0, 0x0, 0x0, 0x6, 0xff, 0xb0, 0x0, 0x0,
    0x0, 0x6, 0xff, 0xb0, 0x0, 0x0, 0x0, 0x6,
    0xff, 0xb0, 0x37, 0x96, 0x0, 0x7, 0xff, 0xb0,
    0x7f, 0xfe, 0x0, 0xb, 0xff, 0x90, 0x1f, 0xff,
    0xd8, 0xbf, 0xff, 0x30, 0x7, 0xff, 0xff, 0xff,
    0xf8, 0x0, 0x0, 0x4b, 0xef, 0xeb, 0x50, 0x0,

    /* U+0135 "ĵ" */
    0x0, 0xaf, 0xfb, 0x0, 0xa, 0xfc, 0xbf, 0xa0,
    0x9f, 0x80, 0x8, 0xf9, 0x11, 0x0, 0x0, 0x11,
    0x0, 0x7f, 0xf9, 0x0, 0x0, 0x7f, 0xf9, 0x0,
    0x0, 0x7f, 0xf9, 0x0, 0x0, 0x7f, 0xf9, 0x0,
    0x0, 0x7f, 0xf9, 0x0, 0x0, 0x7f, 0xf9, 0x0,
    0x0, 0x7f, 0xf9, 0x0, 0x0, 0x7f, 0xf9, 0x0,
    0x0, 0x7f, 0xf9, 0x0, 0x0, 0x7f, 0xf9, 0x0,
    0x0, 0x7f, 0xf9, 0x0, 0x0, 0x7f, 0xf9, 0x0,
    0x0, 0x7f, 0xf9, 0x0, 0x0, 0x7f, 0xf8, 0x0,
    0x14, 0xdf, 0xf7, 0x0, 0x5f, 0xff, 0xf2, 0x0,
    0x5f, 0xfd, 0x50, 0x0,

    /* U+0136 "Ķ" */
    0x8f, 0xfa, 0x0, 0x0, 0x2, 0xef, 0xfa, 0x8,
    0xff, 0xa0, 0x0, 0x2, 0xef, 0xf9, 0x0, 0x8f,
    0xfa, 0x0, 0x2, 0xef, 0xf9, 0x0, 0x8, 0xff,
    0xa0, 0x2, 0xef, 0xf9, 0x0, 0x0, 0x8f, 0xfa,
    0x2, 0xef, 0xf9, 0x0, 0x0, 0x8, 0xff, 0xa2,
    0xef, 0xf8, 0x0, 0x0, 0x0, 0x8f, 0xfc, 0xef,
    0xfe, 0x0, 0x0, 0x0, 0x8, 0xff, 0xff, 0xff,
    0xf9, 0x0, 0x0, 0x0, 0x8f, 0xff, 0xd5, 0xff,
    0xf6, 0x0, 0x0, 0x8, 0xff, 0xc0, 0x6, 0xff,
    0xf4, 0x0, 0x0, 0x8f, 0xfa, 0x0, 0x9, 0xff,
    0xe2, 0x0, 0x8, 0xff, 0xa0, 0x0, 0xc, 0xff,
    0xd0, 0x0, 0x8f, 0xfa, 0x0, 0x0, 0x1e, 0xff,
    0xa0, 0x8, 0xff, 0xa0, 0x0, 0x0, 0x3f, 0xff,
    0x70, 0x8f, 0xfa, 0x0, 0x0, 0x0, 0x7f, 0xff,
    0x40, 0x0, 0x0, 0x0, 0x0, 0x0, 0x0, 0x0,
    0x0, 0x0, 0x3, 0xff, 0x60, 0x0, 0x0, 0x0,
    0x0, 0x0, 0x3f, 0xf5, 0x0, 0x0, 0x0, 0x0,
    0x0, 0x0, 0x6f, 0x30, 0x0, 0x0, 0x0, 0x0,
    0x0, 0xa, 0xb0, 0x0, 0x0, 0x0,

    /* U+0137 "ķ" */
    0x7f, 0xf9, 0x0, 0x0, 0x0, 0x0, 0x7f, 0xf9,
    0x0, 0x0, 0x0, 0x0, 0x7f, 0xf9, 0x0, 0x0,
    0x0, 0x0, 0x7f, 0xf9, 0x0, 0x0, 0x0, 0x0,
    0x7f, 0xf9, 0x0, 0xb, 0xff, 0x80, 0x7f, 0xf9,
    0x0, 0x8f, 0xfa, 0x0, 0x7f, 0xf9, 0x6, 0xff,
    0xb0, 0x0, 0x7f, 0xf9, 0x3f, 0xfd, 0x10, 0x0,
    0x7f, 0xfb, 0xef, 0xf1, 0x0, 0x0, 0x7f, 0xff,
    0xff, 0xf5, 0x0, 0x0, 0x7f, 0xff, 0xdf, 0xfe,
    0x0, 0x0, 0x7f, 0xfb, 0x9, 0xff, 0x80, 0x0,
    0x7f, 0xf9, 0x1, 0xff, 0xf2, 0x0, 0x7f, 0xf9,
    0x0, 0x7f, 0xfb, 0x0, 0x7f, 0xf9, 0x0, 0xd,
    0xff, 0x50, 0x7f, 0xf9, 0x0, 0x5, 0xff, 0xe0,
    0x0, 0x0, 0x0, 0x0, 0x0, 0x0, 0x0, 0x0,
    0xdf, 0xc0, 0x0, 0x0, 0x0, 0x0, 0xdf, 0xb0,
    0x0, 0x0, 0x0, 0x0, 0x3d, 0x90, 0x0, 0x0,
    0x0, 0x0, 0x4f, 0x20, 0x0, 0x0,

    /* U+0138 "ĸ" */
    0x7f, 0xf9, 0x0, 0xb, 0xff, 0x80, 0x7f, 0xf9,
    0x0, 0x8f, 0xfa, 0x0, 0x7f, 0xf9, 0x6, 0xff,
    0xb0, 0x0, 0x7f, 0xf9, 0x3f, 0xfd, 0x10, 0x0,
    0x7f, 0xfb, 0xef, 0xf1, 0x0, 0x0, 0x7f, 0xff,
    0xff, 0xf5, 0x0, 0x0, 0x7f, 0xff, 0xdf, 0xfe,
    0x0, 0x0, 0x7f, 0xfb, 0x9, 0xff, 0x80, 0x0,
    0x7f, 0xf9, 0x1, 0xff, 0xf2, 0x0, 0x7f, 0xf9,
    0x0, 0x7f, 0xfb, 0x0, 0x7f, 0xf9, 0x0, 0xd,
    0xff, 0x50, 0x7f, 0xf9, 0x0, 0x5, 0xff, 0xe0,

    /* U+0139 "Ĺ" */
    0x0, 0x1, 0xdf, 0xf2, 0x0, 0x0, 0x0, 0xc,
    0xfe, 0x30, 0x0, 0x0, 0x0, 0xaf, 0xc1, 0x0,
    0x0, 0x0, 0x1, 0x87, 0x0, 0x0, 0x0, 0x0,
    0x0, 0x0, 0x0, 0x0, 0x0, 0x0, 0x8f, 0xfa,
    0x0, 0x0, 0x0, 0x0, 0x8f, 0xfa, 0x0, 0x0,
    0x0, 0x0, 0x8f, 0xfa, 0x0, 0x0, 0x0, 0x0,
    0x8f, 0xfa, 0x0, 0x0, 0x0, 0x0, 0x8f, 0xfa,
    0x0, 0x0, 0x0, 0x0, 0x8f, 0xfa, 0x0, 0x0,
    0x0, 0x0, 0x8f, 0xfa, 0x0, 0x0, 0x0, 0x0,
    0x8f, 0xfa, 0x0, 0x0, 0x0, 0x0, 0x8f, 0xfa,
    0x0, 0x0, 0x0, 0x0, 0x8f, 0xfa, 0x0, 0x0,
    0x0, 0x0, 0x8f, 0xfa, 0x0, 0x0, 0x0, 0x0,
    0x8f, 0xfa, 0x0, 0x0, 0x0, 0x0, 0x8f, 0xfd,
    0x77, 0x77, 0x77, 0x75, 0x8f, 0xff, 0xff, 0xff,
    0xff, 0xfc, 0x8f, 0xff, 0xff, 0xff, 0xff, 0xfc,

    /* U+013A "ĺ" */
    0x0, 0x38, 0x84, 0x3, 0xff, 0xb1, 0x3f, 0xf6,
    0x0, 0x67, 0x20, 0x0, 0x0, 0x0, 0x0, 0x7f,
    0xf9, 0x0, 0x7f, 0xf9, 0x0, 0x7f, 0xf9, 0x0,
    0x7f, 0xf9, 0x0, 0x7f, 0xf9, 0x0, 0x7f, 0xf9,
    0x0, 0x7f, 0xf9, 0x0, 0x7f, 0xf9, 0x0, 0x7f,
    0xf9, 0x0, 0x7f, 0xf9, 0x0, 0x7f, 0xf9, 0x0,
    0x7f, 0xf9, 0x0, 0x7f, 0xf9, 0x0, 0x7f, 0xf9,
    0x0, 0x7f, 0xf9, 0x0, 0x7f, 0xf9, 0x0,

    /* U+013B "Ļ" */
    0x8f, 0xfa, 0x0, 0x0, 0x0, 0x0, 0x8f, 0xfa,
    0x0, 0x0, 0x0, 0x0, 0x8f, 0xfa, 0x0, 0x0,
    0x0, 0x0, 0x8f, 0xfa, 0x0, 0x0, 0x0, 0x0,
    0x8f, 0xfa, 0x0, 0x0, 0x0, 0x0, 0x8f, 0xfa,
    0x0, 0x0, 0x0, 0x0, 0x8f, 0xfa, 0x0, 0x0,
    0x0, 0x0, 0x8f, 0xfa, 0x0, 0x0, 0x0, 0x0,
    0x8f, 0xfa, 0x0, 0x0, 0x0, 0x0, 0x8f, 0xfa,
    0x0, 0x0, 0x0, 0x0, 0x8f, 0xfa, 0x0, 0x0,
    0x0, 0x0, 0x8f, 0xfa, 0x0, 0x0, 0x0, 0x0,
    0x8f, 0xfd, 0x77, 0x77, 0x77, 0x75, 0x8f, 0xff,
    0xff, 0xff, 0xff, 0xfc, 0x8f, 0xff, 0xff, 0xff,
    0xff, 0xfc, 0x0, 0x0, 0x0, 0x0, 0x0, 0x0,
    0x0, 0x0, 0x8f, 0xf2, 0x0, 0x0, 0x0, 0x0,
    0x8f, 0xf1, 0x0, 0x0, 0x0, 0x0, 0x29, 0xe0,
    0x0, 0x0, 0x0, 0x0, 0x1d, 0x70, 0x0, 0x0,

    /* U+013C "ļ" */
    0x7f, 0xf9, 0x7f, 0xf9, 0x7f, 0xf9, 0x7f, 0xf9,
    0x7f, 0xf9, 0x7f, 0xf9, 0x7f, 0xf9, 0x7f, 0xf9,
    0x7f, 0xf9, 0x7f, 0xf9, 0x7f, 0xf9, 0x7f, 0xf9,
    0x7f, 0xf9, 0x7f, 0xf9, 0x7f, 0xf9, 0x7f, 0xf9,
    0x0, 0x0, 0x4f, 0xf5, 0x4f, 0xf5, 0x16, 0xf2,
    0xb, 0xb0,

    /* U+013D "Ľ" */
    0x8f, 0xfa, 0x0, 0x1f, 0xf9, 0x0, 0x8f, 0xfa,
    0x0, 0x1f, 0xf8, 0x0, 0x8f, 0xfa, 0x0, 0x4,
    0xf6, 0x0, 0x8f, 0xfa, 0x0, 0x5, 0xf1, 0x0,
    0x8f, 0xfa, 0x0, 0x3, 0x20, 0x0, 0x8f, 0xfa,
    0x0, 0x0, 0x0, 0x0, 0x8f, 0xfa, 0x0, 0x0,
    0x0, 0x0, 0x8f, 0xfa, 0x0, 0x0, 0x0, 0x0,
    0x8f, 0xfa, 0x0, 0x0, 0x0, 0x0, 0x8f, 0xfa,
    0x0, 0x0, 0x0, 0x0, 0x8f, 0xfa, 0x0, 0x0,
    0x0, 0x0, 0x8f, 0xfa, 0x0, 0x0, 0x0, 0x0,
    0x8f, 0xfd, 0x77, 0x77, 0x77, 0x75, 0x8f, 0xff,
    0xff, 0xff, 0xff, 0xfc, 0x8f, 0xff, 0xff, 0xff,
    0xff, 0xfc,

    /* U+013E "ľ" */
    0x7f, 0xf9, 0x2f, 0xf7, 0x7f, 0xf9, 0x2f, 0xf7,
    0x7f, 0xf9, 0x4, 0xf5, 0x7f, 0xf9, 0x6, 0xf1,
    0x7f, 0xf9, 0x4, 0x20, 0x7f, 0xf9, 0x0, 0x0,
    0x7f, 0xf9, 0x0, 0x0, 0x7f, 0xf9, 0x0, 0x0,
    0x7f, 0xf9, 0x0, 0x0, 0x7f, 0xf9, 0x0, 0x0,
    0x7f, 0xf9, 0x0, 0x0, 0x7f, 0xf9, 0x0, 0x0,
    0x7f, 0xf9, 0x0, 0x0, 0x7f, 0xf9, 0x0, 0x0,
    0x7f, 0xf9, 0x0, 0x0, 0x7f, 0xf9, 0x0, 0x0,

    /* U+013F "Ŀ" */
    0x8f, 0xfa, 0x0, 0x0, 0x0, 0x0, 0x8f, 0xfa,
    0x0, 0x0, 0x0, 0x0, 0x8f, 0xfa, 0x0, 0x0,
    0x0, 0x0, 0x8f, 0xfa, 0x0, 0x0, 0x0, 0x0,
    0x8f, 0xfa, 0x0, 0x0, 0x0, 0x0, 0x8f, 0xfa,
    0x0, 0x34, 0x40, 0x0, 0x8f, 0xfa, 0x0, 0xdf,
    0xf3, 0x0, 0x8f, 0xfa, 0x0, 0xdf, 0xf3, 0x0,
    0x8f, 0xfa, 0x0, 0x0, 0x0, 0x0, 0x8f, 0xfa,
    0x0, 0x0, 0x0, 0x0, 0x8f, 0xfa, 0x0, 0x0,
    0x0, 0x0, 0x8f, 0xfa, 0x0, 0x0, 0x0, 0x0,
    0x8f, 0xfd, 0x77, 0x77, 0x77, 0x75, 0x8f, 0xff,
    0xff, 0xff, 0xff, 0xfc, 0x8f, 0xff, 0xff, 0xff,
    0xff, 0xfc,

    /* U+0140 "ŀ" */
    0x7f, 0xf9, 0x0, 0x0, 0x7, 0xff, 0x90, 0x0,
    0x0, 0x7f, 0xf9, 0x0, 0x0, 0x7, 0xff, 0x90,
    0x0, 0x0, 0x7f, 0xf9, 0x0, 0x0, 0x7, 0xff,
    0x90, 0x0, 0x0, 0x7f, 0xf9, 0x2, 0x44, 0x17,
    0xff, 0x90, 0x8f, 0xf7, 0x7f, 0xf9, 0x8, 0xff,
    0x77, 0xff, 0x90, 0x0, 0x0, 0x7f, 0xf9, 0x0,
    0x0, 0x7, 0xff, 0x90, 0x0, 0x0, 0x7f, 0xf9,
    0x0, 0x0, 0x7, 0xff, 0x90, 0x0, 0x0, 0x7f,
    0xf9, 0x0, 0x0, 0x7, 0xff, 0x90, 0x0, 0x0,

    /* U+0141 "Ł" */
    0x8, 0xff, 0xa0, 0x0, 0x0, 0x0, 0x0, 0x8f,
    0xfa, 0x0, 0x0, 0x0, 0x0, 0x8, 0xff, 0xa0,
    0x0, 0x0, 0x0, 0x0, 0x8f, 0xfa, 0x0, 0x0,
    0x0, 0x0, 0x8, 0xff, 0xa0, 0x6, 0x0, 0x0,
    0x0, 0x8f, 0xfb, 0x7e, 0xf0, 0x0, 0x0, 0x8,
    0xff, 0xff, 0xfd, 0x0, 0x0, 0x2, 0xbf, 0xff,
    0xd6, 0x0, 0x0, 0x0, 0xff, 0xff, 0xb0, 0x0,
    0x0, 0x0, 0xf, 0xff, 0xfa, 0x0, 0x0, 0x0,
    0x0, 0x48, 0xff, 0xa0, 0x0, 0x0, 0x0, 0x0,
    0x8f, 0xfa, 0x0, 0x0, 0x0, 0x0, 0x8, 0xff,
    0xd8, 0x88, 0x88, 0x88, 0x60, 0x8f, 0xff, 0xff,
    0xff, 0xff, 0xfc, 0x8, 0xff, 0xff, 0xff, 0xff,
    0xff, 0xc0,

    /* U+0142 "ł" */
    0x7, 0xff, 0x90, 0x7, 0xff, 0x90, 0x7, 0xff,
    0x90, 0x7, 0xff, 0x90, 0x7, 0xff, 0x90, 0x7,
    0xff, 0xa8, 0x7, 0xff, 0xff, 0x9, 0xff, 0xfa,
    0xaf, 0xff, 0x90, 0xdf, 0xff, 0x90, 0x68, 0xff,
    0x90, 0x7, 0xff, 0x90, 0x7, 0xff, 0x90, 0x7,
    0xff, 0x90, 0x7, 0xff, 0x90, 0x7, 0xff, 0x90,

    /* U+0143 "Ń" */
    0x0, 0x0, 0x0, 0x8, 0xff, 0x80, 0x0, 0x0,
    0x0, 0x0, 0x6f, 0xf7, 0x0, 0x0, 0x0, 0x0,
    0x4, 0xff, 0x40, 0x0, 0x0, 0x0, 0x0, 0x6,
    0x82, 0x0, 0x0, 0x0, 0x0, 0x0, 0x0, 0x0,
    0x0, 0x0, 0x0, 0x8f, 0xff, 0x60, 0x0, 0x0,
    0x6f, 0xf6, 0x8f, 0xff, 0xe0, 0x0, 0x0, 0x6f,
    0xf6, 0x8f, 0xff, 0xf8, 0x0, 0x0, 0x6f, 0xf6,
    0x8f, 0xfe, 0xff, 0x20, 0x0, 0x6f, 0xf6, 0x8f,
    0xf7, 0xff, 0xa0, 0x0, 0x6f, 0xf6, 0x8f, 0xf4,
    0xbf, 0xf4, 0x0, 0x6f, 0xf6, 0x8f, 0xf4, 0x2f,
    0xfd, 0x0, 0x6f, 0xf6, 0x8f, 0xf4, 0x9, 0xff,
    0x60, 0x6f, 0xf6, 0x8f, 0xf4, 0x1, 0xff, 0xe0,
    0x6f, 0xf6, 0x8f, 0xf4, 0x0, 0x7f, 0xf8, 0x6f,
    0xf6, 0x8f, 0xf4, 0x0, 0xd, 0xff, 0x7f, 0xf6,
    0x8f, 0xf4, 0x0, 0x5, 0xff, 0xef, 0xf6, 0x8f,
    0xf4, 0x0, 0x0, 0xbf, 0xff, 0xf6, 0x8f, 0xf4,
    0x0, 0x0, 0x2f, 0xff, 0xf6, 0x8f, 0xf4, 0x0,
    0x0, 0x9, 0xff, 0xf6,

    /* U+0144 "ń" */
    0x0, 0x0, 0x0, 0xaf, 0xf5, 0x0, 0x0, 0x0,
    0xa, 0xfd, 0x30, 0x0, 0x0, 0x0, 0x9f, 0xa0,
    0x0, 0x0, 0x0, 0x0, 0x0, 0x0, 0x0, 0x0,
    0x8f, 0xf5, 0x19, 0xef, 0xd5, 0x0, 0x7f, 0xf7,
    0xdf, 0xff, 0xff, 0x40, 0x7f, 0xff, 0xc3, 0x3c,
    0xff, 0xc0, 0x7f, 0xff, 0x10, 0x3, 0xff, 0xf0,
    0x7f, 0xfb, 0x0, 0x0, 0xff, 0xf1, 0x7f, 0xf9,
    0x0, 0x0, 0xff, 0xf1, 0x7f, 0xf9, 0x0, 0x0,
    0xff, 0xf1, 0x7f, 0xf9, 0x0, 0x0, 0xff, 0xf1,
    0x7f, 0xf9, 0x0, 0x0, 0xff, 0xf1, 0x7f, 0xf9,
    0x0, 0x0, 0xff, 0xf1, 0x7f, 0xf9, 0x0, 0x0,
    0xff, 0xf1, 0x7f, 0xf9, 0x0, 0x0, 0xff, 0xf1,

    /* U+0145 "Ņ" */
    0x8f, 0xff, 0x60, 0x0, 0x0, 0x6f, 0xf6, 0x8f,
    0xff, 0xe0, 0x0, 0x0, 0x6f, 0xf6, 0x8f, 0xff,
    0xf8, 0x0, 0x0, 0x6f, 0xf6, 0x8f, 0xfe, 0xff,
    0x20, 0x0, 0x6f, 0xf6, 0x8f, 0xf7, 0xff, 0xa0,
    0x0, 0x6f, 0xf6, 0x8f, 0xf4, 0xbf, 0xf4, 0x0,
    0x6f, 0xf6, 0x8f, 0xf4, 0x2f, 0xfd, 0x0, 0x6f,
    0xf6, 0x8f, 0xf4, 0x9, 0xff, 0x60, 0x6f, 0xf6,
    0x8f, 0xf4, 0x1, 0xff, 0xe0, 0x6f, 0xf6, 0x8f,
    0xf4, 0x0, 0x7f, 0xf8, 0x6f, 0xf6, 0x8f, 0xf4,
    0x0, 0xd, 0xff, 0x7f, 0xf6, 0x8f, 0xf4, 0x0,
    0x5, 0xff, 0xef, 0xf6, 0x8f, 0xf4, 0x0, 0x0,
    0xbf, 0xff, 0xf6, 0x8f, 0xf4, 0x0, 0x0, 0x2f,
    0xff, 0xf6, 0x8f, 0xf4, 0x0, 0x0, 0x9, 0xff,
    0xf6, 0x0, 0x0, 0x0, 0x0, 0x0, 0x0, 0x0,
    0x0, 0x0, 0x7, 0xff, 0x30, 0x0, 0x0, 0x0,
    0x0, 0x7, 0xff, 0x20, 0x0, 0x0, 0x0, 0x0,
    0x1, 0x8f, 0x0, 0x0, 0x0, 0x0, 0x0, 0x0,
    0xd8, 0x0, 0x0, 0x0,

    /* U+0146 "ņ" */
    0x8f, 0xf5, 0x19, 0xef, 0xd5, 0x0, 0x7f, 0xf7,
    0xdf, 0xff, 0xff, 0x40, 0x7f, 0xff, 0xc3, 0x3c,
    0xff, 0xc0, 0x7f, 0xff, 0x10, 0x3, 0xff, 0xf0,
    0x7f, 0xfb, 0x0, 0x0, 0xff, 0xf1, 0x7f, 0xf9,
    0x0, 0x0, 0xff, 0xf1, 0x7f, 0xf9, 0x0, 0x0,
    0xff, 0xf1, 0x7f, 0xf9, 0x0, 0x0, 0xff, 0xf1,
    0x7f, 0xf9, 0x0, 0x0, 0xff, 0xf1, 0x7f, 0xf9,
    0x0, 0x0, 0xff, 0xf1, 0x7f, 0xf9, 0x0, 0x0,
    0xff, 0xf1, 0x7f, 0xf9, 0x0, 0x0, 0xff, 0xf1,
    0x0, 0x0, 0x0, 0x0, 0x0, 0x0, 0x0, 0x0,
    0x7f, 0xf2, 0x0, 0x0, 0x0, 0x0, 0x7f, 0xf1,
    0x0, 0x0, 0x0, 0x0, 0x28, 0xf0, 0x0, 0x0,
    0x0, 0x0, 0xd, 0x70, 0x0, 0x0,

    /* U+0147 "Ň" */
    0x0, 0xd, 0xf5, 0x0, 0x7f, 0xa0, 0x0, 0x0,
    0x2, 0xef, 0x9a, 0xfc, 0x0, 0x0, 0x0, 0x0,
    0x3f, 0xff, 0xe1, 0x0, 0x0, 0x0, 0x0, 0x4,
    0x88, 0x20, 0x0, 0x0, 0x0, 0x0, 0x0, 0x0,
    0x0, 0x0, 0x0, 0x8f, 0xff, 0x60, 0x0, 0x0,
    0x6f, 0xf6, 0x8f, 0xff, 0xe0, 0x0, 0x0, 0x6f,
    0xf6, 0x8f, 0xff, 0xf8, 0x0, 0x0, 0x6f, 0xf6,
    0x8f, 0xfe, 0xff, 0x20, 0x0, 0x6f, 0xf6, 0x8f,
    0xf7, 0xff, 0xa0, 0x0, 0x6f, 0xf6, 0x8f, 0xf4,
    0xbf, 0xf4, 0x0, 0x6f, 0xf6, 0x8f, 0xf4, 0x2f,
    0xfd, 0x0, 0x6f, 0xf6, 0x8f, 0xf4, 0x9, 0xff,
    0x60, 0x6f, 0xf6, 0x8f, 0xf4, 0x1, 0xff, 0xe0,
    0x6f, 0xf6, 0x8f, 0xf4, 0x0, 0x7f, 0xf8, 0x6f,
    0xf6, 0x8f, 0xf4, 0x0, 0xd, 0xff, 0x7f, 0xf6,
    0x8f, 0xf4, 0x0, 0x5, 0xff, 0xef, 0xf6, 0x8f,
    0xf4, 0x0, 0x0, 0xbf, 0xff, 0xf6, 0x8f, 0xf4,
    0x0, 0x0, 0x2f, 0xff, 0xf6, 0x8f, 0xf4, 0x0,
    0x0, 0x9, 0xff, 0xf6,

    /* U+0148 "ň" */
    0x3, 0xfd, 0x20, 0x1b, 0xf4, 0x0, 0x0, 0x3f,
    0xf7, 0xef, 0x50, 0x0, 0x0, 0x4, 0xff, 0xf6,
    0x0, 0x0, 0x0, 0x0, 0x11, 0x10, 0x0, 0x0,
    0x8f, 0xf5, 0x19, 0xef, 0xd5, 0x0, 0x7f, 0xf7,
    0xdf, 0xff, 0xff, 0x40, 0x7f, 0xff, 0xc3, 0x3c,
    0xff, 0xc0, 0x7f, 0xff, 0x10, 0x3, 0xff, 0xf0,
    0x7f, 0xfb, 0x0, 0x0, 0xff, 0xf1, 0x7f, 0xf9,
    0x0, 0x0, 0xff, 0xf1, 0x7f, 0xf9, 0x0, 0x0,
    0xff, 0xf1, 0x7f, 0xf9, 0x0, 0x0, 0xff, 0xf1,
    0x7f, 0xf9, 0x0, 0x0, 0xff, 0xf1, 0x7f, 0xf9,
    0x0, 0x0, 0xff, 0xf1, 0x7f, 0xf9, 0x0, 0x0,
    0xff, 0xf1, 0x7f, 0xf9, 0x0, 0x0, 0xff, 0xf1,

    /* U+0149 "ŉ" */
    0x3f, 0xfe, 0x0, 0x0, 0x0, 0x0, 0x0, 0x0,
    0x3f, 0xfe, 0x0, 0x0, 0x0, 0x0, 0x0, 0x0,
    0x2d, 0xfd, 0x0, 0x0, 0x0, 0x0, 0x0, 0x0,
    0x0, 0xeb, 0x6f, 0xf8, 0x8, 0xef, 0xd6, 0x0,
    0x5, 0xf6, 0x5f, 0xf9, 0xcf, 0xff, 0xff, 0x70,
    0xa, 0xb0, 0x5f, 0xff, 0xd3, 0x2a, 0xff, 0xe0,
    0x0, 0x0, 0x5f, 0xff, 0x20, 0x1, 0xff, 0xf2,
    0x0, 0x0, 0x5f, 0xfd, 0x0, 0x0, 0xdf, 0xf3,
    0x0, 0x0, 0x5f, 0xfb, 0x0, 0x0, 0xcf, 0xf3,
    0x0, 0x0, 0x5f, 0xfb, 0x0, 0x0, 0xcf, 0xf3,
    0x0, 0x0, 0x5f, 0xfb, 0x0, 0x0, 0xcf, 0xf3,
    0x0, 0x0, 0x5f, 0xfb, 0x0, 0x0, 0xcf, 0xf3,
    0x0, 0x0, 0x5f, 0xfb, 0x0, 0x0, 0xcf, 0xf3,
    0x0, 0x0, 0x5f, 0xfb, 0x0, 0x0, 0xcf, 0xf3,
    0x0, 0x0, 0x5f, 0xfb, 0x0, 0x0, 0xcf, 0xf3,

    /* U+014A "Ŋ" */
    0x9f, 0xf8, 0x2, 0x8d, 0xff, 0xc6, 0x0, 0x8f,
    0xf9, 0x5f, 0xff, 0xff, 0xff, 0x80, 0x8f, 0xfc,
    0xfd, 0x74, 0x6d, 0xff, 0xf1, 0x8f, 0xff, 0xb0,
    0x0, 0x1, 0xef, 0xf5, 0x8f, 0xff, 0x10, 0x0,
    0x0, 0xaf, 0xf8, 0x8f, 0xfb, 0x0, 0x0, 0x0,
    0x8f, 0xf8, 0x8f, 0xfa, 0x0, 0x0, 0x0, 0x8f,
    0xf9, 0x8f, 0xfa, 0x0, 0x0, 0x0, 0x8f, 0xf9,
    0x8f, 0xfa, 0x0, 0x0, 0x0, 0x8f, 0xf9, 0x8f,
    0xfa, 0x0, 0x0, 0x0, 0x8f, 0xf8, 0x8f, 0xfa,
    0x0, 0x0, 0x0, 0x9f, 0xf7, 0x8f, 0xfa, 0x0,
    0x71, 0x0, 0xdf, 0xf5, 0x8f, 0xfa, 0xb, 0xfe,
    0x9c, 0xff, 0xf0, 0x8f, 0xfa, 0x1e, 0xff, 0xff,
    0xff, 0x70, 0x8f, 0xfa, 0x1, 0x9e, 0xff, 0xc5,
    0x0,

    /* U+014B "ŋ" */
    0x8f, 0xf5, 0x19, 0xef, 0xc5, 0x0, 0x7f, 0xf7,
    0xdf, 0xff, 0xff, 0x40, 0x7f, 0xff, 0xc3, 0x3c,
    0xff, 0xc0, 0x7f, 0xff, 0x10, 0x3, 0xff, 0xf0,
    0x7f, 0xfb, 0x0, 0x0, 0xff, 0xf1, 0x7f, 0xf9,
    0x0, 0x0, 0xff, 0xf1, 0x7f, 0xf9, 0x0, 0x0,
    0xff, 0xf1, 0x7f, 0xf9, 0x0, 0x0, 0xff, 0xf1,
    0x7f, 0xf9, 0x0, 0x0, 0xff, 0xf1, 0x7f, 0xf9,
    0x0, 0x0, 0xff, 0xf1, 0x7f, 0xf9, 0x0, 0x0,
    0xff, 0xf1, 0x7f, 0xf9, 0x0, 0x0, 0xff, 0xf1,
    0x0, 0x0, 0x0, 0x0, 0xff, 0xf1, 0x0, 0x0,
    0x0, 0x0, 0xff, 0xf1, 0x0, 0x0, 0x0, 0x27,
    0xff, 0xf0, 0x0, 0x0, 0x0, 0xdf, 0xff, 0xa0,
    0x0, 0x0, 0x0, 0xcf, 0xea, 0x10,

    /* U+014C "Ō" */
    0x0, 0x0, 0x9, 0xdd, 0xdd, 0xdb, 0x0, 0x0,
    0x0, 0x0, 0x0, 0xbf, 0xff, 0xff, 0xd0, 0x0,
    0x0, 0x0, 0x0, 0x0, 0x0, 0x0, 0x0, 0x0,
    0x0, 0x0, 0x0, 0x0, 0x0, 0x0, 0x0, 0x0,
    0x0, 0x0, 0x0, 0x0, 0x28, 0xce, 0xfe, 0xc8,
    0x20, 0x0, 0x0, 0x0, 0x7f, 0xff, 0xff, 0xff,
    0xff, 0x80, 0x0, 0x0, 0x8f, 0xff, 0xea, 0x8a,
    0xef, 0xff, 0x90, 0x0, 0x3f, 0xff, 0x90, 0x0,
    0x0, 0x9f, 0xff, 0x40, 0xa, 0xff, 0xc0, 0x0,
    0x0, 0x0, 0xcf, 0xfb, 0x0, 0xef, 0xf5, 0x0,
    0x0, 0x0, 0x5, 0xff, 0xf0, 0xf, 0xff, 0x20,
    0x0, 0x0, 0x0, 0x1f, 0xff, 0x11, 0xff, 0xf1,
    0x0, 0x0, 0x0, 0x1, 0xff, 0xf2, 0xf, 0xff,
    0x20, 0x0, 0x0, 0x0, 0x2f, 0xff, 0x10, 0xdf,
    0xf6, 0x0, 0x0, 0x0, 0x5, 0xff, 0xe0, 0x9,
    0xff, 0xd0, 0x0, 0x0, 0x0, 0xcf, 0xf9, 0x0,
    0x2f, 0xff, 0xa0, 0x0, 0x0, 0x9f, 0xff, 0x30,
    0x0, 0x7f, 0xff, 0xea, 0x8a, 0xef, 0xff, 0x70,
    0x0, 0x0, 0x7f, 0xff, 0xff, 0xff, 0xff, 0x60,
    0x0, 0x0, 0x0, 0x18, 0xce, 0xfe, 0xc7, 0x10,
    0x0, 0x0,

    /* U+014D "ō" */
    0x0, 0x8, 0xff, 0xff, 0xff, 0x10, 0x0, 0x0,
    0x6d, 0xdd, 0xdd, 0xd0, 0x0, 0x0, 0x0, 0x0,
    0x0, 0x0, 0x0, 0x0, 0x0, 0x3a, 0xef, 0xfc,
    0x70, 0x0, 0x0, 0x7f, 0xff, 0xff, 0xff, 0xd1,
    0x0, 0x4f, 0xff, 0x72, 0x4c, 0xff, 0xc0, 0xb,
    0xff, 0x80, 0x0, 0x1f, 0xff, 0x30, 0xff, 0xf3,
    0x0, 0x0, 0xbf, 0xf7, 0x1f, 0xff, 0x10, 0x0,
    0x9, 0xff, 0x81, 0xff, 0xf1, 0x0, 0x0, 0xaf,
    0xf8, 0xf, 0xff, 0x30, 0x0, 0xb, 0xff, 0x60,
    0xbf, 0xf8, 0x0, 0x1, 0xff, 0xf2, 0x4, 0xff,
    0xf6, 0x24, 0xdf, 0xfa, 0x0, 0x7, 0xff, 0xff,
    0xff, 0xfc, 0x10, 0x0, 0x3, 0xae, 0xff, 0xc6,
    0x0, 0x0,

    /* U+014E "Ŏ" */
    0x0, 0x0, 0x3f, 0xa0, 0x0, 0xcf, 0x10, 0x0,
    0x0, 0x0, 0x0, 0xbf, 0xda, 0xef, 0x90, 0x0,
    0x0, 0x0, 0x0, 0x0, 0x8d, 0xfd, 0x70, 0x0,
    0x0, 0x0, 0x0, 0x0, 0x0, 0x0, 0x0, 0x0,
    0x0, 0x0, 0x0, 0x0, 0x0, 0x0, 0x0, 0x0,
    0x0, 0x0, 0x0, 0x0, 0x2, 0x8c, 0xef, 0xec,
    0x82, 0x0, 0x0, 0x0, 0x7, 0xff, 0xff, 0xff,
    0xff, 0xf8, 0x0, 0x0, 0x8, 0xff, 0xfe, 0xa8,
    0xae, 0xff, 0xf9, 0x0, 0x3, 0xff, 0xf9, 0x0,
    0x0, 0x9, 0xff, 0xf4, 0x0, 0xaf, 0xfc, 0x0,
    0x0, 0x0, 0xc, 0xff, 0xb0, 0xe, 0xff, 0x50,
    0x0, 0x0, 0x0, 0x5f, 0xff, 0x0, 0xff, 0xf2,
    0x0, 0x0, 0x0, 0x1, 0xff, 0xf1, 0x1f, 0xff,
    0x10, 0x0, 0x0, 0x0, 0x1f, 0xff, 0x20, 0xff,
    0xf2, 0x0, 0x0, 0x0, 0x2, 0xff, 0xf1, 0xd,
    0xff, 0x60, 0x0, 0x0, 0x0, 0x5f, 0xfe, 0x0,
    0x9f, 0xfd, 0x0, 0x0, 0x0, 0xc, 0xff, 0x90,
    0x2, 0xff, 0xfa, 0x0, 0x0, 0x9, 0xff, 0xf3,
    0x0, 0x7, 0xff, 0xfe, 0xa8, 0xae, 0xff, 0xf7,
    0x0, 0x0, 0x7, 0xff, 0xff, 0xff, 0xff, 0xf6,
    0x0, 0x0, 0x0, 0x1, 0x8c, 0xef, 0xec, 0x71,
    0x0, 0x0,

    /* U+014F "ŏ" */
    0x0, 0xd, 0xe1, 0x0, 0x7f, 0x70, 0x0, 0x0,
    0x6f, 0xfb, 0xdf, 0xe1, 0x0, 0x0, 0x0, 0x5c,
    0xfe, 0xa2, 0x0, 0x0, 0x0, 0x0, 0x0, 0x0,
    0x0, 0x0, 0x0, 0x3, 0xae, 0xff, 0xc7, 0x0,
    0x0, 0x7, 0xff, 0xff, 0xff, 0xfd, 0x10, 0x4,
    0xff, 0xf7, 0x24, 0xcf, 0xfc, 0x0, 0xbf, 0xf8,
    0x0, 0x1, 0xff, 0xf3, 0xf, 0xff, 0x30, 0x0,
    0xb, 0xff, 0x71, 0xff, 0xf1, 0x0, 0x0, 0x9f,
    0xf8, 0x1f, 0xff, 0x10, 0x0, 0xa, 0xff, 0x80,
    0xff, 0xf3, 0x0, 0x0, 0xbf, 0xf6, 0xb, 0xff,
    0x80, 0x0, 0x1f, 0xff, 0x20, 0x4f, 0xff, 0x62,
    0x4d, 0xff, 0xa0, 0x0, 0x7f, 0xff, 0xff, 0xff,
    0xc1, 0x0, 0x0, 0x3a, 0xef, 0xfc, 0x60, 0x0,

    /* U+0150 "Ő" */
    0x0, 0x0, 0x0, 0x1e, 0xfc, 0x9, 0xff, 0x30,
    0x0, 0x0, 0x0, 0xc, 0xf9, 0x7, 0xfd, 0x20,
    0x0, 0x0, 0x0, 0xa, 0xf6, 0x4, 0xfa, 0x0,
    0x0, 0x0, 0x0, 0x0, 0x11, 0x0, 0x1, 0x0,
    0x0, 0x0, 0x0, 0x0, 0x0, 0x0, 0x0, 0x0,
    0x0, 0x0, 0x0, 0x0, 0x2, 0x8c, 0xef, 0xec,
    0x82, 0x0, 0x0, 0x0, 0x7, 0xff, 0xff, 0xff,
    0xff, 0xf8, 0x0, 0x0, 0x8, 0xff, 0xfe, 0xa8,
    0xae, 0xff, 0xf9, 0x0, 0x3, 0xff, 0xf9, 0x0,
    0x0, 0x9, 0xff, 0xf4, 0x0, 0xaf, 0xfc, 0x0,
    0x0, 0x0, 0xc, 0xff, 0xb0, 0xe, 0xff, 0x50,
    0x0, 0x0, 0x0, 0x5f, 0xff, 0x0, 0xff, 0xf2,
    0x0, 0x0, 0x0, 0x1, 0xff, 0xf1, 0x1f, 0xff,
    0x10, 0x0, 0x0, 0x0, 0x1f, 0xff, 0x20, 0xff,
    0xf2, 0x0, 0x0, 0x0, 0x2, 0xff, 0xf1, 0xd,
    0xff, 0x60, 0x0, 0x0, 0x0, 0x5f, 0xfe, 0x0,
    0x9f, 0xfd, 0x0, 0x0, 0x0, 0xc, 0xff, 0x90,
    0x2, 0xff, 0xfa, 0x0, 0x0, 0x9, 0xff, 0xf3,
    0x0, 0x7, 0xff, 0xfe, 0xa8, 0xae, 0xff, 0xf7,
    0x0, 0x0, 0x7, 0xff, 0xff, 0xff, 0xff, 0xf6,
    0x0, 0x0, 0x0, 0x1, 0x8c, 0xef, 0xec, 0x71,
    0x0, 0x0,

    /* U+0151 "ő" */
    0x0, 0x0, 0xc, 0xfd, 0x7, 0xff, 0x40, 0x0,
    0xa, 0xfc, 0x15, 0xfe, 0x40, 0x0, 0x8, 0xf9,
    0x3, 0xfd, 0x20, 0x0, 0x0, 0x33, 0x0, 0x24,
    0x0, 0x0, 0x0, 0x3, 0xae, 0xff, 0xc7, 0x0,
    0x0, 0x7, 0xff, 0xff, 0xff, 0xfd, 0x10, 0x4,
    0xff, 0xf7, 0x24, 0xcf, 0xfc, 0x0, 0xbf, 0xf8,
    0x0, 0x1, 0xff, 0xf3, 0xf, 0xff, 0x30, 0x0,
    0xb, 0xff, 0x71, 0xff, 0xf1, 0x0, 0x0, 0x9f,
    0xf8, 0x1f, 0xff, 0x10, 0x0, 0xa, 0xff, 0x80,
    0xff, 0xf3, 0x0, 0x0, 0xbf, 0xf6, 0xb, 0xff,
    0x80, 0x0, 0x1f, 0xff, 0x20, 0x4f, 0xff, 0x62,
    0x4d, 0xff, 0xa0, 0x0, 0x7f, 0xff, 0xff, 0xff,
    0xc1, 0x0, 0x0, 0x3a, 0xef, 0xfc, 0x60, 0x0,

    /* U+0152 "Œ" */
    0x0, 0x0, 0x28, 0xce, 0xff, 0xff, 0xff, 0xff,
    0xff, 0xff, 0xb0, 0x0, 0x7, 0xff, 0xff, 0xff,
    0xff, 0xff, 0xff, 0xff, 0xff, 0xb0, 0x0, 0x8f,
    0xff, 0xfb, 0x9a, 0xef, 0xfc, 0x99, 0x99, 0x99,
    0x60, 0x3, 0xff, 0xfa, 0x0, 0x0, 0xaf, 0xf8,
    0x0, 0x0, 0x0, 0x0, 0xa, 0xff, 0xc0, 0x0,
    0x0, 0xaf, 0xf8, 0x0, 0x0, 0x0, 0x0, 0xe,
    0xff, 0x60, 0x0, 0x0, 0xaf, 0xf8, 0x0, 0x0,
    0x0, 0x0, 0xf, 0xff, 0x20, 0x0, 0x0, 0xaf,
    0xff, 0xff, 0xff, 0xff, 0x0, 0x1f, 0xff, 0x10,
    0x0, 0x0, 0xaf, 0xff, 0xff, 0xff, 0xff, 0x0,
    0xf, 0xff, 0x20, 0x0, 0x0, 0xaf, 0xfb, 0x66,
    0x66, 0x66, 0x0, 0xd, 0xff, 0x60, 0x0, 0x0,
    0xaf, 0xf8, 0x0, 0x0, 0x0, 0x0, 0x9, 0xff,
    0xc0, 0x0, 0x0, 0xaf, 0xf8, 0x0, 0x0, 0x0,
    0x0, 0x2, 0xff, 0xf9, 0x0, 0x0, 0xaf, 0xf8,
    0x0, 0x0, 0x0, 0x0, 0x0, 0x7f, 0xff, 0xe9,
    0x78, 0xdf, 0xfc, 0x77, 0x77, 0x77, 0x71, 0x0,
    0x7, 0xff, 0xff, 0xff, 0xff, 0xff, 0xff, 0xff,
    0xff, 0xf2, 0x0, 0x0, 0x18, 0xce, 0xff, 0xff,
    0xff, 0xff, 0xff, 0xff, 0xf2,

    /* U+0153 "œ" */
    0x0, 0x3, 0xae, 0xfe, 0xc6, 0x0, 0x7d, 0xff,
    0xc4, 0x0, 0x0, 0x7, 0xff, 0xff, 0xff, 0xfb,
    0xcf, 0xff, 0xff, 0xf7, 0x0, 0x4, 0xff, 0xf7,
    0x24, 0xcf, 0xff, 0xfa, 0x34, 0xdf, 0xf2, 0x0,
    0xbf, 0xf8, 0x0, 0x1, 0xff, 0xfe, 0x0, 0x3,
    0xff, 0x90, 0xf, 0xff, 0x30, 0x0, 0xb, 0xff,
    0xb0, 0x0, 0xf, 0xfd, 0x1, 0xff, 0xf1, 0x0,
    0x0, 0x9f, 0xff, 0xff, 0xff, 0xff, 0xf0, 0x1f,
    0xff, 0x10, 0x0, 0xa, 0xff, 0xff, 0xff, 0xff,
    0xff, 0x0, 0xff, 0xf3, 0x0, 0x0, 0xbf, 0xfa,
    0x0, 0x0, 0x0, 0x0, 0xb, 0xff, 0x80, 0x0,
    0x1f, 0xff, 0xe0, 0x0, 0x3, 0x21, 0x0, 0x4f,
    0xff, 0x61, 0x3c, 0xff, 0xff, 0xa2, 0x18, 0xff,
    0x90, 0x0, 0x7f, 0xff, 0xff, 0xff, 0xac, 0xff,
    0xff, 0xff, 0xc0, 0x0, 0x0, 0x3a, 0xef, 0xeb,
    0x50, 0x7, 0xdf, 0xec, 0x70, 0x0,

    /* U+0154 "Ŕ" */
    0x0, 0x0, 0x0, 0xc, 0xff, 0x30, 0x0, 0x0,
    0x0, 0x0, 0xb, 0xfe, 0x40, 0x0, 0x0, 0x0,
    0x0, 0x9, 0xfd, 0x20, 0x0, 0x0, 0x0, 0x0,
    0x0, 0x87, 0x0, 0x0, 0x0, 0x0, 0x0, 0x0,
    0x0, 0x0, 0x0, 0x0, 0x0, 0x8, 0xff, 0xff,
    0xff, 0xff, 0xea, 0x40, 0x0, 0x8f, 0xff, 0xff,
    0xff, 0xff, 0xff, 0x90, 0x8, 0xff, 0xd7, 0x77,
    0x79, 0xdf, 0xff, 0x40, 0x8f, 0xfa, 0x0, 0x0,
    0x0, 0xcf, 0xf9, 0x8, 0xff, 0xa0, 0x0, 0x0,
    0x8, 0xff, 0xa0, 0x8f, 0xfa, 0x0, 0x0, 0x0,
    0xdf, 0xf7, 0x8, 0xff, 0xd7, 0x77, 0x79, 0xdf,
    0xfe, 0x10, 0x8f, 0xff, 0xff, 0xff, 0xff, 0xfe,
    0x30, 0x8, 0xff, 0xff, 0xff, 0xff, 0xf9, 0x0,
    0x0, 0x8f, 0xfa, 0x0, 0x5, 0xff, 0xf1, 0x0,
    0x8, 0xff, 0xa0, 0x0, 0xc, 0xff, 0xa0, 0x0,
    0x8f, 0xfa, 0x0, 0x0, 0x3f, 0xff, 0x40, 0x8,
    0xff, 0xa0, 0x0, 0x0, 0x9f, 0xfd, 0x0, 0x8f,
    0xfa, 0x0, 0x0, 0x1, 0xef, 0xf8, 0x8, 0xff,
    0xa0, 0x0, 0x0, 0x6, 0xff, 0xf2,

    /* U+0155 "ŕ" */
    0x0, 0x1, 0xdf, 0xe3, 0x0, 0x1c, 0xfc, 0x10,
    0x0, 0xcf, 0x70, 0x0, 0x0, 0x0, 0x0, 0x0,
    0x8f, 0xf5, 0x4d, 0xf3, 0x7f, 0xf8, 0xff, 0xf3,
    0x7f, 0xfe, 0xd6, 0x61, 0x7f, 0xff, 0x20, 0x0,
    0x7f, 0xfb, 0x0, 0x0, 0x7f, 0xf9, 0x0, 0x0,
    0x7f, 0xf9, 0x0, 0x0, 0x7f, 0xf9, 0x0, 0x0,
    0x7f, 0xf9, 0x0, 0x0, 0x7f, 0xf9, 0x0, 0x0,
    0x7f, 0xf9, 0x0, 0x0, 0x7f, 0xf9, 0x0, 0x0,

    /* U+0156 "Ŗ" */
    0x8f, 0xff, 0xff, 0xff, 0xfe, 0xa4, 0x0, 0x8,
    0xff, 0xff, 0xff, 0xff, 0xff, 0xf9, 0x0, 0x8f,
    0xfd, 0x77, 0x77, 0x9d, 0xff, 0xf4, 0x8, 0xff,
    0xa0, 0x0, 0x0, 0xc, 0xff, 0x90, 0x8f, 0xfa,
    0x0, 0x0, 0x0, 0x8f, 0xfa, 0x8, 0xff, 0xa0,
    0x0, 0x0, 0xd, 0xff, 0x70, 0x8f, 0xfd, 0x77,
    0x77, 0x9d, 0xff, 0xe1, 0x8, 0xff, 0xff, 0xff,
    0xff, 0xff, 0xe3, 0x0, 0x8f, 0xff, 0xff, 0xff,
    0xff, 0x90, 0x0, 0x8, 0xff, 0xa0, 0x0, 0x5f,
    0xff, 0x10, 0x0, 0x8f, 0xfa, 0x0, 0x0, 0xcf,
    0xfa, 0x0, 0x8, 0xff, 0xa0, 0x0, 0x3, 0xff,
    0xf4, 0x0, 0x8f, 0xfa, 0x0, 0x0, 0x9, 0xff,
    0xd0, 0x8, 0xff, 0xa0, 0x0, 0x0, 0x1e, 0xff,
    0x80, 0x8f, 0xfa, 0x0, 0x0, 0x0, 0x6f, 0xff,
    0x20, 0x0, 0x0, 0x0, 0x0, 0x0, 0x0, 0x0,
    0x0, 0x0, 0x5, 0xff, 0x40, 0x0, 0x0, 0x0,
    0x0, 0x0, 0x5f, 0xf4, 0x0, 0x0, 0x0, 0x0,
    0x0, 0x1, 0x7f, 0x10, 0x0, 0x0, 0x0, 0x0,
    0x0, 0xb, 0xa0, 0x0, 0x0, 0x0,

    /* U+0157 "ŗ" */
    0x0, 0x0, 0x0, 0x0, 0x8f, 0xf5, 0x4d, 0xf3,
    0x7f, 0xf8, 0xff, 0xf3, 0x7f, 0xfe, 0xd6, 0x61,
    0x7f, 0xff, 0x20, 0x0, 0x7f, 0xfb, 0x0, 0x0,
    0x7f, 0xf9, 0x0, 0x0, 0x7f, 0xf9, 0x0, 0x0,
    0x7f, 0xf9, 0x0, 0x0, 0x7f, 0xf9, 0x0, 0x0,
    0x7f, 0xf9, 0x0, 0x0, 0x7f, 0xf9, 0x0, 0x0,
    0x7f, 0xf9, 0x0, 0x0, 0x0, 0x0, 0x0, 0x0,
    0x4f, 0xf5, 0x0, 0x0, 0x4f, 0xf4, 0x0, 0x0,
    0x17, 0xf2, 0x0, 0x0, 0xb, 0xb0, 0x0, 0x0,

    /* U+0158 "Ř" */
    0x0, 0x4f, 0xc2, 0x1, 0xcf, 0x40, 0x0, 0x0,
    0x0, 0x6f, 0xe6, 0xef, 0x70, 0x0, 0x0, 0x0,
    0x0, 0x8f, 0xff, 0xa0, 0x0, 0x0, 0x0, 0x0,
    0x0, 0x78, 0x70, 0x0, 0x0, 0x0, 0x0, 0x0,
    0x0, 0x0, 0x0, 0x0, 0x0, 0x8, 0xff, 0xff,
    0xff, 0xff, 0xea, 0x40, 0x0, 0x8f, 0xff, 0xff,
    0xff, 0xff, 0xff, 0x90, 0x8, 0xff, 0xd7, 0x77,
    0x79, 0xdf, 0xff, 0x40, 0x8f, 0xfa, 0x0, 0x0,
    0x0, 0xcf, 0xf9, 0x8, 0xff, 0xa0, 0x0, 0x0,
    0x8, 0xff, 0xa0, 0x8f, 0xfa, 0x0, 0x0, 0x0,
    0xdf, 0xf7, 0x8, 0xff, 0xd7, 0x77, 0x79, 0xdf,
    0xfe, 0x10, 0x8f, 0xff, 0xff, 0xff, 0xff, 0xfe,
    0x30, 0x8, 0xff, 0xff, 0xff, 0xff, 0xf9, 0x0,
    0x0, 0x8f, 0xfa, 0x0, 0x5, 0xff, 0xf1, 0x0,
    0x8, 0xff, 0xa0, 0x0, 0xc, 0xff, 0xa0, 0x0,
    0x8f, 0xfa, 0x0, 0x0, 0x3f, 0xff, 0x40, 0x8,
    0xff, 0xa0, 0x0, 0x0, 0x9f, 0xfd, 0x0, 0x8f,
    0xfa, 0x0, 0x0, 0x1, 0xef, 0xf8, 0x8, 0xff,
    0xa0, 0x0, 0x0, 0x6, 0xff, 0xf2,

    /* U+0159 "ř" */
    0x2f, 0xd2, 0x1, 0xbf, 0x40, 0x3f, 0xf7, 0xef,
    0x50, 0x0, 0x3f, 0xff, 0x60, 0x0, 0x0, 0x11,
    0x10, 0x0, 0x8, 0xff, 0x54, 0xdf, 0x30, 0x7f,
    0xf8, 0xff, 0xf3, 0x7, 0xff, 0xed, 0x66, 0x10,
    0x7f, 0xff, 0x20, 0x0, 0x7, 0xff, 0xb0, 0x0,
    0x0, 0x7f, 0xf9, 0x0, 0x0, 0x7, 0xff, 0x90,
    0x0, 0x0, 0x7f, 0xf9, 0x0, 0x0, 0x7, 0xff,
    0x90, 0x0, 0x0, 0x7f, 0xf9, 0x0, 0x0, 0x7,
    0xff, 0x90, 0x0, 0x0, 0x7f, 0xf9, 0x0, 0x0,

    /* U+015A "Ś" */
    0x0, 0x0, 0x0, 0x0, 0xcf, 0xf4, 0x0, 0x0,
    0x0, 0x0, 0xc, 0xfc, 0x20, 0x0, 0x0, 0x0,
    0x0, 0xcf, 0x80, 0x0, 0x0, 0x0, 0x0, 0x0,
    0x0, 0x0, 0x0, 0x0, 0x0, 0x0, 0x0, 0x0,
    0x0, 0x0, 0x0, 0x0, 0x4, 0xad, 0xff, 0xfd,
    0x92, 0x0, 0x0, 0x9f, 0xff, 0xff, 0xff, 0xff,
    0x50, 0x5, 0xff, 0xf9, 0x54, 0x6d, 0xff, 0xf0,
    0x9, 0xff, 0x80, 0x0, 0x0, 0xef, 0xd3, 0x9,
    0xff, 0x80, 0x0, 0x0, 0x0, 0x0, 0x5, 0xff,
    0xf8, 0x30, 0x0, 0x0, 0x0, 0x0, 0xbf, 0xff,
    0xff, 0xc8, 0x40, 0x0, 0x0, 0x6, 0xcf, 0xff,
    0xff, 0xfd, 0x40, 0x0, 0x0, 0x1, 0x58, 0xcf,
    0xff, 0xf3, 0x0, 0x0, 0x0, 0x0, 0x1, 0xcf,
    0xfa, 0x3, 0x66, 0x0, 0x0, 0x0, 0x5f, 0xfc,
    0x2f, 0xff, 0x40, 0x0, 0x0, 0x9f, 0xfb, 0xb,
    0xff, 0xfb, 0x76, 0x7b, 0xff, 0xf5, 0x1, 0xcf,
    0xff, 0xff, 0xff, 0xff, 0x90, 0x0, 0x5, 0xad,
    0xff, 0xfd, 0x93, 0x0,

    /* U+015B "ś" */
    0x0, 0x0, 0x0, 0x7f, 0xf8, 0x0, 0x0, 0x0,
    0x6, 0xff, 0x60, 0x0, 0x0, 0x0, 0x5f, 0xd2,
    0x0, 0x0, 0x0, 0x0, 0x23, 0x0, 0x0, 0x0,
    0x0, 0x19, 0xdf, 0xfd, 0x92, 0x0, 0x2, 0xef,
    0xff, 0xff, 0xff, 0x30, 0x9, 0xff, 0x61, 0x14,
    0xff, 0xc0, 0xb, 0xff, 0x10, 0x0, 0x44, 0x30,
    0x9, 0xff, 0xe9, 0x51, 0x0, 0x0, 0x1, 0xdf,
    0xff, 0xff, 0xd7, 0x0, 0x0, 0x7, 0xcf, 0xff,
    0xff, 0xb0, 0x0, 0x0, 0x0, 0x38, 0xff, 0xf3,
    0x3, 0x64, 0x0, 0x0, 0x8f, 0xf4, 0xe, 0xfe,
    0x41, 0x3, 0xcf, 0xf2, 0x5, 0xff, 0xff, 0xff,
    0xff, 0x80, 0x0, 0x3a, 0xef, 0xfe, 0xb4, 0x0,

    /* U+015C "Ŝ" */
    0x0, 0x0, 0x2, 0xef, 0xf6, 0x0, 0x0, 0x0,
    0x0, 0x2e, 0xfb, 0xff, 0x60, 0x0, 0x0, 0x2,
    0xee, 0x40, 0x1b, 0xf5, 0x0, 0x0, 0x0, 0x0,
    0x0, 0x0, 0x0, 0x0, 0x0, 0x0, 0x0, 0x0,
    0x0, 0x0, 0x0, 0x0, 0x4, 0xad, 0xff, 0xfd,
    0x92, 0x0, 0x0, 0x9f, 0xff, 0xff, 0xff, 0xff,
    0x50, 0x5, 0xff, 0xf9, 0x54, 0x6d, 0xff, 0xf0,
    0x9, 0xff, 0x80, 0x0, 0x0, 0xef, 0xd3, 0x9,
    0xff, 0x80, 0x0, 0x0, 0x0, 0x0, 0x5, 0xff,
    0xf8, 0x30, 0x0, 0x0, 0x0, 0x0, 0xbf, 0xff,
    0xff, 0xc8, 0x40, 0x0, 0x0, 0x6, 0xcf, 0xff,
    0xff, 0xfd, 0x40, 0x0, 0x0, 0x1, 0x58, 0xcf,
    0xff, 0xf3, 0x0, 0x0, 0x0, 0x0, 0x1, 0xcf,
    0xfa, 0x3, 0x66, 0x0, 0x0, 0x0, 0x5f, 0xfc,
    0x2f, 0xff, 0x40, 0x0, 0x0, 0x9f, 0xfb, 0xb,
    0xff, 0xfb, 0x76, 0x7b, 0xff, 0xf5, 0x1, 0xcf,
    0xff, 0xff, 0xff, 0xff, 0x90, 0x0, 0x5, 0xad,
    0xff, 0xfd, 0x93, 0x0,

    /* U+015D "ŝ" */
    0x0, 0x0, 0x8f, 0xfc, 0x0, 0x0, 0x0, 0x7,
    0xfd, 0xbf, 0xb0, 0x0, 0x0, 0x6f, 0xb1, 0x8,
    0xf9, 0x0, 0x0, 0x33, 0x0, 0x0, 0x34, 0x0,
    0x0, 0x19, 0xdf, 0xfd, 0x92, 0x0, 0x2, 0xef,
    0xff, 0xff, 0xff, 0x30, 0x9, 0xff, 0x61, 0x14,
    0xff, 0xc0, 0xb, 0xff, 0x10, 0x0, 0x44, 0x30,
    0x9, 0xff, 0xe9, 0x51, 0x0, 0x0, 0x1, 0xdf,
    0xff, 0xff, 0xd7, 0x0, 0x0, 0x7, 0xcf, 0xff,
    0xff, 0xb0, 0x0, 0x0, 0x0, 0x38, 0xff, 0xf3,
    0x3, 0x64, 0x0, 0x0, 0x8f, 0xf4, 0xe, 0xfe,
    0x41, 0x3, 0xcf, 0xf2, 0x5, 0xff, 0xff, 0xff,
    0xff, 0x80, 0x0, 0x3a, 0xef, 0xfe, 0xb4, 0x0,

    /* U+015E "Ş" */
    0x0, 0x4, 0xad, 0xff, 0xfd, 0x92, 0x0, 0x0,
    0x9f, 0xff, 0xff, 0xff, 0xff, 0x50, 0x5, 0xff,
    0xf9, 0x54, 0x6d, 0xff, 0xf0, 0x9, 0xff, 0x80,
    0x0, 0x0, 0xef, 0xd3, 0x9, 0xff, 0x80, 0x0,
    0x0, 0x0, 0x0, 0x5, 0xff, 0xf8, 0x30, 0x0,
    0x0, 0x0, 0x0, 0xbf, 0xff, 0xff, 0xc8, 0x40,
    0x0, 0x0, 0x6, 0xcf, 0xff, 0xff, 0xfd, 0x40,
    0x0, 0x0, 0x1, 0x58, 0xcf, 0xff, 0xf3, 0x0,
    0x0, 0x0, 0x0, 0x1, 0xcf, 0xfa, 0x3, 0x66,
    0x0, 0x0, 0x0, 0x5f, 0xfc, 0x2f, 0xff, 0x40,
    0x0, 0x0, 0x9f, 0xfb, 0xb, 0xff, 0xfb, 0x76,
    0x7b, 0xff, 0xf5, 0x1, 0xcf, 0xff, 0xff, 0xff,
    0xff, 0x90, 0x0, 0x5, 0xad, 0xff, 0xfd, 0x93,
    0x0, 0x0, 0x0, 0x0, 0x7f, 0x20, 0x0, 0x0,
    0x0, 0x0, 0x0, 0xcf, 0xf7, 0x0, 0x0, 0x0,
    0x0, 0x0, 0x3, 0xfd, 0x0, 0x0, 0x0, 0x0,
    0x2, 0x48, 0xfb, 0x0, 0x0, 0x0, 0x0, 0x6,
    0xfe, 0xa1, 0x0, 0x0,

    /* U+015F "ş" */
    0x0, 0x19, 0xdf, 0xfd, 0x92, 0x0, 0x2, 0xef,
    0xff, 0xff, 0xff, 0x30, 0x9, 0xff, 0x61, 0x14,
    0xff, 0xc0, 0xb, 0xff, 0x10, 0x0, 0x44, 0x30,
    0x9, 0xff, 0xe9, 0x51, 0x0, 0x0, 0x1, 0xdf,
    0xff, 0xff, 0xd7, 0x0, 0x0, 0x7, 0xcf, 0xff,
    0xff, 0xb0, 0x0, 0x0, 0x0, 0x38, 0xff, 0xf3,
    0x3, 0x64, 0x0, 0x0, 0x8f, 0xf4, 0xe, 0xfe,
    0x41, 0x3, 0xcf, 0xf2, 0x5, 0xff, 0xff, 0xff,
    0xff, 0x80, 0x0, 0x3a, 0xef, 0xfe, 0xb4, 0x0,
    0x0, 0x0, 0xe, 0xa0, 0x0, 0x0, 0x0, 0x0,
    0x3f, 0xfe, 0x10, 0x0, 0x0, 0x0, 0x0, 0xaf,
    0x60, 0x0, 0x0, 0x0, 0x45, 0xdf, 0x30, 0x0,
    0x0, 0x0, 0xdf, 0xd6, 0x0, 0x0,

    /* U+0160 "Š" */
    0x0, 0x5, 0xfc, 0x20, 0x3d, 0xe2, 0x0, 0x0,
    0x0, 0x5f, 0xfa, 0xfe, 0x30, 0x0, 0x0, 0x0,
    0x5, 0xff, 0xf3, 0x0, 0x0, 0x0, 0x0, 0x0,
    0x0, 0x0, 0x0, 0x0, 0x0, 0x0, 0x0, 0x0,
    0x0, 0x0, 0x0, 0x0, 0x4, 0xad, 0xff, 0xfd,
    0x92, 0x0, 0x0, 0x9f, 0xff, 0xff, 0xff, 0xff,
    0x50, 0x5, 0xff, 0xf9, 0x54, 0x6d, 0xff, 0xf0,
    0x9, 0xff, 0x80, 0x0, 0x0, 0xef, 0xd3, 0x9,
    0xff, 0x80, 0x0, 0x0, 0x0, 0x0, 0x5, 0xff,
    0xf8, 0x30, 0x0, 0x0, 0x0, 0x0, 0xbf, 0xff,
    0xff, 0xc8, 0x40, 0x0, 0x0, 0x6, 0xcf, 0xff,
    0xff, 0xfd, 0x40, 0x0, 0x0, 0x1, 0x58, 0xcf,
    0xff, 0xf3, 0x0, 0x0, 0x0, 0x0, 0x1, 0xcf,
    0xfa, 0x3, 0x66, 0x0, 0x0, 0x0, 0x5f, 0xfc,
    0x2f, 0xff, 0x40, 0x0, 0x0, 0x9f, 0xfb, 0xb,
    0xff, 0xfb, 0x76, 0x7b, 0xff, 0xf5, 0x1, 0xcf,
    0xff, 0xff, 0xff, 0xff, 0x90, 0x0, 0x5, 0xad,
    0xff, 0xfd, 0x93, 0x0,

    /* U+0161 "š" */
    0x0, 0x8f, 0x80, 0x4, 0xed, 0x0, 0x0, 0xa,
    0xfb, 0x7f, 0xe1, 0x0, 0x0, 0x0, 0xbf, 0xfe,
    0x20, 0x0, 0x0, 0x0, 0x4, 0x42, 0x0, 0x0,
    0x0, 0x19, 0xdf, 0xfd, 0x92, 0x0, 0x2, 0xef,
    0xff, 0xff, 0xff, 0x30, 0x9, 0xff, 0x61, 0x14,
    0xff, 0xc0, 0xb, 0xff, 0x10, 0x0, 0x44, 0x30,
    0x9, 0xff, 0xe9, 0x51, 0x0, 0x0, 0x1, 0xdf,
    0xff, 0xff, 0xd7, 0x0, 0x0, 0x7, 0xcf, 0xff,
    0xff, 0xb0, 0x0, 0x0, 0x0, 0x38, 0xff, 0xf3,
    0x3, 0x64, 0x0, 0x0, 0x8f, 0xf4, 0xe, 0xfe,
    0x41, 0x3, 0xcf, 0xf2, 0x5, 0xff, 0xff, 0xff,
    0xff, 0x80, 0x0, 0x3a, 0xef, 0xfe, 0xb4, 0x0,

    /* U+0162 "Ţ" */
    0xcf, 0xff, 0xff, 0xff, 0xff, 0xff, 0xf3, 0xcf,
    0xff, 0xff, 0xff, 0xff, 0xff, 0xf3, 0x57, 0x77,
    0x7e, 0xff, 0xa7, 0x77, 0x71, 0x0, 0x0, 0xd,
    0xff, 0x40, 0x0, 0x0, 0x0, 0x0, 0xd, 0xff,
    0x40, 0x0, 0x0, 0x0, 0x0, 0xd, 0xff, 0x40,
    0x0, 0x0, 0x0, 0x0, 0xd, 0xff, 0x40, 0x0,
    0x0, 0x0, 0x0, 0xd, 0xff, 0x40, 0x0, 0x0,
    0x0, 0x0, 0xd, 0xff, 0x40, 0x0, 0x0, 0x0,
    0x0, 0xd, 0xff, 0x40, 0x0, 0x0, 0x0, 0x0,
    0xd, 0xff, 0x40, 0x0, 0x0, 0x0, 0x0, 0xd,
    0xff, 0x40, 0x0, 0x0, 0x0, 0x0, 0xd, 0xff,
    0x40, 0x0, 0x0, 0x0, 0x0, 0xd, 0xff, 0x40,
    0x0, 0x0, 0x0, 0x0, 0xd, 0xff, 0x40, 0x0,
    0x0, 0x0, 0x0, 0x2, 0xd4, 0x0, 0x0, 0x0,
    0x0, 0x0, 0x8, 0xfe, 0x70, 0x0, 0x0, 0x0,
    0x0, 0x0, 0x1e, 0xf1, 0x0, 0x0, 0x0, 0x0,
    0x14, 0x6f, 0xe0, 0x0, 0x0, 0x0, 0x0, 0x3f,
    0xfc, 0x30, 0x0, 0x0,

    /* U+0163 "ţ" */
    0x0, 0x6f, 0xb0, 0x0, 0x0, 0xdf, 0xb0, 0x0,
    0xbf, 0xff, 0xff, 0xe0, 0xbf, 0xff, 0xff, 0xe0,
    0x5, 0xff, 0xc1, 0x10, 0x4, 0xff, 0xb0, 0x0,
    0x4, 0xff, 0xb0, 0x0, 0x4, 0xff, 0xb0, 0x0,
    0x4, 0xff, 0xb0, 0x0, 0x4, 0xff, 0xb0, 0x0,
    0x4, 0xff, 0xc0, 0x0, 0x3, 0xff, 0xf4, 0x20,
    0x0, 0xef, 0xff, 0xf1, 0x0, 0x4e, 0xff, 0xc0,
    0x0, 0x8, 0xf1, 0x0, 0x0, 0xc, 0xff, 0x60,
    0x0, 0x0, 0x4f, 0xc0, 0x0, 0x24, 0x9f, 0xa0,
    0x0, 0x7f, 0xea, 0x10,

    /* U+0164 "Ť" */
    0x0, 0x1e, 0xe4, 0x0, 0x9f, 0x80, 0x0, 0x0,
    0x3, 0xff, 0x8c, 0xfb, 0x0, 0x0, 0x0, 0x0,
    0x4f, 0xff, 0xd0, 0x0, 0x0, 0x0, 0x0, 0x5,
    0x88, 0x20, 0x0, 0x0, 0x0, 0x0, 0x0, 0x0,
    0x0, 0x0, 0x0, 0xcf, 0xff, 0xff, 0xff, 0xff,
    0xff, 0xf3, 0xcf, 0xff, 0xff, 0xff, 0xff, 0xff,
    0xf3, 0x57, 0x77, 0x7e, 0xff, 0xa7, 0x77, 0x71,
    0x0, 0x0, 0xd, 0xff, 0x40, 0x0, 0x0, 0x0,
    0x0, 0xd, 0xff, 0x40, 0x0, 0x0, 0x0, 0x0,
    0xd, 0xff, 0x40, 0x0, 0x0, 0x0, 0x0, 0xd,
    0xff, 0x40, 0x0, 0x0, 0x0, 0x0, 0xd, 0xff,
    0x40, 0x0, 0x0, 0x0, 0x0, 0xd, 0xff, 0x40,
    0x0, 0x0, 0x0, 0x0, 0xd, 0xff, 0x40, 0x0,
    0x0, 0x0, 0x0, 0xd, 0xff, 0x40, 0x0, 0x0,
    0x0, 0x0, 0xd, 0xff, 0x40, 0x0, 0x0, 0x0,
    0x0, 0xd, 0xff, 0x40, 0x0, 0x0, 0x0, 0x0,
    0xd, 0xff, 0x40, 0x0, 0x0, 0x0, 0x0, 0xd,
    0xff, 0x40, 0x0, 0x0,

    /* U+0165 "ť" */
    0x0, 0x0, 0x0, 0x1, 0xff, 0x80, 0x1, 0x64,
    0x0, 0x1f, 0xf8, 0x0, 0x8f, 0xb0, 0x0, 0x4f,
    0x50, 0xe, 0xfb, 0x0, 0x8, 0xd0, 0xbf, 0xff,
    0xff, 0xe0, 0x0, 0xb, 0xff, 0xff, 0xfe, 0x0,
    0x0, 0x5, 0xff, 0xc1, 0x10, 0x0, 0x0, 0x4f,
    0xfb, 0x0, 0x0, 0x0, 0x4, 0xff, 0xb0, 0x0,
    0x0, 0x0, 0x4f, 0xfb, 0x0, 0x0, 0x0, 0x4,
    0xff, 0xb0, 0x0, 0x0, 0x0, 0x4f, 0xfb, 0x0,
    0x0, 0x0, 0x4, 0xff, 0xc0, 0x0, 0x0, 0x0,
    0x3f, 0xff, 0x42, 0x0, 0x0, 0x0, 0xef, 0xff,
    0xf1, 0x0, 0x0, 0x4, 0xdf, 0xec, 0x0, 0x0,

    /* U+0166 "Ŧ" */
    0xcf, 0xff, 0xff, 0xff, 0xff, 0xff, 0xf3, 0xcf,
    0xff, 0xff, 0xff, 0xff, 0xff, 0xf3, 0x57, 0x77,
    0x7e, 0xff, 0xa7, 0x77, 0x71, 0x0, 0x0, 0xd,
    0xff, 0x40, 0x0, 0x0, 0x0, 0x0, 0xd, 0xff,
    0x40, 0x0, 0x0, 0x0, 0x0, 0xd, 0xff, 0x40,
    0x0, 0x0, 0x0, 0x4f, 0xff, 0xff, 0xff, 0xc0,
    0x0, 0x0, 0x4f, 0xff, 0xff, 0xff, 0xc0, 0x0,
    0x0, 0x1, 0x1d, 0xff, 0x51, 0x0, 0x0, 0x0,
    0x0, 0xd, 0xff, 0x40, 0x0, 0x0, 0x0, 0x0,
    0xd, 0xff, 0x40, 0x0, 0x0, 0x0, 0x0, 0xd,
    0xff, 0x40, 0x0, 0x0, 0x0, 0x0, 0xd, 0xff,
    0x40, 0x0, 0x0, 0x0, 0x0, 0xd, 0xff, 0x40,
    0x0, 0x0, 0x0, 0x0, 0xd, 0xff, 0x40, 0x0,
    0x0,

    /* U+0167 "ŧ" */
    0x0, 0x5f, 0xb0, 0x0, 0x0, 0xaf, 0xb0, 0x0,
    0x0, 0xef, 0xb0, 0x0, 0xbf, 0xff, 0xff, 0xe0,
    0xbf, 0xff, 0xff, 0xe0, 0x5, 0xff, 0xc1, 0x10,
    0x4, 0xff, 0xb0, 0x0, 0x5, 0xff, 0xc1, 0x0,
    0xaf, 0xff, 0xff, 0xb0, 0xaf, 0xff, 0xff, 0xb0,
    0x4, 0xff, 0xb0, 0x0, 0x4, 0xff, 0xc0, 0x0,
    0x3, 0xff, 0xf4, 0x20, 0x0, 0xff, 0xff, 0xf1,
    0x0, 0x4d, 0xfe, 0xc0,

    /* U+0168 "Ũ" */
    0x0, 0x4, 0xee, 0xa3, 0x8, 0xf0, 0x0, 0x0,
    0xe, 0xfe, 0xff, 0xef, 0xd0, 0x0, 0x0, 0x3f,
    0x60, 0x4b, 0xfd, 0x30, 0x0, 0x0, 0x0, 0x0,
    0x0, 0x0, 0x0, 0x0, 0x0, 0x0, 0x0, 0x0,
    0x0, 0x0, 0x0, 0xaf, 0xf7, 0x0, 0x0, 0x0,
    0xaf, 0xf8, 0xaf, 0xf7, 0x0, 0x0, 0x0, 0xaf,
    0xf8, 0xaf, 0xf7, 0x0, 0x0, 0x0, 0xaf, 0xf8,
    0xaf, 0xf7, 0x0, 0x0, 0x0, 0xaf, 0xf8, 0xaf,
    0xf7, 0x0, 0x0, 0x0, 0xaf, 0xf8, 0xaf, 0xf7,
    0x0, 0x0, 0x0, 0xaf, 0xf8, 0xaf, 0xf7, 0x0,
    0x0, 0x0, 0xaf, 0xf8, 0xaf, 0xf7, 0x0, 0x0,
    0x0, 0xaf, 0xf8, 0xaf, 0xf7, 0x0, 0x0, 0x0,
    0xaf, 0xf8, 0xaf, 0xf8, 0x0, 0x0, 0x0, 0xbf,
    0xf8, 0x8f, 0xfc, 0x0, 0x0, 0x0, 0xef, 0xf6,
    0x4f, 0xff, 0x50, 0x0, 0x9, 0xff, 0xf1, 0xd,
    0xff, 0xfc, 0x99, 0xdf, 0xff, 0x90, 0x1, 0xdf,
    0xff, 0xff, 0xff, 0xfa, 0x0, 0x0, 0x6, 0xbe,
    0xff, 0xda, 0x30, 0x0,

    /* U+0169 "ũ" */
    0x0, 0x8f, 0xe8, 0x10, 0xcc, 0x0, 0x3f, 0xff,
    0xff, 0xef, 0x80, 0x7, 0xf1, 0x6, 0xcf, 0xb1,
    0x0, 0x0, 0x0, 0x0, 0x0, 0x0, 0xaf, 0xf6,
    0x0, 0x1, 0xff, 0xea, 0xff, 0x60, 0x0, 0x1f,
    0xfe, 0xaf, 0xf6, 0x0, 0x1, 0xff, 0xea, 0xff,
    0x60, 0x0, 0x1f, 0xfe, 0xaf, 0xf6, 0x0, 0x1,
    0xff, 0xea, 0xff, 0x60, 0x0, 0x1f, 0xfe, 0xaf,
    0xf6, 0x0, 0x2, 0xff, 0xea, 0xff, 0x70, 0x0,
    0x3f, 0xfe, 0x9f, 0xfa, 0x0, 0x9, 0xff, 0xe5,
    0xff, 0xf6, 0x16, 0xef, 0xfe, 0xd, 0xff, 0xff,
    0xf5, 0xff, 0xe0, 0x1a, 0xef, 0xc5, 0xe, 0xff,

    /* U+016A "Ū" */
    0x0, 0x4, 0xdd, 0xdd, 0xdd, 0x20, 0x0, 0x0,
    0x5, 0xff, 0xff, 0xff, 0x30, 0x0, 0x0, 0x0,
    0x0, 0x0, 0x0, 0x0, 0x0, 0x0, 0x0, 0x0,
    0x0, 0x0, 0x0, 0x0, 0xaf, 0xf7, 0x0, 0x0,
    0x0, 0xaf, 0xf8, 0xaf, 0xf7, 0x0, 0x0, 0x0,
    0xaf, 0xf8, 0xaf, 0xf7, 0x0, 0x0, 0x0, 0xaf,
    0xf8, 0xaf, 0xf7, 0x0, 0x0, 0x0, 0xaf, 0xf8,
    0xaf, 0xf7, 0x0, 0x0, 0x0, 0xaf, 0xf8, 0xaf,
    0xf7, 0x0, 0x0, 0x0, 0xaf, 0xf8, 0xaf, 0xf7,
    0x0, 0x0, 0x0, 0xaf, 0xf8, 0xaf, 0xf7, 0x0,
    0x0, 0x0, 0xaf, 0xf8, 0xaf, 0xf7, 0x0, 0x0,
    0x0, 0xaf, 0xf8, 0xaf, 0xf8, 0x0, 0x0, 0x0,
    0xbf, 0xf8, 0x8f, 0xfc, 0x0, 0x0, 0x0, 0xef,
    0xf6, 0x4f, 0xff, 0x50, 0x0, 0x9, 0xff, 0xf1,
    0xd, 0xff, 0xfc, 0x99, 0xdf, 0xff, 0x90, 0x1,
    0xdf, 0xff, 0xff, 0xff, 0xfa, 0x0, 0x0, 0x6,
    0xbe, 0xff, 0xda, 0x30, 0x0,

    /* U+016B "ū" */
    0x0, 0xaf, 0xff, 0xff, 0xe0, 0x0, 0x8, 0xdd,
    0xdd, 0xdc, 0x0, 0x0, 0x0, 0x0, 0x0, 0x0,
    0xa, 0xff, 0x60, 0x0, 0x1f, 0xfe, 0xaf, 0xf6,
    0x0, 0x1, 0xff, 0xea, 0xff, 0x60, 0x0, 0x1f,
    0xfe, 0xaf, 0xf6, 0x0, 0x1, 0xff, 0xea, 0xff,
    0x60, 0x0, 0x1f, 0xfe, 0xaf, 0xf6, 0x0, 0x1,
    0xff, 0xea, 0xff, 0x60, 0x0, 0x2f, 0xfe, 0xaf,
    0xf7, 0x0, 0x3, 0xff, 0xe9, 0xff, 0xa0, 0x0,
    0x9f, 0xfe, 0x5f, 0xff, 0x61, 0x6e, 0xff, 0xe0,
    0xdf, 0xff, 0xff, 0x5f, 0xfe, 0x1, 0xae, 0xfc,
    0x50, 0xef, 0xf0,

    /* U+016C "Ŭ" */
    0x0, 0xb, 0xf3, 0x0, 0x4f, 0x90, 0x0, 0x0,
    0x4, 0xff, 0xbb, 0xfe, 0x20, 0x0, 0x0, 0x0,
    0x4b, 0xfe, 0xb2, 0x0, 0x0, 0x0, 0x0, 0x0,
    0x0, 0x0, 0x0, 0x0, 0x0, 0x0, 0x0, 0x0,
    0x0, 0x0, 0x0, 0xaf, 0xf7, 0x0, 0x0, 0x0,
    0xaf, 0xf8, 0xaf, 0xf7, 0x0, 0x0, 0x0, 0xaf,
    0xf8, 0xaf, 0xf7, 0x0, 0x0, 0x0, 0xaf, 0xf8,
    0xaf, 0xf7, 0x0, 0x0, 0x0, 0xaf, 0xf8, 0xaf,
    0xf7, 0x0, 0x0, 0x0, 0xaf, 0xf8, 0xaf, 0xf7,
    0x0, 0x0, 0x0, 0xaf, 0xf8, 0xaf, 0xf7, 0x0,
    0x0, 0x0, 0xaf, 0xf8, 0xaf, 0xf7, 0x0, 0x0,
    0x0, 0xaf, 0xf8, 0xaf, 0xf7, 0x0, 0x0, 0x0,
    0xaf, 0xf8, 0xaf, 0xf8, 0x0, 0x0, 0x0, 0xbf,
    0xf8, 0x8f, 0xfc, 0x0, 0x0, 0x0, 0xef, 0xf6,
    0x4f, 0xff, 0x50, 0x0, 0x9, 0xff, 0xf1, 0xd,
    0xff, 0xfc, 0x99, 0xdf, 0xff, 0x90, 0x1, 0xdf,
    0xff, 0xff, 0xff, 0xfa, 0x0, 0x0, 0x6, 0xbe,
    0xff, 0xda, 0x30, 0x0,

    /* U+016D "ŭ" */
    0x0, 0xfe, 0x10, 0x8, 0xf5, 0x0, 0x7, 0xff,
    0xbd, 0xfd, 0x0, 0x0, 0x6, 0xdf, 0xe9, 0x10,
    0x0, 0x0, 0x0, 0x0, 0x0, 0x0, 0xaf, 0xf6,
    0x0, 0x1, 0xff, 0xea, 0xff, 0x60, 0x0, 0x1f,
    0xfe, 0xaf, 0xf6, 0x0, 0x1, 0xff, 0xea, 0xff,
    0x60, 0x0, 0x1f, 0xfe, 0xaf, 0xf6, 0x0, 0x1,
    0xff, 0xea, 0xff, 0x60, 0x0, 0x1f, 0xfe, 0xaf,
    0xf6, 0x0, 0x2, 0xff, 0xea, 0xff, 0x70, 0x0,
    0x3f, 0xfe, 0x9f, 0xfa, 0x0, 0x9, 0xff, 0xe5,
    0xff, 0xf6, 0x16, 0xef, 0xfe, 0xd, 0xff, 0xff,
    0xf5, 0xff, 0xe0, 0x1a, 0xef, 0xc5, 0xe, 0xff,

    /* U+016E "Ů" */
    0x0, 0x0, 0x0, 0x0, 0x0, 0x0, 0x0, 0x0,
    0x0, 0xa, 0xff, 0x80, 0x0, 0x0, 0x0, 0x0,
    0x7f, 0x67, 0xf6, 0x0, 0x0, 0x0, 0x0, 0xba,
    0x0, 0xb9, 0x0, 0x0, 0x0, 0x0, 0x9e, 0x34,
    0xf7, 0x0, 0x0, 0x0, 0x0, 0x1c, 0xff, 0xb0,
    0x0, 0x0, 0x0, 0x0, 0x0, 0x32, 0x0, 0x0,
    0x0, 0x0, 0x0, 0x0, 0x0, 0x0, 0x0, 0x0,
    0xaf, 0xf7, 0x0, 0x0, 0x0, 0xaf, 0xf8, 0xaf,
    0xf7, 0x0, 0x0, 0x0, 0xaf, 0xf8, 0xaf, 0xf7,
    0x0, 0x0, 0x0, 0xaf, 0xf8, 0xaf, 0xf7, 0x0,
    0x0, 0x0, 0xaf, 0xf8, 0xaf, 0xf7, 0x0, 0x0,
    0x0, 0xaf, 0xf8, 0xaf, 0xf7, 0x0, 0x0, 0x0,
    0xaf, 0xf8, 0xaf, 0xf7, 0x0, 0x0, 0x0, 0xaf,
    0xf8, 0xaf, 0xf7, 0x0, 0x0, 0x0, 0xaf, 0xf8,
    0xaf, 0xf7, 0x0, 0x0, 0x0, 0xaf, 0xf8, 0xaf,
    0xf8, 0x0, 0x0, 0x0, 0xbf, 0xf8, 0x8f, 0xfc,
    0x0, 0x0, 0x0, 0xef, 0xf6, 0x4f, 0xff, 0x50,
    0x0, 0x9, 0xff, 0xf1, 0xd, 0xff, 0xfc, 0x99,
    0xdf, 0xff, 0x90, 0x1, 0xdf, 0xff, 0xff, 0xff,
    0xfa, 0x0, 0x0, 0x6, 0xbe, 0xff, 0xda, 0x30,
    0x0,

    /* U+016F "ů" */
    0x0, 0x0, 0x0, 0x0, 0x0, 0x0, 0x0, 0x2c,
    0xfe, 0x50, 0x0, 0x0, 0xc, 0xd5, 0xaf, 0x20,
    0x0, 0x0, 0xf6, 0x0, 0xf5, 0x0, 0x0, 0xd,
    0xb2, 0x7f, 0x30, 0x0, 0x0, 0x4e, 0xff, 0x80,
    0x0, 0x0, 0x0, 0x3, 0x10, 0x0, 0xa, 0xff,
    0x60, 0x0, 0x1f, 0xfe, 0xaf, 0xf6, 0x0, 0x1,
    0xff, 0xea, 0xff, 0x60, 0x0, 0x1f, 0xfe, 0xaf,
    0xf6, 0x0, 0x1, 0xff, 0xea, 0xff, 0x60, 0x0,
    0x1f, 0xfe, 0xaf, 0xf6, 0x0, 0x1, 0xff, 0xea,
    0xff, 0x60, 0x0, 0x2f, 0xfe, 0xaf, 0xf7, 0x0,
    0x3, 0xff, 0xe9, 0xff, 0xa0, 0x0, 0x9f, 0xfe,
    0x5f, 0xff, 0x61, 0x6e, 0xff, 0xe0, 0xdf, 0xff,
    0xff, 0x5f, 0xfe, 0x1, 0xae, 0xfc, 0x50, 0xef,
    0xf0,

    /* U+0170 "Ű" */
    0x0, 0x0, 0xd, 0xfd, 0x8, 0xff, 0x40, 0x0,
    0x0, 0xbf, 0xa0, 0x6f, 0xe3, 0x0, 0x0, 0x8,
    0xf7, 0x3, 0xfb, 0x10, 0x0, 0x0, 0x1, 0x10,
    0x0, 0x10, 0x0, 0x0, 0x0, 0x0, 0x0, 0x0,
    0x0, 0x0, 0x0, 0xaf, 0xf7, 0x0, 0x0, 0x0,
    0xaf, 0xf8, 0xaf, 0xf7, 0x0, 0x0, 0x0, 0xaf,
    0xf8, 0xaf, 0xf7, 0x0, 0x0, 0x0, 0xaf, 0xf8,
    0xaf, 0xf7, 0x0, 0x0, 0x0, 0xaf, 0xf8, 0xaf,
    0xf7, 0x0, 0x0, 0x0, 0xaf, 0xf8, 0xaf, 0xf7,
    0x0, 0x0, 0x0, 0xaf, 0xf8, 0xaf, 0xf7, 0x0,
    0x0, 0x0, 0xaf, 0xf8, 0xaf, 0xf7, 0x0, 0x0,
    0x0, 0xaf, 0xf8, 0xaf, 0xf7, 0x0, 0x0, 0x0,
    0xaf, 0xf8, 0xaf, 0xf8, 0x0, 0x0, 0x0, 0xbf,
    0xf8, 0x8f, 0xfc, 0x0, 0x0, 0x0, 0xef, 0xf6,
    0x4f, 0xff, 0x50, 0x0, 0x9, 0xff, 0xf1, 0xd,
    0xff, 0xfc, 0x99, 0xdf, 0xff, 0x90, 0x1, 0xdf,
    0xff, 0xff, 0xff, 0xfa, 0x0, 0x0, 0x6, 0xbe,
    0xff, 0xda, 0x30, 0x0,

    /* U+0171 "ű" */
    0x0, 0x4, 0xff, 0x80, 0xdf, 0xd0, 0x0, 0x2e,
    0xf7, 0xb, 0xfb, 0x10, 0x0, 0xde, 0x40, 0x8f,
    0x90, 0x0, 0x0, 0x41, 0x0, 0x33, 0x0, 0x0,
    0xaf, 0xf6, 0x0, 0x1, 0xff, 0xe0, 0xaf, 0xf6,
    0x0, 0x1, 0xff, 0xe0, 0xaf, 0xf6, 0x0, 0x1,
    0xff, 0xe0, 0xaf, 0xf6, 0x0, 0x1, 0xff, 0xe0,
    0xaf, 0xf6, 0x0, 0x1, 0xff, 0xe0, 0xaf, 0xf6,
    0x0, 0x1, 0xff, 0xe0, 0xaf, 0xf6, 0x0, 0x2,
    0xff, 0xe0, 0xaf, 0xf7, 0x0, 0x3, 0xff, 0xe0,
    0x9f, 0xfa, 0x0, 0x9, 0xff, 0xe0, 0x5f, 0xff,
    0x61, 0x6e, 0xff, 0xe0, 0xd, 0xff, 0xff, 0xf5,
    0xff, 0xe0, 0x1, 0xae, 0xfc, 0x50, 0xef, 0xf0,

    /* U+0172 "Ų" */
    0xaf, 0xf7, 0x0, 0x0, 0x0, 0xaf, 0xf8, 0xaf,
    0xf7, 0x0, 0x0, 0x0, 0xaf, 0xf8, 0xaf, 0xf7,
    0x0, 0x0, 0x0, 0xaf, 0xf8, 0xaf, 0xf7, 0x0,
    0x0, 0x0, 0xaf, 0xf8, 0xaf, 0xf7, 0x0, 0x0,
    0x0, 0xaf, 0xf8, 0xaf, 0xf7, 0x0, 0x0, 0x0,
    0xaf, 0xf8, 0xaf, 0xf7, 0x0, 0x0, 0x0, 0xaf,
    0xf8, 0xaf, 0xf7, 0x0, 0x0, 0x0, 0xaf, 0xf8,
    0xaf, 0xf7, 0x0, 0x0, 0x0, 0xaf, 0xf8, 0xaf,
    0xf8, 0x0, 0x0, 0x0, 0xbf, 0xf8, 0x8f, 0xfc,
    0x0, 0x0, 0x0, 0xef, 0xf6, 0x4f, 0xff, 0x50,
    0x0, 0x9, 0xff, 0xf1, 0xd, 0xff, 0xfc, 0x99,
    0xdf, 0xff, 0x90, 0x1, 0xdf, 0xff, 0xff, 0xff,
    0xfa, 0x0, 0x0, 0x6, 0xbe, 0xff, 0xfa, 0x30,
    0x0, 0x0, 0x0, 0x0, 0xaf, 0x30, 0x0, 0x0,
    0x0, 0x0, 0x2, 0xfb, 0x0, 0x0, 0x0, 0x0,
    0x0, 0x4, 0xfa, 0x0, 0x0, 0x0, 0x0, 0x0,
    0x2, 0xff, 0x99, 0x0, 0x0, 0x0, 0x0, 0x0,
    0x6e, 0xfa, 0x0, 0x0,

    /* U+0173 "ų" */
    0xaf, 0xf6, 0x0, 0x1, 0xff, 0xea, 0xff, 0x60,
    0x0, 0x1f, 0xfe, 0xaf, 0xf6, 0x0, 0x1, 0xff,
    0xea, 0xff, 0x60, 0x0, 0x1f, 0xfe, 0xaf, 0xf6,
    0x0, 0x1, 0xff, 0xea, 0xff, 0x60, 0x0, 0x1f,
    0xfe, 0xaf, 0xf6, 0x0, 0x2, 0xff, 0xea, 0xff,
    0x70, 0x0, 0x3f, 0xfe, 0x9f, 0xfa, 0x0, 0x9,
    0xff, 0xe5, 0xff, 0xf6, 0x16, 0xef, 0xfe, 0xd,
    0xff, 0xff, 0xf5, 0xff, 0xe0, 0x1a, 0xef, 0xc5,
    0xf, 0xff, 0x0, 0x0, 0x0, 0x6, 0xf6, 0x0,
    0x0, 0x0, 0x0, 0xfd, 0x0, 0x0, 0x0, 0x0,
    0x3f, 0xc0, 0x0, 0x0, 0x0, 0x1, 0xff, 0xaa,
    0x0, 0x0, 0x0, 0x5, 0xdf, 0xb0,

    /* U+0174 "Ŵ" */
    0x0, 0x0, 0x0, 0x0, 0x3f, 0xfe, 0x20, 0x0,
    0x0, 0x0, 0x0, 0x0, 0x0, 0x0, 0x2e, 0xfe,
    0xfd, 0x10, 0x0, 0x0, 0x0, 0x0, 0x0, 0x0,
    0x1d, 0xf7, 0x9, 0xfc, 0x0, 0x0, 0x0, 0x0,
    0x0, 0x0, 0x4, 0x83, 0x0, 0x5, 0x82, 0x0,
    0x0, 0x0, 0x0, 0x0, 0x0, 0x0, 0x0, 0x0,
    0x0, 0x0, 0x0, 0x0, 0xd, 0xff, 0x50, 0x0,
    0x7, 0xff, 0xf4, 0x0, 0x0, 0x9f, 0xf9, 0x9f,
    0xf9, 0x0, 0x0, 0xbf, 0xff, 0x80, 0x0, 0xc,
    0xff, 0x55, 0xff, 0xc0, 0x0, 0xf, 0xff, 0xfc,
    0x0, 0x0, 0xff, 0xf1, 0x1f, 0xff, 0x0, 0x2,
    0xff, 0xdf, 0xf0, 0x0, 0x3f, 0xfd, 0x0, 0xdf,
    0xf4, 0x0, 0x6f, 0xf7, 0xff, 0x40, 0x7, 0xff,
    0x90, 0x8, 0xff, 0x70, 0xa, 0xfe, 0x2f, 0xf8,
    0x0, 0xaf, 0xf4, 0x0, 0x4f, 0xfb, 0x0, 0xef,
    0xa0, 0xef, 0xc0, 0xe, 0xff, 0x0, 0x0, 0xff,
    0xe0, 0x1f, 0xf7, 0xb, 0xff, 0x1, 0xff, 0xc0,
    0x0, 0xc, 0xff, 0x25, 0xff, 0x30, 0x7f, 0xf3,
    0x5f, 0xf8, 0x0, 0x0, 0x8f, 0xf6, 0x8f, 0xf0,
    0x3, 0xff, 0x69, 0xff, 0x40, 0x0, 0x4, 0xff,
    0x9c, 0xfb, 0x0, 0xf, 0xf9, 0xcf, 0xf0, 0x0,
    0x0, 0xf, 0xfd, 0xff, 0x80, 0x0, 0xcf, 0xcf,
    0xfb, 0x0, 0x0, 0x0, 0xbf, 0xff, 0xf4, 0x0,
    0x8, 0xff, 0xff, 0x70, 0x0, 0x0, 0x7, 0xff,
    0xff, 0x0, 0x0, 0x4f, 0xff, 0xf3, 0x0, 0x0,
    0x0, 0x3f, 0xff, 0xc0, 0x0, 0x0, 0xff, 0xff,
    0x0, 0x0,

    /* U+0175 "ŵ" */
    0x0, 0x0, 0x0, 0x2, 0xef, 0xf5, 0x0, 0x0,
    0x0, 0x0, 0x0, 0x0, 0x2, 0xef, 0x8e, 0xf4,
    0x0, 0x0, 0x0, 0x0, 0x0, 0x2, 0xee, 0x30,
    0x2c, 0xf3, 0x0, 0x0, 0x0, 0x0, 0x0, 0x1,
    0x0, 0x0, 0x1, 0x0, 0x0, 0x0, 0xe, 0xfd,
    0x0, 0x3, 0xff, 0xf4, 0x0, 0xc, 0xff, 0x0,
    0xbf, 0xf1, 0x0, 0x7f, 0xff, 0x80, 0x0, 0xff,
    0xc0, 0x7, 0xff, 0x40, 0xb, 0xfd, 0xfc, 0x0,
    0x2f, 0xf8, 0x0, 0x3f, 0xf7, 0x0, 0xff, 0x7f,
    0xf0, 0x6, 0xff, 0x40, 0x0, 0xef, 0xb0, 0x3f,
    0xf1, 0xff, 0x40, 0x9f, 0xf0, 0x0, 0xb, 0xfe,
    0x7, 0xfc, 0xb, 0xf8, 0xd, 0xfc, 0x0, 0x0,
    0x7f, 0xf2, 0xcf, 0x80, 0x7f, 0xc0, 0xff, 0x80,
    0x0, 0x3, 0xff, 0x5f, 0xf4, 0x3, 0xff, 0x5f,
    0xf3, 0x0, 0x0, 0xe, 0xfb, 0xff, 0x0, 0xf,
    0xfb, 0xff, 0x0, 0x0, 0x0, 0xbf, 0xff, 0xc0,
    0x0, 0xbf, 0xff, 0xb0, 0x0, 0x0, 0x7, 0xff,
    0xf8, 0x0, 0x7, 0xff, 0xf7, 0x0, 0x0, 0x0,
    0x3f, 0xff, 0x40, 0x0, 0x3f, 0xff, 0x30, 0x0,

    /* U+0176 "Ŷ" */
    0x0, 0x0, 0x4, 0xff, 0xe1, 0x0, 0x0, 0x0,
    0x0, 0x2, 0xef, 0xff, 0xc0, 0x0, 0x0, 0x0,
    0x1, 0xef, 0x81, 0xbf, 0xa0, 0x0, 0x0, 0x0,
    0x59, 0x40, 0x0, 0x69, 0x20, 0x0, 0x0, 0x0,
    0x0, 0x0, 0x0, 0x0, 0x0, 0x5, 0xff, 0xe1,
    0x0, 0x0, 0x4, 0xff, 0xe1, 0xb, 0xff, 0x80,
    0x0, 0x0, 0xdf, 0xf6, 0x0, 0x2f, 0xff, 0x20,
    0x0, 0x7f, 0xfc, 0x0, 0x0, 0x7f, 0xfb, 0x0,
    0x1f, 0xff, 0x30, 0x0, 0x0, 0xdf, 0xf4, 0x9,
    0xff, 0x90, 0x0, 0x0, 0x4, 0xff, 0xd3, 0xff,
    0xe0, 0x0, 0x0, 0x0, 0xa, 0xff, 0xef, 0xf5,
    0x0, 0x0, 0x0, 0x0, 0x1f, 0xff, 0xfb, 0x0,
    0x0, 0x0, 0x0, 0x0, 0x7f, 0xff, 0x20, 0x0,
    0x0, 0x0, 0x0, 0x3, 0xff, 0xe0, 0x0, 0x0,
    0x0, 0x0, 0x0, 0x3f, 0xfe, 0x0, 0x0, 0x0,
    0x0, 0x0, 0x3, 0xff, 0xe0, 0x0, 0x0, 0x0,
    0x0, 0x0, 0x3f, 0xfe, 0x0, 0x0, 0x0, 0x0,
    0x0, 0x3, 0xff, 0xe0, 0x0, 0x0, 0x0, 0x0,
    0x0, 0x3f, 0xfe, 0x0, 0x0, 0x0,

    /* U+0177 "ŷ" */
    0x0, 0x0, 0x7f, 0xfd, 0x10, 0x0, 0x0, 0x0,
    0x6f, 0xe9, 0xfd, 0x10, 0x0, 0x0, 0x6f, 0xb1,
    0x5, 0xfc, 0x0, 0x0, 0x1, 0x10, 0x0, 0x0,
    0x10, 0x0, 0xaf, 0xf8, 0x0, 0x0, 0x3f, 0xfe,
    0x4, 0xff, 0xd0, 0x0, 0x7, 0xff, 0x90, 0xe,
    0xff, 0x20, 0x0, 0xcf, 0xf3, 0x0, 0x8f, 0xf7,
    0x0, 0x1f, 0xfd, 0x0, 0x2, 0xff, 0xc0, 0x6,
    0xff, 0x80, 0x0, 0xb, 0xff, 0x10, 0xaf, 0xf2,
    0x0, 0x0, 0x5f, 0xf6, 0xe, 0xfc, 0x0, 0x0,
    0x0, 0xff, 0xb3, 0xff, 0x60, 0x0, 0x0, 0x9,
    0xff, 0x8f, 0xf1, 0x0, 0x0, 0x0, 0x3f, 0xfe,
    0xfb, 0x0, 0x0, 0x0, 0x0, 0xdf, 0xff, 0x50,
    0x0, 0x0, 0x0, 0x7, 0xff, 0xf0, 0x0, 0x0,
    0x0, 0x0, 0x6f, 0xfa, 0x0, 0x0, 0x0, 0x0,
    0xd, 0xff, 0x30, 0x0, 0x0, 0x3, 0x4a, 0xff,
    0xc0, 0x0, 0x0, 0x0, 0xdf, 0xff, 0xf2, 0x0,
    0x0, 0x0, 0xc, 0xfe, 0xb2, 0x0, 0x0, 0x0,
    0x0,

    /* U+0178 "Ÿ" */
    0x0, 0x3, 0xfe, 0x0, 0x5f, 0xc0, 0x0, 0x0,
    0x0, 0x3f, 0xe0, 0x5, 0xfc, 0x0, 0x0, 0x0,
    0x1, 0x65, 0x0, 0x16, 0x40, 0x0, 0x0, 0x0,
    0x0, 0x0, 0x0, 0x0, 0x0, 0x0, 0x5f, 0xfe,
    0x10, 0x0, 0x0, 0x4f, 0xfe, 0x10, 0xbf, 0xf8,
    0x0, 0x0, 0xd, 0xff, 0x60, 0x2, 0xff, 0xf2,
    0x0, 0x7, 0xff, 0xc0, 0x0, 0x7, 0xff, 0xb0,
    0x1, 0xff, 0xf3, 0x0, 0x0, 0xd, 0xff, 0x40,
    0x9f, 0xf9, 0x0, 0x0, 0x0, 0x4f, 0xfd, 0x3f,
    0xfe, 0x0, 0x0, 0x0, 0x0, 0xaf, 0xfe, 0xff,
    0x50, 0x0, 0x0, 0x0, 0x1, 0xff, 0xff, 0xb0,
    0x0, 0x0, 0x0, 0x0, 0x7, 0xff, 0xf2, 0x0,
    0x0, 0x0, 0x0, 0x0, 0x3f, 0xfe, 0x0, 0x0,
    0x0, 0x0, 0x0, 0x3, 0xff, 0xe0, 0x0, 0x0,
    0x0, 0x0, 0x0, 0x3f, 0xfe, 0x0, 0x0, 0x0,
    0x0, 0x0, 0x3, 0xff, 0xe0, 0x0, 0x0, 0x0,
    0x0, 0x0, 0x3f, 0xfe, 0x0, 0x0, 0x0, 0x0,
    0x0, 0x3, 0xff, 0xe0, 0x0, 0x0, 0x0,

    /* U+0179 "Ź" */
    0x0, 0x0, 0x0, 0xa, 0xff, 0x60, 0x0, 0x0,
    0x0, 0x8, 0xff, 0x60, 0x0, 0x0, 0x0, 0x6,
    0xfe, 0x30, 0x0, 0x0, 0x0, 0x0, 0x77, 0x10,
    0x0, 0x0, 0x0, 0x0, 0x0, 0x0, 0x0, 0x0,
    0x0, 0x8f, 0xff, 0xff, 0xff, 0xff, 0xf5, 0x8,
    0xff, 0xff, 0xff, 0xff, 0xff, 0x50, 0x48, 0x88,
    0x88, 0x8a, 0xff, 0xf2, 0x0, 0x0, 0x0, 0x1,
    0xef, 0xf5, 0x0, 0x0, 0x0, 0x0, 0xbf, 0xf8,
    0x0, 0x0, 0x0, 0x0, 0x8f, 0xfb, 0x0, 0x0,
    0x0, 0x0, 0x5f, 0xfd, 0x10, 0x0, 0x0, 0x0,
    0x3f, 0xff, 0x20, 0x0, 0x0, 0x0, 0x1e, 0xff,
    0x50, 0x0, 0x0, 0x0, 0xb, 0xff, 0x80, 0x0,
    0x0, 0x0, 0x9, 0xff, 0xb0, 0x0, 0x0, 0x0,
    0x5, 0xff, 0xe1, 0x0, 0x0, 0x0, 0x2, 0xff,
    0xfb, 0x88, 0x88, 0x88, 0x86, 0x5f, 0xff, 0xff,
    0xff, 0xff, 0xff, 0xd5, 0xff, 0xff, 0xff, 0xff,
    0xff, 0xfd,

    /* U+017A "ź" */
    0x0, 0x0, 0x3, 0xff, 0xc0, 0x0, 0x0, 0x3,
    0xff, 0x80, 0x0, 0x0, 0x2, 0xfe, 0x40, 0x0,
    0x0, 0x0, 0x0, 0x0, 0x0, 0x0, 0xa, 0xff,
    0xff, 0xff, 0xfa, 0x0, 0xaf, 0xff, 0xff, 0xff,
    0xa0, 0x2, 0x33, 0x34, 0xef, 0xf7, 0x0, 0x0,
    0x0, 0x9f, 0xfb, 0x0, 0x0, 0x0, 0x4f, 0xfe,
    0x10, 0x0, 0x0, 0x1e, 0xff, 0x40, 0x0, 0x0,
    0xb, 0xff, 0x90, 0x0, 0x0, 0x7, 0xff, 0xd0,
    0x0, 0x0, 0x3, 0xff, 0xf2, 0x0, 0x0, 0x0,
    0xdf, 0xfa, 0x33, 0x33, 0x30, 0x2f, 0xff, 0xff,
    0xff, 0xff, 0x32, 0xff, 0xff, 0xff, 0xff, 0xf3,

    /* U+017B "Ż" */
    0x0, 0x0, 0xa, 0xff, 0x50, 0x0, 0x0, 0x0,
    0x0, 0xaf, 0xf5, 0x0, 0x0, 0x0, 0x0, 0x2,
    0x44, 0x10, 0x0, 0x0, 0x0, 0x0, 0x0, 0x0,
    0x0, 0x0, 0x8, 0xff, 0xff, 0xff, 0xff, 0xff,
    0x50, 0x8f, 0xff, 0xff, 0xff, 0xff, 0xf5, 0x4,
    0x88, 0x88, 0x88, 0xaf, 0xff, 0x20, 0x0, 0x0,
    0x0, 0x1e, 0xff, 0x50, 0x0, 0x0, 0x0, 0xb,
    0xff, 0x80, 0x0, 0x0, 0x0, 0x8, 0xff, 0xb0,
    0x0, 0x0, 0x0, 0x5, 0xff, 0xd1, 0x0, 0x0,
    0x0, 0x3, 0xff, 0xf2, 0x0, 0x0, 0x0, 0x1,
    0xef, 0xf5, 0x0, 0x0, 0x0, 0x0, 0xbf, 0xf8,
    0x0, 0x0, 0x0, 0x0, 0x9f, 0xfb, 0x0, 0x0,
    0x0, 0x0, 0x5f, 0xfe, 0x10, 0x0, 0x0, 0x0,
    0x2f, 0xff, 0xb8, 0x88, 0x88, 0x88, 0x65, 0xff,
    0xff, 0xff, 0xff, 0xff, 0xfd, 0x5f, 0xff, 0xff,
    0xff, 0xff, 0xff, 0xd0,

    /* U+017C "ż" */
    0x0, 0x0, 0xdf, 0xf3, 0x0, 0x0, 0x0, 0xd,
    0xff, 0x30, 0x0, 0x0, 0x0, 0x34, 0x40, 0x0,
    0x0, 0x0, 0x0, 0x0, 0x0, 0x0, 0xa, 0xff,
    0xff, 0xff, 0xfa, 0x0, 0xaf, 0xff, 0xff, 0xff,
    0xa0, 0x2, 0x33, 0x34, 0xef, 0xf7, 0x0, 0x0,
    0x0, 0x9f, 0xfb, 0x0, 0x0, 0x0, 0x4f, 0xfe,
    0x10, 0x0, 0x0, 0x1e, 0xff, 0x40, 0x0, 0x0,
    0xb, 0xff, 0x90, 0x0, 0x0, 0x7, 0xff, 0xd0,
    0x0, 0x0, 0x3, 0xff, 0xf2, 0x0, 0x0, 0x0,
    0xdf, 0xfa, 0x33, 0x33, 0x30, 0x2f, 0xff, 0xff,
    0xff, 0xff, 0x32, 0xff, 0xff, 0xff, 0xff, 0xf3,

    /* U+017D "Ž" */
    0x0, 0xd, 0xf5, 0x0, 0x7f, 0xa0, 0x0, 0x0,
    0x2e, 0xf9, 0xaf, 0xd0, 0x0, 0x0, 0x0, 0x3f,
    0xff, 0xe1, 0x0, 0x0, 0x0, 0x0, 0x48, 0x83,
    0x0, 0x0, 0x0, 0x0, 0x0, 0x0, 0x0, 0x0,
    0x0, 0x8f, 0xff, 0xff, 0xff, 0xff, 0xf5, 0x8,
    0xff, 0xff, 0xff, 0xff, 0xff, 0x50, 0x48, 0x88,
    0x88, 0x8a, 0xff, 0xf2, 0x0, 0x0, 0x0, 0x1,
    0xef, 0xf5, 0x0, 0x0, 0x0, 0x0, 0xbf, 0xf8,
    0x0, 0x0, 0x0, 0x0, 0x8f, 0xfb, 0x0, 0x0,
    0x0, 0x0, 0x5f, 0xfd, 0x10, 0x0, 0x0, 0x0,
    0x3f, 0xff, 0x20, 0x0, 0x0, 0x0, 0x1e, 0xff,
    0x50, 0x0, 0x0, 0x0, 0xb, 0xff, 0x80, 0x0,
    0x0, 0x0, 0x9, 0xff, 0xb0, 0x0, 0x0, 0x0,
    0x5, 0xff, 0xe1, 0x0, 0x0, 0x0, 0x2, 0xff,
    0xfb, 0x88, 0x88, 0x88, 0x86, 0x5f, 0xff, 0xff,
    0xff, 0xff, 0xff, 0xd5, 0xff, 0xff, 0xff, 0xff,
    0xff, 0xfd,

    /* U+017E "ž" */
    0x3, 0xfc, 0x10, 0x1c, 0xf3, 0x0, 0x4, 0xfe,
    0x7e, 0xf4, 0x0, 0x0, 0x4, 0xff, 0xf5, 0x0,
    0x0, 0x0, 0x1, 0x11, 0x0, 0x0, 0xa, 0xff,
    0xff, 0xff, 0xfa, 0x0, 0xaf, 0xff, 0xff, 0xff,
    0xa0, 0x2, 0x33, 0x34, 0xef, 0xf7, 0x0, 0x0,
    0x0, 0x9f, 0xfb, 0x0, 0x0, 0x0, 0x4f, 0xfe,
    0x10, 0x0, 0x0, 0x1e, 0xff, 0x40, 0x0, 0x0,
    0xb, 0xff, 0x90, 0x0, 0x0, 0x7, 0xff, 0xd0,
    0x0, 0x0, 0x3, 0xff, 0xf2, 0x0, 0x0, 0x0,
    0xdf, 0xfa, 0x33, 0x33, 0x30, 0x2f, 0xff, 0xff,
    0xff, 0xff, 0x32, 0xff, 0xff, 0xff, 0xff, 0xf3,

    /* U+017F "ſ" */
    0x4, 0xcf, 0xfb, 0x2f, 0xff, 0xfd, 0x6f, 0xfc,
    0x11, 0x7f, 0xf8, 0x0, 0x7f, 0xf8, 0x0, 0x7f,
    0xf8, 0x0, 0x7f, 0xf8, 0x0, 0x7f, 0xf8, 0x0,
    0x7f, 0xf8, 0x0, 0x7f, 0xf8, 0x0, 0x7f, 0xf8,
    0x0, 0x7f, 0xf8, 0x0, 0x7f, 0xf8, 0x0, 0x7f,
    0xf8, 0x0, 0x7f, 0xf8, 0x0, 0x7f, 0xf8, 0x0,

    /* U+20AC "€" */
    0x0, 0x1, 0x8d, 0xfe, 0xc6, 0x0, 0x0, 0x1e,
    0xff, 0xff, 0xff, 0xa0, 0x0, 0xbf, 0xfd, 0x77,
    0xef, 0xf5, 0x2, 0xff, 0xf1, 0x0, 0x4b, 0xb6,
    0x6, 0xff, 0xa0, 0x0, 0x0, 0x0, 0x9f, 0xff,
    0xff, 0xff, 0x0, 0x0, 0x7d, 0xff, 0xc9, 0x98,
    0x0, 0x0, 0x5d, 0xff, 0xda, 0xaa, 0x10, 0x0,
    0xcf, 0xff, 0xff, 0xff, 0x0, 0x0, 0x6, 0xff,
    0xa0, 0x0, 0x0, 0x0, 0x3, 0xff, 0xd0, 0x0,
    0x5, 0x54, 0x0, 0xef, 0xf4, 0x0, 0x5f, 0xfa,
    0x0, 0x7f, 0xff, 0x87, 0xef, 0xf4, 0x0, 0xb,
    0xff, 0xff, 0xff, 0xa0, 0x0, 0x0, 0x7c, 0xff,
    0xd6, 0x0
};


/*---------------------
 *  GLYPH DESCRIPTION
 *--------------------*/

static const lv_font_fmt_txt_glyph_dsc_t glyph_dsc[] = {
    {.bitmap_index = 0, .adv_w = 0, .box_w = 0, .box_h = 0, .ofs_x = 0, .ofs_y = 0} /* id = 0 reserved */,
    {.bitmap_index = 0, .adv_w = 98, .box_w = 0, .box_h = 0, .ofs_x = 0, .ofs_y = 0},
    {.bitmap_index = 0, .adv_w = 117, .box_w = 4, .box_h = 15, .ofs_x = 2, .ofs_y = 0},
    {.bitmap_index = 30, .adv_w = 167, .box_w = 8, .box_h = 6, .ofs_x = 1, .ofs_y = 9},
    {.bitmap_index = 54, .adv_w = 196, .box_w = 12, .box_h = 15, .ofs_x = 0, .ofs_y = 0},
    {.bitmap_index = 144, .adv_w = 196, .box_w = 12, .box_h = 19, .ofs_x = 0, .ofs_y = -3},
    {.bitmap_index = 258, .adv_w = 313, .box_w = 19, .box_h = 15, .ofs_x = 0, .ofs_y = 0},
    {.bitmap_index = 401, .adv_w = 254, .box_w = 16, .box_h = 15, .ofs_x = 0, .ofs_y = 0},
    {.bitmap_index = 521, .adv_w = 84, .box_w = 4, .box_h = 6, .ofs_x = 1, .ofs_y = 9},
    {.bitmap_index = 533, .adv_w = 117, .box_w = 7, .box_h = 21, .ofs_x = 1, .ofs_y = -5},
    {.bitmap_index = 607, .adv_w = 117, .box_w = 7, .box_h = 21, .ofs_x = 0, .ofs_y = -5},
    {.bitmap_index = 681, .adv_w = 137, .box_w = 9, .box_h = 9, .ofs_x = 0, .ofs_y = 6},
    {.bitmap_index = 722, .adv_w = 206, .box_w = 12, .box_h = 12, .ofs_x = 0, .ofs_y = 2},
    {.bitmap_index = 794, .adv_w = 98, .box_w = 4, .box_h = 8, .ofs_x = 1, .ofs_y = -4},
    {.bitmap_index = 810, .adv_w = 117, .box_w = 7, .box_h = 3, .ofs_x = 0, .ofs_y = 4},
    {.bitmap_index = 821, .adv_w = 98, .box_w = 4, .box_h = 4, .ofs_x = 1, .ofs_y = 0},
    {.bitmap_index = 829, .adv_w = 98, .box_w = 6, .box_h = 16, .ofs_x = 0, .ofs_y = 0},
    {.bitmap_index = 877, .adv_w = 196, .box_w = 12, .box_h = 15, .ofs_x = 0, .ofs_y = 0},
    {.bitmap_index = 967, .adv_w = 196, .box_w = 11, .box_h = 15, .ofs_x = 1, .ofs_y = 0},
    {.bitmap_index = 1050, .adv_w = 196, .box_w = 12, .box_h = 15, .ofs_x = 0, .ofs_y = 0},
    {.bitmap_index = 1140, .adv_w = 196, .box_w = 12, .box_h = 15, .ofs_x = 0, .ofs_y = 0},
    {.bitmap_index = 1230, .adv_w = 196, .box_w = 13, .box_h = 15, .ofs_x = 0, .ofs_y = 0},
    {.bitmap_index = 1328, .adv_w = 196, .box_w = 12, .box_h = 15, .ofs_x = 0, .ofs_y = 0},
    {.bitmap_index = 1418, .adv_w = 196, .box_w = 12, .box_h = 15, .ofs_x = 0, .ofs_y = 0},
    {.bitmap_index = 1508, .adv_w = 196, .box_w = 12, .box_h = 15, .ofs_x = 0, .ofs_y = 0},
    {.bitmap_index = 1598, .adv_w = 196, .box_w = 12, .box_h = 15, .ofs_x = 0, .ofs_y = 0},
    {.bitmap_index = 1688, .adv_w = 196, .box_w = 12, .box_h = 15, .ofs_x = 0, .ofs_y = 0},
    {.bitmap_index = 1778, .adv_w = 117, .box_w = 4, .box_h = 12, .ofs_x = 2, .ofs_y = 0},
    {.bitmap_index = 1802, .adv_w = 117, .box_w = 4, .box_h = 16, .ofs_x = 2, .ofs_y = -4},
    {.bitmap_index = 1834, .adv_w = 206, .box_w = 12, .box_h = 13, .ofs_x = 0, .ofs_y = 1},
    {.bitmap_index = 1912, .adv_w = 206, .box_w = 12, .box_h = 9, .ofs_x = 0, .ofs_y = 3},
    {.bitmap_index = 1966, .adv_w = 206, .box_w = 12, .box_h = 13, .ofs_x = 0, .ofs_y = 1},
    {.bitmap_index = 2044, .adv_w = 215, .box_w = 12, .box_h = 15, .ofs_x = 1, .ofs_y = 0},
    {.bitmap_index = 2134, .adv_w = 343, .box_w = 20, .box_h = 18, .ofs_x = 1, .ofs_y = -3},
    {.bitmap_index = 2314, .adv_w = 254, .box_w = 16, .box_h = 15, .ofs_x = 0, .ofs_y = 0},
    {.bitmap_index = 2434, .adv_w = 254, .box_w = 14, .box_h = 15, .ofs_x = 1, .ofs_y = 0},
    {.bitmap_index = 2539, .adv_w = 254, .box_w = 16, .box_h = 15, .ofs_x = 0, .ofs_y = 0},
    {.bitmap_index = 2659, .adv_w = 254, .box_w = 14, .box_h = 15, .ofs_x = 1, .ofs_y = 0},
    {.bitmap_index = 2764, .adv_w = 235, .box_w = 13, .box_h = 15, .ofs_x = 1, .ofs_y = 0},
    {.bitmap_index = 2862, .adv_w = 215, .box_w = 12, .box_h = 15, .ofs_x = 1, .ofs_y = 0},
    {.bitmap_index = 2952, .adv_w = 274, .box_w = 16, .box_h = 15, .ofs_x = 0, .ofs_y = 0},
    {.bitmap_index = 3072, .adv_w = 254, .box_w = 14, .box_h = 15, .ofs_x = 1, .ofs_y = 0},
    {.bitmap_index = 3177, .adv_w = 98, .box_w = 4, .box_h = 15, .ofs_x = 1, .ofs_y = 0},
    {.bitmap_index = 3207, .adv_w = 196, .box_w = 11, .box_h = 15, .ofs_x = 0, .ofs_y = 0},
    {.bitmap_index = 3290, .adv_w = 254, .box_w = 15, .box_h = 15, .ofs_x = 1, .ofs_y = 0},
    {.bitmap_index = 3403, .adv_w = 215, .box_w = 12, .box_h = 15, .ofs_x = 1, .ofs_y = 0},
    {.bitmap_index = 3493, .adv_w = 293, .box_w = 16, .box_h = 15, .ofs_x = 1, .ofs_y = 0},
    {.bitmap_index = 3613, .adv_w = 254, .box_w = 14, .box_h = 15, .ofs_x = 1, .ofs_y = 0},
    {.bitmap_index = 3718, .adv_w = 274, .box_w = 17, .box_h = 15, .ofs_x = 0, .ofs_y = 0},
    {.bitmap_index = 3846, .adv_w = 235, .box_w = 13, .box_h = 15, .ofs_x = 1, .ofs_y = 0},
    {.bitmap_index = 3944, .adv_w = 274, .box_w = 17, .box_h = 20, .ofs_x = 0, .ofs_y = -5},
    {.bitmap_index = 4114, .adv_w = 254, .box_w = 15, .box_h = 15, .ofs_x = 1, .ofs_y = 0},
    {.bitmap_index = 4227, .adv_w = 235, .box_w = 14, .box_h = 15, .ofs_x = 0, .ofs_y = 0},
    {.bitmap_index = 4332, .adv_w = 215, .box_w = 14, .box_h = 15, .ofs_x = 0, .ofs_y = 0},
    {.bitmap_index = 4437, .adv_w = 254, .box_w = 14, .box_h = 15, .ofs_x = 1, .ofs_y = 0},
    {.bitmap_index = 4542, .adv_w = 235, .box_w = 15, .box_h = 15, .ofs_x = 0, .ofs_y = 0},
    {.bitmap_index = 4655, .adv_w = 332, .box_w = 21, .box_h = 15, .ofs_x = 0, .ofs_y = 0},
    {.bitmap_index = 4813, .adv_w = 235, .box_w = 15, .box_h = 15, .ofs_x = 0, .ofs_y = 0},
    {.bitmap_index = 4926, .adv_w = 235, .box_w = 15, .box_h = 15, .ofs_x = 0, .ofs_y = 0},
    {.bitmap_index = 5039, .adv_w = 215, .box_w = 13, .box_h = 15, .ofs_x = 0, .ofs_y = 0},
    {.bitmap_index = 5137, .adv_w = 117, .box_w = 7, .box_h = 21, .ofs_x = 1, .ofs_y = -5},
    {.bitmap_index = 5211, .adv_w = 98, .box_w = 6, .box_h = 16, .ofs_x = 0, .ofs_y = 0},
    {.bitmap_index = 5259, .adv_w = 117, .box_w = 7, .box_h = 21, .ofs_x = 0, .ofs_y = -5},
    {.bitmap_index = 5333, .adv_w = 206, .box_w = 13, .box_h = 10, .ofs_x = 0, .ofs_y = 6},
    {.bitmap_index = 5398, .adv_w = 196, .box_w = 14, .box_h = 1, .ofs_x = -1, .ofs_y = -3},
    {.bitmap_index = 5405, .adv_w = 117, .box_w = 7, .box_h = 4, .ofs_x = 0, .ofs_y = 13},
    {.bitmap_index = 5419, .adv_w = 196, .box_w = 13, .box_h = 12, .ofs_x = 0, .ofs_y = 0},
    {.bitmap_index = 5497, .adv_w = 215, .box_w = 12, .box_h = 16, .ofs_x = 1, .ofs_y = 0},
    {.bitmap_index = 5593, .adv_w = 196, .box_w = 12, .box_h = 12, .ofs_x = 0, .ofs_y = 0},
    {.bitmap_index = 5665, .adv_w = 215, .box_w = 12, .box_h = 16, .ofs_x = 0, .ofs_y = 0},
    {.bitmap_index = 5761, .adv_w = 196, .box_w = 12, .box_h = 12, .ofs_x = 0, .ofs_y = 0},
    {.bitmap_index = 5833, .adv_w = 117, .box_w = 8, .box_h = 16, .ofs_x = 0, .ofs_y = 0},
    {.bitmap_index = 5897, .adv_w = 215, .box_w = 12, .box_h = 17, .ofs_x = 0, .ofs_y = -5},
    {.bitmap_index = 5999, .adv_w = 215, .box_w = 12, .box_h = 16, .ofs_x = 1, .ofs_y = 0},
    {.bitmap_index = 6095, .adv_w = 98, .box_w = 4, .box_h = 16, .ofs_x = 1, .ofs_y = 0},
    {.bitmap_index = 6127, .adv_w = 98, .box_w = 6, .box_h = 21, .ofs_x = -1, .ofs_y = -5},
    {.bitmap_index = 6190, .adv_w = 196, .box_w = 12, .box_h = 16, .ofs_x = 1, .ofs_y = 0},
    {.bitmap_index = 6286, .adv_w = 98, .box_w = 4, .box_h = 16, .ofs_x = 1, .ofs_y = 0},
    {.bitmap_index = 6318, .adv_w = 313, .box_w = 18, .box_h = 12, .ofs_x = 1, .ofs_y = 0},
    {.bitmap_index = 6426, .adv_w = 215, .box_w = 12, .box_h = 12, .ofs_x = 1, .ofs_y = 0},
    {.bitmap_index = 6498, .adv_w = 215, .box_w = 13, .box_h = 12, .ofs_x = 0, .ofs_y = 0},
    {.bitmap_index = 6576, .adv_w = 215, .box_w = 12, .box_h = 17, .ofs_x = 1, .ofs_y = -5},
    {.bitmap_index = 6678, .adv_w = 215, .box_w = 12, .box_h = 17, .ofs_x = 0, .ofs_y = -5},
    {.bitmap_index = 6780, .adv_w = 137, .box_w = 8, .box_h = 13, .ofs_x = 1, .ofs_y = 0},
    {.bitmap_index = 6832, .adv_w = 196, .box_w = 12, .box_h = 12, .ofs_x = 0, .ofs_y = 0},
    {.bitmap_index = 6904, .adv_w = 117, .box_w = 8, .box_h = 15, .ofs_x = 0, .ofs_y = 0},
    {.bitmap_index = 6964, .adv_w = 215, .box_w = 11, .box_h = 12, .ofs_x = 1, .ofs_y = 0},
    {.bitmap_index = 7030, .adv_w = 196, .box_w = 13, .box_h = 12, .ofs_x = 0, .ofs_y = 0},
    {.bitmap_index = 7108, .adv_w = 274, .box_w = 19, .box_h = 12, .ofs_x = -1, .ofs_y = 0},
    {.bitmap_index = 7222, .adv_w = 196, .box_w = 13, .box_h = 12, .ofs_x = 0, .ofs_y = 0},
    {.bitmap_index = 7300, .adv_w = 196, .box_w = 13, .box_h = 17, .ofs_x = 0, .ofs_y = -5},
    {.bitmap_index = 7411, .adv_w = 176, .box_w = 11, .box_h = 12, .ofs_x = 0, .ofs_y = 0},
    {.bitmap_index = 7477, .adv_w = 137, .box_w = 9, .box_h = 21, .ofs_x = 0, .ofs_y = -5},
    {.bitmap_index = 7572, .adv_w = 98, .box_w = 4, .box_h = 21, .ofs_x = 1, .ofs_y = -5},
    {.bitmap_index = 7614, .adv_w = 137, .box_w = 9, .box_h = 21, .ofs_x = 0, .ofs_y = -5},
    {.bitmap_index = 7709, .adv_w = 206, .box_w = 13, .box_h = 4, .ofs_x = 0, .ofs_y = 6},
    {.bitmap_index = 7735, .adv_w = 98, .box_w = 0, .box_h = 0, .ofs_x = 0, .ofs_y = 0},
    {.bitmap_index = 7735, .adv_w = 117, .box_w = 4, .box_h = 16, .ofs_x = 2, .ofs_y = -4},
    {.bitmap_index = 7767, .adv_w = 196, .box_w = 12, .box_h = 15, .ofs_x = 0, .ofs_y = 0},
    {.bitmap_index = 7857, .adv_w = 196, .box_w = 13, .box_h = 15, .ofs_x = 0, .ofs_y = 0},
    {.bitmap_index = 7955, .adv_w = 196, .box_w = 12, .box_h = 12, .ofs_x = 0, .ofs_y = 1},
    {.bitmap_index = 8027, .adv_w = 196, .box_w = 13, .box_h = 15, .ofs_x = 0, .ofs_y = 0},
    {.bitmap_index = 8125, .adv_w = 98, .box_w = 4, .box_h = 21, .ofs_x = 1, .ofs_y = -5},
    {.bitmap_index = 8167, .adv_w = 196, .box_w = 12, .box_h = 18, .ofs_x = 0, .ofs_y = -3},
    {.bitmap_index = 8275, .adv_w = 117, .box_w = 8, .box_h = 3, .ofs_x = 0, .ofs_y = 13},
    {.bitmap_index = 8287, .adv_w = 259, .box_w = 16, .box_h = 18, .ofs_x = 0, .ofs_y = -1},
    {.bitmap_index = 8431, .adv_w = 130, .box_w = 9, .box_h = 9, .ofs_x = 0, .ofs_y = 7},
    {.bitmap_index = 8472, .adv_w = 196, .box_w = 12, .box_h = 9, .ofs_x = 0, .ofs_y = 2},
    {.bitmap_index = 8526, .adv_w = 206, .box_w = 12, .box_h = 8, .ofs_x = 0, .ofs_y = 1},
    {.bitmap_index = 8574, .adv_w = 117, .box_w = 7, .box_h = 3, .ofs_x = 0, .ofs_y = 4},
    {.bitmap_index = 8585, .adv_w = 259, .box_w = 16, .box_h = 18, .ofs_x = 0, .ofs_y = -1},
    {.bitmap_index = 8729, .adv_w = 194, .box_w = 14, .box_h = 2, .ofs_x = -1, .ofs_y = 15},
    {.bitmap_index = 8743, .adv_w = 141, .box_w = 8, .box_h = 7, .ofs_x = 0, .ofs_y = 9},
    {.bitmap_index = 8771, .adv_w = 193, .box_w = 12, .box_h = 14, .ofs_x = 0, .ofs_y = 0},
    {.bitmap_index = 8855, .adv_w = 117, .box_w = 7, .box_h = 9, .ofs_x = 0, .ofs_y = 8},
    {.bitmap_index = 8887, .adv_w = 117, .box_w = 7, .box_h = 10, .ofs_x = 0, .ofs_y = 7},
    {.bitmap_index = 8922, .adv_w = 117, .box_w = 7, .box_h = 4, .ofs_x = 0, .ofs_y = 13},
    {.bitmap_index = 8936, .adv_w = 203, .box_w = 11, .box_h = 17, .ofs_x = 1, .ofs_y = -5},
    {.bitmap_index = 9030, .adv_w = 196, .box_w = 12, .box_h = 19, .ofs_x = 0, .ofs_y = -4},
    {.bitmap_index = 9144, .adv_w = 117, .box_w = 4, .box_h = 4, .ofs_x = 1, .ofs_y = 6},
    {.bitmap_index = 9152, .adv_w = 117, .box_w = 5, .box_h = 5, .ofs_x = 1, .ofs_y = -5},
    {.bitmap_index = 9165, .adv_w = 117, .box_w = 7, .box_h = 9, .ofs_x = 0, .ofs_y = 7},
    {.bitmap_index = 9197, .adv_w = 129, .box_w = 8, .box_h = 8, .ofs_x = 0, .ofs_y = 8},
    {.bitmap_index = 9229, .adv_w = 196, .box_w = 11, .box_h = 9, .ofs_x = 1, .ofs_y = 2},
    {.bitmap_index = 9279, .adv_w = 294, .box_w = 19, .box_h = 18, .ofs_x = 1, .ofs_y = -2},
    {.bitmap_index = 9450, .adv_w = 294, .box_w = 17, .box_h = 17, .ofs_x = 1, .ofs_y = -1},
    {.bitmap_index = 9595, .adv_w = 294, .box_w = 19, .box_h = 18, .ofs_x = 1, .ofs_y = -2},
    {.bitmap_index = 9766, .adv_w = 215, .box_w = 12, .box_h = 16, .ofs_x = 1, .ofs_y = -4},
    {.bitmap_index = 9862, .adv_w = 254, .box_w = 16, .box_h = 20, .ofs_x = 0, .ofs_y = 0},
    {.bitmap_index = 10022, .adv_w = 254, .box_w = 16, .box_h = 20, .ofs_x = 0, .ofs_y = 0},
    {.bitmap_index = 10182, .adv_w = 254, .box_w = 16, .box_h = 20, .ofs_x = 0, .ofs_y = 0},
    {.bitmap_index = 10342, .adv_w = 254, .box_w = 16, .box_h = 20, .ofs_x = 0, .ofs_y = 0},
    {.bitmap_index = 10502, .adv_w = 254, .box_w = 16, .box_h = 19, .ofs_x = 0, .ofs_y = 0},
    {.bitmap_index = 10654, .adv_w = 254, .box_w = 16, .box_h = 21, .ofs_x = 0, .ofs_y = 0},
    {.bitmap_index = 10822, .adv_w = 352, .box_w = 22, .box_h = 15, .ofs_x = 0, .ofs_y = 0},
    {.bitmap_index = 10987, .adv_w = 254, .box_w = 16, .box_h = 20, .ofs_x = 0, .ofs_y = -5},
    {.bitmap_index = 11147, .adv_w = 235, .box_w = 13, .box_h = 20, .ofs_x = 1, .ofs_y = 0},
    {.bitmap_index = 11277, .adv_w = 235, .box_w = 13, .box_h = 20, .ofs_x = 1, .ofs_y = 0},
    {.bitmap_index = 11407, .adv_w = 235, .box_w = 13, .box_h = 20, .ofs_x = 1, .ofs_y = 0},
    {.bitmap_index = 11537, .adv_w = 235, .box_w = 13, .box_h = 19, .ofs_x = 1, .ofs_y = 0},
    {.bitmap_index = 11661, .adv_w = 98, .box_w = 7, .box_h = 20, .ofs_x = -1, .ofs_y = 0},
    {.bitmap_index = 11731, .adv_w = 98, .box_w = 6, .box_h = 20, .ofs_x = 1, .ofs_y = 0},
    {.bitmap_index = 11791, .adv_w = 98, .box_w = 8, .box_h = 20, .ofs_x = -1, .ofs_y = 0},
    {.bitmap_index = 11871, .adv_w = 98, .box_w = 8, .box_h = 19, .ofs_x = -1, .ofs_y = 0},
    {.bitmap_index = 11947, .adv_w = 254, .box_w = 15, .box_h = 15, .ofs_x = 0, .ofs_y = 0},
    {.bitmap_index = 12060, .adv_w = 254, .box_w = 14, .box_h = 20, .ofs_x = 1, .ofs_y = 0},
    {.bitmap_index = 12200, .adv_w = 274, .box_w = 17, .box_h = 20, .ofs_x = 0, .ofs_y = 0},
    {.bitmap_index = 12370, .adv_w = 274, .box_w = 17, .box_h = 20, .ofs_x = 0, .ofs_y = 0},
    {.bitmap_index = 12540, .adv_w = 274, .box_w = 17, .box_h = 20, .ofs_x = 0, .ofs_y = 0},
    {.bitmap_index = 12710, .adv_w = 274, .box_w = 17, .box_h = 20, .ofs_x = 0, .ofs_y = 0},
    {.bitmap_index = 12880, .adv_w = 274, .box_w = 17, .box_h = 20, .ofs_x = 0, .ofs_y = 0},
    {.bitmap_index = 13050, .adv_w = 206, .box_w = 12, .box_h = 12, .ofs_x = 0, .ofs_y = 1},
    {.bitmap_index = 13122, .adv_w = 274, .box_w = 17, .box_h = 17, .ofs_x = 0, .ofs_y = -1},
    {.bitmap_index = 13267, .adv_w = 254, .box_w = 14, .box_h = 20, .ofs_x = 1, .ofs_y = 0},
    {.bitmap_index = 13407, .adv_w = 254, .box_w = 14, .box_h = 20, .ofs_x = 1, .ofs_y = 0},
    {.bitmap_index = 13547, .adv_w = 254, .box_w = 14, .box_h = 20, .ofs_x = 1, .ofs_y = 0},
    {.bitmap_index = 13687, .adv_w = 254, .box_w = 14, .box_h = 20, .ofs_x = 1, .ofs_y = 0},
    {.bitmap_index = 13827, .adv_w = 235, .box_w = 15, .box_h = 20, .ofs_x = 0, .ofs_y = 0},
    {.bitmap_index = 13977, .adv_w = 235, .box_w = 13, .box_h = 15, .ofs_x = 1, .ofs_y = 0},
    {.bitmap_index = 14075, .adv_w = 215, .box_w = 12, .box_h = 16, .ofs_x = 1, .ofs_y = 0},
    {.bitmap_index = 14171, .adv_w = 196, .box_w = 13, .box_h = 16, .ofs_x = 0, .ofs_y = 0},
    {.bitmap_index = 14275, .adv_w = 196, .box_w = 13, .box_h = 16, .ofs_x = 0, .ofs_y = 0},
    {.bitmap_index = 14379, .adv_w = 196, .box_w = 13, .box_h = 16, .ofs_x = 0, .ofs_y = 0},
    {.bitmap_index = 14483, .adv_w = 196, .box_w = 13, .box_h = 16, .ofs_x = 0, .ofs_y = 0},
    {.bitmap_index = 14587, .adv_w = 196, .box_w = 13, .box_h = 15, .ofs_x = 0, .ofs_y = 0},
    {.bitmap_index = 14685, .adv_w = 196, .box_w = 13, .box_h = 19, .ofs_x = 0, .ofs_y = 0},
    {.bitmap_index = 14809, .adv_w = 313, .box_w = 19, .box_h = 12, .ofs_x = 0, .ofs_y = 0},
    {.bitmap_index = 14923, .adv_w = 196, .box_w = 12, .box_h = 17, .ofs_x = 0, .ofs_y = -5},
    {.bitmap_index = 15025, .adv_w = 196, .box_w = 12, .box_h = 16, .ofs_x = 0, .ofs_y = 0},
    {.bitmap_index = 15121, .adv_w = 196, .box_w = 12, .box_h = 16, .ofs_x = 0, .ofs_y = 0},
    {.bitmap_index = 15217, .adv_w = 196, .box_w = 12, .box_h = 16, .ofs_x = 0, .ofs_y = 0},
    {.bitmap_index = 15313, .adv_w = 196, .box_w = 12, .box_h = 15, .ofs_x = 0, .ofs_y = 0},
    {.bitmap_index = 15403, .adv_w = 98, .box_w = 6, .box_h = 16, .ofs_x = -1, .ofs_y = 0},
    {.bitmap_index = 15451, .adv_w = 98, .box_w = 6, .box_h = 16, .ofs_x = 1, .ofs_y = 0},
    {.bitmap_index = 15499, .adv_w = 98, .box_w = 9, .box_h = 16, .ofs_x = -1, .ofs_y = 0},
    {.bitmap_index = 15571, .adv_w = 98, .box_w = 8, .box_h = 15, .ofs_x = -1, .ofs_y = 0},
    {.bitmap_index = 15631, .adv_w = 215, .box_w = 13, .box_h = 17, .ofs_x = 0, .ofs_y = 0},
    {.bitmap_index = 15742, .adv_w = 215, .box_w = 12, .box_h = 16, .ofs_x = 1, .ofs_y = 0},
    {.bitmap_index = 15838, .adv_w = 215, .box_w = 13, .box_h = 16, .ofs_x = 0, .ofs_y = 0},
    {.bitmap_index = 15942, .adv_w = 215, .box_w = 13, .box_h = 16, .ofs_x = 0, .ofs_y = 0},
    {.bitmap_index = 16046, .adv_w = 215, .box_w = 13, .box_h = 16, .ofs_x = 0, .ofs_y = 0},
    {.bitmap_index = 16150, .adv_w = 215, .box_w = 13, .box_h = 16, .ofs_x = 0, .ofs_y = 0},
    {.bitmap_index = 16254, .adv_w = 215, .box_w = 13, .box_h = 15, .ofs_x = 0, .ofs_y = 0},
    {.bitmap_index = 16352, .adv_w = 193, .box_w = 12, .box_h = 11, .ofs_x = 0, .ofs_y = 2},
    {.bitmap_index = 16418, .adv_w = 215, .box_w = 14, .box_h = 14, .ofs_x = 0, .ofs_y = -1},
    {.bitmap_index = 16516, .adv_w = 215, .box_w = 11, .box_h = 16, .ofs_x = 1, .ofs_y = 0},
    {.bitmap_index = 16604, .adv_w = 215, .box_w = 11, .box_h = 16, .ofs_x = 1, .ofs_y = 0},
    {.bitmap_index = 16692, .adv_w = 215, .box_w = 11, .box_h = 16, .ofs_x = 1, .ofs_y = 0},
    {.bitmap_index = 16780, .adv_w = 215, .box_w = 11, .box_h = 15, .ofs_x = 1, .ofs_y = 0},
    {.bitmap_index = 16863, .adv_w = 196, .box_w = 13, .box_h = 21, .ofs_x = 0, .ofs_y = -5},
    {.bitmap_index = 17000, .adv_w = 215, .box_w = 12, .box_h = 21, .ofs_x = 1, .ofs_y = -5},
    {.bitmap_index = 17126, .adv_w = 196, .box_w = 13, .box_h = 20, .ofs_x = 0, .ofs_y = -5},
    {.bitmap_index = 17256, .adv_w = 254, .box_w = 16, .box_h = 19, .ofs_x = 0, .ofs_y = 0},
    {.bitmap_index = 17408, .adv_w = 196, .box_w = 13, .box_h = 15, .ofs_x = 0, .ofs_y = 0},
    {.bitmap_index = 17506, .adv_w = 254, .box_w = 16, .box_h = 20, .ofs_x = 0, .ofs_y = 0},
    {.bitmap_index = 17666, .adv_w = 196, .box_w = 13, .box_h = 16, .ofs_x = 0, .ofs_y = 0},
    {.bitmap_index = 17770, .adv_w = 254, .box_w = 16, .box_h = 20, .ofs_x = 0, .ofs_y = -5},
    {.bitmap_index = 17930, .adv_w = 196, .box_w = 13, .box_h = 17, .ofs_x = 0, .ofs_y = -5},
    {.bitmap_index = 18041, .adv_w = 254, .box_w = 16, .box_h = 20, .ofs_x = 0, .ofs_y = 0},
    {.bitmap_index = 18201, .adv_w = 196, .box_w = 12, .box_h = 16, .ofs_x = 0, .ofs_y = 0},
    {.bitmap_index = 18297, .adv_w = 254, .box_w = 16, .box_h = 20, .ofs_x = 0, .ofs_y = 0},
    {.bitmap_index = 18457, .adv_w = 196, .box_w = 12, .box_h = 16, .ofs_x = 0, .ofs_y = 0},
    {.bitmap_index = 18553, .adv_w = 254, .box_w = 16, .box_h = 20, .ofs_x = 0, .ofs_y = 0},
    {.bitmap_index = 18713, .adv_w = 196, .box_w = 12, .box_h = 16, .ofs_x = 0, .ofs_y = 0},
    {.bitmap_index = 18809, .adv_w = 254, .box_w = 16, .box_h = 20, .ofs_x = 0, .ofs_y = 0},
    {.bitmap_index = 18969, .adv_w = 196, .box_w = 12, .box_h = 16, .ofs_x = 0, .ofs_y = 0},
    {.bitmap_index = 19065, .adv_w = 254, .box_w = 14, .box_h = 20, .ofs_x = 1, .ofs_y = 0},
    {.bitmap_index = 19205, .adv_w = 253, .box_w = 16, .box_h = 16, .ofs_x = 0, .ofs_y = 0},
    {.bitmap_index = 19333, .adv_w = 254, .box_w = 15, .box_h = 15, .ofs_x = 0, .ofs_y = 0},
    {.bitmap_index = 19446, .adv_w = 215, .box_w = 14, .box_h = 16, .ofs_x = 0, .ofs_y = 0},
    {.bitmap_index = 19558, .adv_w = 235, .box_w = 13, .box_h = 19, .ofs_x = 1, .ofs_y = 0},
    {.bitmap_index = 19682, .adv_w = 196, .box_w = 12, .box_h = 15, .ofs_x = 0, .ofs_y = 0},
    {.bitmap_index = 19772, .adv_w = 235, .box_w = 13, .box_h = 20, .ofs_x = 1, .ofs_y = 0},
    {.bitmap_index = 19902, .adv_w = 196, .box_w = 12, .box_h = 16, .ofs_x = 0, .ofs_y = 0},
    {.bitmap_index = 19998, .adv_w = 235, .box_w = 13, .box_h = 19, .ofs_x = 1, .ofs_y = 0},
    {.bitmap_index = 20122, .adv_w = 196, .box_w = 12, .box_h = 16, .ofs_x = 0, .ofs_y = 0},
    {.bitmap_index = 20218, .adv_w = 235, .box_w = 13, .box_h = 20, .ofs_x = 1, .ofs_y = -5},
    {.bitmap_index = 20348, .adv_w = 196, .box_w = 12, .box_h = 17, .ofs_x = 0, .ofs_y = -5},
    {.bitmap_index = 20450, .adv_w = 235, .box_w = 13, .box_h = 20, .ofs_x = 1, .ofs_y = 0},
    {.bitmap_index = 20580, .adv_w = 196, .box_w = 12, .box_h = 16, .ofs_x = 0, .ofs_y = 0},
    {.bitmap_index = 20676, .adv_w = 274, .box_w = 16, .box_h = 20, .ofs_x = 0, .ofs_y = 0},
    {.bitmap_index = 20836, .adv_w = 215, .box_w = 12, .box_h = 21, .ofs_x = 0, .ofs_y = -5},
    {.bitmap_index = 20962, .adv_w = 274, .box_w = 16, .box_h = 20, .ofs_x = 0, .ofs_y = 0},
    {.bitmap_index = 21122, .adv_w = 215, .box_w = 12, .box_h = 21, .ofs_x = 0, .ofs_y = -5},
    {.bitmap_index = 21248, .adv_w = 274, .box_w = 16, .box_h = 20, .ofs_x = 0, .ofs_y = 0},
    {.bitmap_index = 21408, .adv_w = 215, .box_w = 12, .box_h = 21, .ofs_x = 0, .ofs_y = -5},
    {.bitmap_index = 21534, .adv_w = 274, .box_w = 16, .box_h = 20, .ofs_x = 0, .ofs_y = -5},
    {.bitmap_index = 21694, .adv_w = 215, .box_w = 12, .box_h = 22, .ofs_x = 0, .ofs_y = -5},
    {.bitmap_index = 21826, .adv_w = 254, .box_w = 14, .box_h = 20, .ofs_x = 1, .ofs_y = 0},
    {.bitmap_index = 21966, .adv_w = 215, .box_w = 12, .box_h = 21, .ofs_x = 1, .ofs_y = 0},
    {.bitmap_index = 22092, .adv_w = 254, .box_w = 16, .box_h = 15, .ofs_x = 0, .ofs_y = 0},
    {.bitmap_index = 22212, .adv_w = 215, .box_w = 13, .box_h = 16, .ofs_x = 0, .ofs_y = 0},
    {.bitmap_index = 22316, .adv_w = 98, .box_w = 10, .box_h = 20, .ofs_x = -2, .ofs_y = 0},
    {.bitmap_index = 22416, .adv_w = 98, .box_w = 10, .box_h = 16, .ofs_x = -2, .ofs_y = 0},
    {.bitmap_index = 22496, .adv_w = 98, .box_w = 8, .box_h = 19, .ofs_x = -1, .ofs_y = 0},
    {.bitmap_index = 22572, .adv_w = 98, .box_w = 8, .box_h = 15, .ofs_x = -1, .ofs_y = 0},
    {.bitmap_index = 22632, .adv_w = 98, .box_w = 8, .box_h = 20, .ofs_x = -1, .ofs_y = 0},
    {.bitmap_index = 22712, .adv_w = 98, .box_w = 8, .box_h = 16, .ofs_x = -1, .ofs_y = 0},
    {.bitmap_index = 22776, .adv_w = 98, .box_w = 6, .box_h = 20, .ofs_x = 0, .ofs_y = -5},
    {.bitmap_index = 22836, .adv_w = 98, .box_w = 5, .box_h = 21, .ofs_x = 0, .ofs_y = -5},
    {.bitmap_index = 22889, .adv_w = 98, .box_w = 4, .box_h = 19, .ofs_x = 1, .ofs_y = 0},
    {.bitmap_index = 22927, .adv_w = 98, .box_w = 4, .box_h = 12, .ofs_x = 1, .ofs_y = 0},
    {.bitmap_index = 22951, .adv_w = 276, .box_w = 15, .box_h = 15, .ofs_x = 1, .ofs_y = 0},
    {.bitmap_index = 23064, .adv_w = 196, .box_w = 10, .box_h = 21, .ofs_x = 1, .ofs_y = -5},
    {.bitmap_index = 23169, .adv_w = 196, .box_w = 12, .box_h = 20, .ofs_x = 0, .ofs_y = 0},
    {.bitmap_index = 23289, .adv_w = 98, .box_w = 8, .box_h = 21, .ofs_x = -1, .ofs_y = -5},
    {.bitmap_index = 23373, .adv_w = 254, .box_w = 15, .box_h = 20, .ofs_x = 1, .ofs_y = -5},
    {.bitmap_index = 23523, .adv_w = 196, .box_w = 12, .box_h = 21, .ofs_x = 1, .ofs_y = -5},
    {.bitmap_index = 23649, .adv_w = 196, .box_w = 12, .box_h = 12, .ofs_x = 1, .ofs_y = 0},
    {.bitmap_index = 23721, .adv_w = 215, .box_w = 12, .box_h = 20, .ofs_x = 1, .ofs_y = 0},
    {.bitmap_index = 23841, .adv_w = 98, .box_w = 6, .box_h = 21, .ofs_x = 1, .ofs_y = 0},
    {.bitmap_index = 23904, .adv_w = 215, .box_w = 12, .box_h = 20, .ofs_x = 1, .ofs_y = -5},
    {.bitmap_index = 24024, .adv_w = 98, .box_w = 4, .box_h = 21, .ofs_x = 1, .ofs_y = -5},
    {.bitmap_index = 24066, .adv_w = 215, .box_w = 12, .box_h = 15, .ofs_x = 1, .ofs_y = 0},
    {.bitmap_index = 24156, .adv_w = 136, .box_w = 8, .box_h = 16, .ofs_x = 1, .ofs_y = 0},
    {.bitmap_index = 24220, .adv_w = 215, .box_w = 12, .box_h = 15, .ofs_x = 1, .ofs_y = 0},
    {.bitmap_index = 24310, .adv_w = 169, .box_w = 9, .box_h = 16, .ofs_x = 1, .ofs_y = 0},
    {.bitmap_index = 24382, .adv_w = 215, .box_w = 13, .box_h = 15, .ofs_x = 0, .ofs_y = 0},
    {.bitmap_index = 24480, .adv_w = 98, .box_w = 6, .box_h = 16, .ofs_x = 0, .ofs_y = 0},
    {.bitmap_index = 24528, .adv_w = 254, .box_w = 14, .box_h = 20, .ofs_x = 1, .ofs_y = 0},
    {.bitmap_index = 24668, .adv_w = 215, .box_w = 12, .box_h = 16, .ofs_x = 1, .ofs_y = 0},
    {.bitmap_index = 24764, .adv_w = 254, .box_w = 14, .box_h = 20, .ofs_x = 1, .ofs_y = -5},
    {.bitmap_index = 24904, .adv_w = 215, .box_w = 12, .box_h = 17, .ofs_x = 1, .ofs_y = -5},
    {.bitmap_index = 25006, .adv_w = 254, .box_w = 14, .box_h = 20, .ofs_x = 1, .ofs_y = 0},
    {.bitmap_index = 25146, .adv_w = 215, .box_w = 12, .box_h = 16, .ofs_x = 1, .ofs_y = 0},
    {.bitmap_index = 25242, .adv_w = 249, .box_w = 16, .box_h = 15, .ofs_x = -1, .ofs_y = 0},
    {.bitmap_index = 25362, .adv_w = 255, .box_w = 14, .box_h = 15, .ofs_x = 1, .ofs_y = 0},
    {.bitmap_index = 25467, .adv_w = 215, .box_w = 12, .box_h = 17, .ofs_x = 1, .ofs_y = -5},
    {.bitmap_index = 25569, .adv_w = 274, .box_w = 17, .box_h = 19, .ofs_x = 0, .ofs_y = 0},
    {.bitmap_index = 25731, .adv_w = 215, .box_w = 13, .box_h = 15, .ofs_x = 0, .ofs_y = 0},
    {.bitmap_index = 25829, .adv_w = 274, .box_w = 17, .box_h = 20, .ofs_x = 0, .ofs_y = 0},
    {.bitmap_index = 25999, .adv_w = 215, .box_w = 13, .box_h = 16, .ofs_x = 0, .ofs_y = 0},
    {.bitmap_index = 26103, .adv_w = 274, .box_w = 17, .box_h = 20, .ofs_x = 0, .ofs_y = 0},
    {.bitmap_index = 26273, .adv_w = 215, .box_w = 13, .box_h = 16, .ofs_x = 0, .ofs_y = 0},
    {.bitmap_index = 26377, .adv_w = 352, .box_w = 22, .box_h = 15, .ofs_x = 0, .ofs_y = 0},
    {.bitmap_index = 26542, .adv_w = 332, .box_w = 21, .box_h = 12, .ofs_x = 0, .ofs_y = 0},
    {.bitmap_index = 26668, .adv_w = 254, .box_w = 15, .box_h = 20, .ofs_x = 1, .ofs_y = 0},
    {.bitmap_index = 26818, .adv_w = 137, .box_w = 8, .box_h = 16, .ofs_x = 1, .ofs_y = 0},
    {.bitmap_index = 26882, .adv_w = 254, .box_w = 15, .box_h = 20, .ofs_x = 1, .ofs_y = -5},
    {.bitmap_index = 27032, .adv_w = 137, .box_w = 8, .box_h = 18, .ofs_x = 1, .ofs_y = -5},
    {.bitmap_index = 27104, .adv_w = 254, .box_w = 15, .box_h = 20, .ofs_x = 1, .ofs_y = 0},
    {.bitmap_index = 27254, .adv_w = 137, .box_w = 9, .box_h = 16, .ofs_x = 0, .ofs_y = 0},
    {.bitmap_index = 27326, .adv_w = 235, .box_w = 14, .box_h = 20, .ofs_x = 0, .ofs_y = 0},
    {.bitmap_index = 27466, .adv_w = 196, .box_w = 12, .box_h = 16, .ofs_x = 0, .ofs_y = 0},
    {.bitmap_index = 27562, .adv_w = 235, .box_w = 14, .box_h = 20, .ofs_x = 0, .ofs_y = 0},
    {.bitmap_index = 27702, .adv_w = 196, .box_w = 12, .box_h = 16, .ofs_x = 0, .ofs_y = 0},
    {.bitmap_index = 27798, .adv_w = 235, .box_w = 14, .box_h = 20, .ofs_x = 0, .ofs_y = -5},
    {.bitmap_index = 27938, .adv_w = 196, .box_w = 12, .box_h = 17, .ofs_x = 0, .ofs_y = -5},
    {.bitmap_index = 28040, .adv_w = 235, .box_w = 14, .box_h = 20, .ofs_x = 0, .ofs_y = 0},
    {.bitmap_index = 28180, .adv_w = 196, .box_w = 12, .box_h = 16, .ofs_x = 0, .ofs_y = 0},
    {.bitmap_index = 28276, .adv_w = 215, .box_w = 14, .box_h = 20, .ofs_x = 0, .ofs_y = -5},
    {.bitmap_index = 28416, .adv_w = 117, .box_w = 8, .box_h = 19, .ofs_x = 0, .ofs_y = -5},
    {.bitmap_index = 28492, .adv_w = 215, .box_w = 14, .box_h = 20, .ofs_x = 0, .ofs_y = 0},
    {.bitmap_index = 28632, .adv_w = 169, .box_w = 11, .box_h = 16, .ofs_x = 0, .ofs_y = 0},
    {.bitmap_index = 28720, .adv_w = 215, .box_w = 14, .box_h = 15, .ofs_x = 0, .ofs_y = 0},
    {.bitmap_index = 28825, .adv_w = 117, .box_w = 8, .box_h = 15, .ofs_x = 0, .ofs_y = 0},
    {.bitmap_index = 28885, .adv_w = 254, .box_w = 14, .box_h = 20, .ofs_x = 1, .ofs_y = 0},
    {.bitmap_index = 29025, .adv_w = 215, .box_w = 11, .box_h = 16, .ofs_x = 1, .ofs_y = 0},
    {.bitmap_index = 29113, .adv_w = 254, .box_w = 14, .box_h = 19, .ofs_x = 1, .ofs_y = 0},
    {.bitmap_index = 29246, .adv_w = 215, .box_w = 11, .box_h = 15, .ofs_x = 1, .ofs_y = 0},
    {.bitmap_index = 29329, .adv_w = 254, .box_w = 14, .box_h = 20, .ofs_x = 1, .ofs_y = 0},
    {.bitmap_index = 29469, .adv_w = 215, .box_w = 11, .box_h = 16, .ofs_x = 1, .ofs_y = 0},
    {.bitmap_index = 29557, .adv_w = 254, .box_w = 14, .box_h = 23, .ofs_x = 1, .ofs_y = 0},
    {.bitmap_index = 29718, .adv_w = 215, .box_w = 11, .box_h = 19, .ofs_x = 1, .ofs_y = 0},
    {.bitmap_index = 29823, .adv_w = 254, .box_w = 14, .box_h = 20, .ofs_x = 1, .ofs_y = 0},
    {.bitmap_index = 29963, .adv_w = 215, .box_w = 12, .box_h = 16, .ofs_x = 1, .ofs_y = 0},
    {.bitmap_index = 30059, .adv_w = 254, .box_w = 14, .box_h = 20, .ofs_x = 1, .ofs_y = -5},
    {.bitmap_index = 30199, .adv_w = 215, .box_w = 11, .box_h = 17, .ofs_x = 1, .ofs_y = -5},
    {.bitmap_index = 30293, .adv_w = 332, .box_w = 21, .box_h = 20, .ofs_x = 0, .ofs_y = 0},
    {.bitmap_index = 30503, .adv_w = 274, .box_w = 19, .box_h = 16, .ofs_x = -1, .ofs_y = 0},
    {.bitmap_index = 30655, .adv_w = 235, .box_w = 15, .box_h = 20, .ofs_x = 0, .ofs_y = 0},
    {.bitmap_index = 30805, .adv_w = 196, .box_w = 13, .box_h = 21, .ofs_x = 0, .ofs_y = -5},
    {.bitmap_index = 30942, .adv_w = 235, .box_w = 15, .box_h = 19, .ofs_x = 0, .ofs_y = 0},
    {.bitmap_index = 31085, .adv_w = 215, .box_w = 13, .box_h = 20, .ofs_x = 0, .ofs_y = 0},
    {.bitmap_index = 31215, .adv_w = 176, .box_w = 11, .box_h = 16, .ofs_x = 0, .ofs_y = 0},
    {.bitmap_index = 31303, .adv_w = 215, .box_w = 13, .box_h = 19, .ofs_x = 0, .ofs_y = 0},
    {.bitmap_index = 31427, .adv_w = 176, .box_w = 11, .box_h = 16, .ofs_x = 0, .ofs_y = 0},
    {.bitmap_index = 31515, .adv_w = 215, .box_w = 13, .box_h = 20, .ofs_x = 0, .ofs_y = 0},
    {.bitmap_index = 31645, .adv_w = 176, .box_w = 11, .box_h = 16, .ofs_x = 0, .ofs_y = 0},
    {.bitmap_index = 31733, .adv_w = 98, .box_w = 6, .box_h = 16, .ofs_x = 1, .ofs_y = 0},
    {.bitmap_index = 31781, .adv_w = 196, .box_w = 12, .box_h = 15, .ofs_x = 0, .ofs_y = 0}
};

/*---------------------
 *  CHARACTER MAPPING
 *--------------------*/



/*Collect the unicode lists and glyph_id offsets*/
static const lv_font_fmt_txt_cmap_t cmaps[] =
{
    {
        .range_start = 32, .range_length = 95, .glyph_id_start = 1,
        .unicode_list = NULL, .glyph_id_ofs_list = NULL, .list_length = 0, .type = LV_FONT_FMT_TXT_CMAP_FORMAT0_TINY
    },
    {
        .range_start = 160, .range_length = 224, .glyph_id_start = 96,
        .unicode_list = NULL, .glyph_id_ofs_list = NULL, .list_length = 0, .type = LV_FONT_FMT_TXT_CMAP_FORMAT0_TINY
    },
    {
        .range_start = 8364, .range_length = 1, .glyph_id_start = 320,
        .unicode_list = NULL, .glyph_id_ofs_list = NULL, .list_length = 0, .type = LV_FONT_FMT_TXT_CMAP_FORMAT0_TINY
    }
};



/*--------------------
 *  ALL CUSTOM DATA
 *--------------------*/

#if LVGL_VERSION_MAJOR == 8
/*Store all the custom data of the font*/
static  lv_font_fmt_txt_glyph_cache_t cache;
#endif

#if LVGL_VERSION_MAJOR >= 8
static const lv_font_fmt_txt_dsc_t font_dsc = {
#else
static lv_font_fmt_txt_dsc_t font_dsc = {
#endif
    .glyph_bitmap = glyph_bitmap,
    .glyph_dsc = glyph_dsc,
    .cmaps = cmaps,
    .kern_dsc = NULL,
    .kern_scale = 0,
    .cmap_num = 3,
    .bpp = 4,
    .kern_classes = 0,
    .bitmap_format = 0,
#if LVGL_VERSION_MAJOR == 8
    .cache = &cache
#endif
};



/*-----------------
 *  PUBLIC FONT
 *----------------*/

/*Initialize a public general font descriptor*/
#if LVGL_VERSION_MAJOR >= 8
const lv_font_t clock_notification_22 = {
#else
lv_font_t clock_notification_22 = {
#endif
    .get_glyph_dsc = lv_font_get_glyph_dsc_fmt_txt,    /*Function pointer to get glyph's data*/
    .get_glyph_bitmap = lv_font_get_bitmap_fmt_txt,    /*Function pointer to get glyph's bitmap*/
    .line_height = 28,          /*The maximum line height required by the font*/
    .base_line = 5,             /*Baseline measured from the bottom of the line*/
#if !(LVGL_VERSION_MAJOR == 6 && LVGL_VERSION_MINOR == 0)
    .subpx = LV_FONT_SUBPX_NONE,
#endif
#if LV_VERSION_CHECK(7, 4, 0) || LVGL_VERSION_MAJOR >= 8
    .underline_position = 0,
    .underline_thickness = 2,
#endif
    .dsc = &font_dsc,          /*The custom font data. Will be accessed by `get_glyph_bitmap/dsc` */
#if LV_VERSION_CHECK(8, 2, 0) || LVGL_VERSION_MAJOR >= 9
    .fallback = NULL,
#endif
    .user_data = NULL,
};



#endif /*#if CLOCK_NOTIFICATION_22*/

