/*******************************************************************************
 * Size: 30 px
 * Bpp: 4
 * Opts: --size 30 --bpp 4 --format lvgl --font assets/fonts/liberation-sans/LiberationSans-Bold.ttf -r 0x20-0x17F,0x20AC --no-compress --lv-font-name clock_notification_30 -o WaveshareHodiny/ClockNotificationFont30.c
 ******************************************************************************/

#ifdef LV_LVGL_H_INCLUDE_SIMPLE
#include "lvgl.h"
#else
#include "lvgl.h"
#endif

#ifndef CLOCK_NOTIFICATION_30
#define CLOCK_NOTIFICATION_30 1
#endif

#if CLOCK_NOTIFICATION_30

/*-----------------
 *    BITMAPS
 *----------------*/

/*Store the image of the glyphs*/
static LV_ATTRIBUTE_LARGE_CONST const uint8_t glyph_bitmap[] = {
    /* U+0020 " " */

    /* U+0021 "!" */
    0x2f, 0xff, 0xf1, 0x2f, 0xff, 0xf1, 0x1f, 0xff,
    0xf0, 0xf, 0xff, 0xf0, 0xf, 0xff, 0xf0, 0xf,
    0xff, 0xf0, 0xf, 0xff, 0xe0, 0xe, 0xff, 0xe0,
    0xe, 0xff, 0xd0, 0xd, 0xff, 0xd0, 0xd, 0xff,
    0xc0, 0xc, 0xff, 0xc0, 0xc, 0xff, 0xb0, 0xb,
    0xff, 0xb0, 0x3, 0x44, 0x20, 0x0, 0x0, 0x0,
    0x2e, 0xee, 0xe0, 0x2f, 0xff, 0xf0, 0x2f, 0xff,
    0xf0, 0x2f, 0xff, 0xf0,

    /* U+0022 "\"" */
    0xf, 0xff, 0xf0, 0xc, 0xff, 0xf3, 0xf, 0xff,
    0xe0, 0xb, 0xff, 0xf2, 0xe, 0xff, 0xd0, 0xa,
    0xff, 0xf1, 0xd, 0xff, 0xc0, 0x9, 0xff, 0xf0,
    0xc, 0xff, 0xb0, 0x8, 0xff, 0xf0, 0xb, 0xff,
    0xa0, 0x7, 0xff, 0xe0, 0xa, 0xff, 0xa0, 0x7,
    0xff, 0xe0, 0x4, 0x66, 0x30, 0x2, 0x66, 0x50,

    /* U+0023 "#" */
    0x0, 0x0, 0x2, 0xff, 0x10, 0x0, 0x6f, 0xe0,
    0x0, 0x0, 0x0, 0x6f, 0xd0, 0x0, 0x9, 0xfa,
    0x0, 0x0, 0x0, 0xa, 0xf9, 0x0, 0x0, 0xdf,
    0x60, 0x0, 0x0, 0x0, 0xef, 0x60, 0x0, 0x1f,
    0xf2, 0x0, 0x0, 0x0, 0x2f, 0xf2, 0x0, 0x5,
    0xfe, 0x0, 0x0, 0xbf, 0xff, 0xff, 0xff, 0xff,
    0xff, 0xff, 0xf3, 0xb, 0xff, 0xff, 0xff, 0xff,
    0xff, 0xff, 0xff, 0x30, 0x12, 0x2d, 0xf9, 0x22,
    0x22, 0xff, 0x52, 0x20, 0x0, 0x0, 0xff, 0x40,
    0x0, 0x3f, 0xf0, 0x0, 0x0, 0x0, 0x3f, 0xf1,
    0x0, 0x6, 0xfd, 0x0, 0x0, 0x0, 0x6, 0xfd,
    0x0, 0x0, 0xaf, 0x90, 0x0, 0x0, 0x0, 0xaf,
    0xa0, 0x0, 0xd, 0xf6, 0x0, 0x0, 0x7f, 0xff,
    0xff, 0xff, 0xff, 0xff, 0xff, 0xf7, 0x7, 0xff,
    0xff, 0xff, 0xff, 0xff, 0xff, 0xff, 0x70, 0x12,
    0x6f, 0xf2, 0x22, 0x2a, 0xfc, 0x22, 0x21, 0x0,
    0x7, 0xfc, 0x0, 0x0, 0xbf, 0x90, 0x0, 0x0,
    0x0, 0xaf, 0x90, 0x0, 0xe, 0xf5, 0x0, 0x0,
    0x0, 0xe, 0xf6, 0x0, 0x2, 0xff, 0x20, 0x0,
    0x0, 0x1, 0xff, 0x20, 0x0, 0x5f, 0xf0, 0x0,
    0x0, 0x0, 0x4f, 0xf0, 0x0, 0x8, 0xfc, 0x0,
    0x0, 0x0,

    /* U+0024 "$" */
    0x0, 0x0, 0x0, 0x6, 0xf3, 0x0, 0x0, 0x0,
    0x0, 0x0, 0x0, 0x0, 0x6f, 0x30, 0x0, 0x0,
    0x0, 0x0, 0x2, 0x8c, 0xef, 0xff, 0xeb, 0x60,
    0x0, 0x0, 0x6, 0xff, 0xff, 0xff, 0xff, 0xff,
    0xc1, 0x0, 0x3, 0xff, 0xff, 0xfe, 0xff, 0xff,
    0xff, 0xb0, 0x0, 0xaf, 0xff, 0xa0, 0x6f, 0x35,
    0xff, 0xff, 0x30, 0xe, 0xff, 0xf0, 0x6, 0xf3,
    0x8, 0xff, 0xf8, 0x0, 0xef, 0xff, 0x0, 0x6f,
    0x30, 0x29, 0x75, 0x20, 0xc, 0xff, 0xf6, 0x6,
    0xf3, 0x0, 0x0, 0x0, 0x0, 0x7f, 0xff, 0xfb,
    0xaf, 0x30, 0x0, 0x0, 0x0, 0x0, 0xdf, 0xff,
    0xff, 0xfe, 0xa5, 0x0, 0x0, 0x0, 0x1, 0xcf,
    0xff, 0xff, 0xff, 0xff, 0x80, 0x0, 0x0, 0x0,
    0x5b, 0xff, 0xff, 0xff, 0xff, 0xc0, 0x0, 0x0,
    0x0, 0x0, 0x8f, 0xdf, 0xff, 0xff, 0x90, 0x0,
    0x0, 0x0, 0x6, 0xf3, 0x19, 0xff, 0xff, 0x0,
    0x0, 0x20, 0x0, 0x6f, 0x30, 0xb, 0xff, 0xf3,
    0x5c, 0xff, 0x50, 0x6, 0xf3, 0x0, 0x9f, 0xff,
    0x35, 0xff, 0xfc, 0x0, 0x6f, 0x30, 0xc, 0xff,
    0xf2, 0xe, 0xff, 0xfa, 0x26, 0xf4, 0x29, 0xff,
    0xfe, 0x0, 0x5f, 0xff, 0xff, 0xff, 0xff, 0xff,
    0xff, 0x50, 0x0, 0x6f, 0xff, 0xff, 0xff, 0xff,
    0xff, 0x70, 0x0, 0x0, 0x28, 0xce, 0xff, 0xfe,
    0xc8, 0x20, 0x0, 0x0, 0x0, 0x0, 0x6, 0xf3,
    0x0, 0x0, 0x0, 0x0, 0x0, 0x0, 0x0, 0x6f,
    0x30, 0x0, 0x0, 0x0, 0x0, 0x0, 0x0, 0x1,
    0x40, 0x0, 0x0, 0x0, 0x0,

    /* U+0025 "%" */
    0x0, 0x18, 0xdf, 0xfd, 0x70, 0x0, 0x0, 0x0,
    0x0, 0xcf, 0xf4, 0x0, 0x0, 0x1, 0xdf, 0xff,
    0xff, 0xfc, 0x0, 0x0, 0x0, 0x7, 0xff, 0x90,
    0x0, 0x0, 0x9, 0xff, 0xb2, 0x2c, 0xff, 0x70,
    0x0, 0x0, 0x2f, 0xfd, 0x0, 0x0, 0x0, 0xf,
    0xff, 0x20, 0x4, 0xff, 0xd0, 0x0, 0x0, 0xcf,
    0xf3, 0x0, 0x0, 0x0, 0x2f, 0xff, 0x0, 0x1,
    0xff, 0xf0, 0x0, 0x7, 0xff, 0x90, 0x0, 0x0,
    0x0, 0x3f, 0xfe, 0x0, 0x0, 0xff, 0xf1, 0x0,
    0x2f, 0xfd, 0x0, 0x0, 0x0, 0x0, 0x3f, 0xfe,
    0x0, 0x1, 0xff, 0xf1, 0x0, 0xdf, 0xf3, 0x0,
    0x0, 0x0, 0x0, 0x2f, 0xff, 0x0, 0x2, 0xff,
    0xf0, 0x8, 0xff, 0x81, 0x9e, 0xfe, 0xb5, 0x0,
    0xe, 0xff, 0x30, 0x6, 0xff, 0xc0, 0x3f, 0xfd,
    0x2e, 0xff, 0xff, 0xff, 0x70, 0x8, 0xff, 0xd5,
    0x6e, 0xff, 0x60, 0xdf, 0xf3, 0xbf, 0xfb, 0x47,
    0xff, 0xf2, 0x0, 0xdf, 0xff, 0xff, 0xfb, 0x8,
    0xff, 0x81, 0xff, 0xf1, 0x0, 0xaf, 0xf8, 0x0,
    0x8, 0xdf, 0xfc, 0x70, 0x3f, 0xfd, 0x5, 0xff,
    0xd0, 0x0, 0x6f, 0xfb, 0x0, 0x0, 0x0, 0x0,
    0x0, 0xdf, 0xf2, 0x6, 0xff, 0xb0, 0x0, 0x4f,
    0xfd, 0x0, 0x0, 0x0, 0x0, 0x8, 0xff, 0x70,
    0x7, 0xff, 0xb0, 0x0, 0x4f, 0xfe, 0x0, 0x0,
    0x0, 0x0, 0x3f, 0xfc, 0x0, 0x6, 0xff, 0xb0,
    0x0, 0x4f, 0xfd, 0x0, 0x0, 0x0, 0x0, 0xdf,
    0xf2, 0x0, 0x5, 0xff, 0xd0, 0x0, 0x6f, 0xfb,
    0x0, 0x0, 0x0, 0x9, 0xff, 0x70, 0x0, 0x1,
    0xff, 0xf1, 0x0, 0xaf, 0xf7, 0x0, 0x0, 0x0,
    0x4f, 0xfc, 0x0, 0x0, 0x0, 0xbf, 0xfc, 0x58,
    0xff, 0xf1, 0x0, 0x0, 0x0, 0xdf, 0xf2, 0x0,
    0x0, 0x0, 0x1e, 0xff, 0xff, 0xff, 0x60, 0x0,
    0x0, 0x9, 0xff, 0x60, 0x0, 0x0, 0x0, 0x1,
    0x9d, 0xfe, 0xb4, 0x0,

    /* U+0026 "&" */
    0x0, 0x0, 0x0, 0x5b, 0xef, 0xfc, 0x70, 0x0,
    0x0, 0x0, 0x0, 0x0, 0xa, 0xff, 0xff, 0xff,
    0xfd, 0x10, 0x0, 0x0, 0x0, 0x0, 0x5f, 0xff,
    0xc8, 0xaf, 0xff, 0xa0, 0x0, 0x0, 0x0, 0x0,
    0xbf, 0xfa, 0x0, 0x7, 0xff, 0xf0, 0x0, 0x0,
    0x0, 0x0, 0xcf, 0xf6, 0x0, 0x4, 0xff, 0xf0,
    0x0, 0x0, 0x0, 0x0, 0xbf, 0xf7, 0x0, 0xc,
    0xff, 0xb0, 0x0, 0x0, 0x0, 0x0, 0x8f, 0xfc,
    0x4, 0xdf, 0xff, 0x20, 0x0, 0x0, 0x0, 0x0,
    0x2f, 0xff, 0xef, 0xff, 0xd3, 0x0, 0x0, 0x0,
    0x0, 0x0, 0x2e, 0xff, 0xff, 0xe7, 0x0, 0x0,
    0x0, 0x0, 0x0, 0x9, 0xff, 0xff, 0xfa, 0x0,
    0x0, 0xa, 0x61, 0x0, 0x1, 0xdf, 0xff, 0xff,
    0xfd, 0x0, 0x0, 0x4f, 0xff, 0x10, 0xc, 0xff,
    0xfb, 0x4f, 0xff, 0x90, 0x0, 0xaf, 0xfb, 0x0,
    0x5f, 0xff, 0xb0, 0x7, 0xff, 0xf6, 0x2, 0xff,
    0xf4, 0x0, 0x9f, 0xff, 0x30, 0x0, 0xcf, 0xff,
    0x4b, 0xff, 0xd0, 0x0, 0xaf, 0xff, 0x10, 0x0,
    0x1e, 0xff, 0xff, 0xff, 0x40, 0x0, 0x9f, 0xff,
    0x50, 0x0, 0x2, 0xff, 0xff, 0xfa, 0x0, 0x0,
    0x4f, 0xff, 0xe3, 0x0, 0x1, 0xcf, 0xff, 0xfe,
    0x61, 0x12, 0xc, 0xff, 0xff, 0xca, 0xcf, 0xff,
    0xff, 0xff, 0xff, 0xfb, 0x1, 0xbf, 0xff, 0xff,
    0xff, 0xff, 0x89, 0xff, 0xff, 0xfb, 0x0, 0x4,
    0xad, 0xff, 0xec, 0x71, 0x0, 0x39, 0xdf, 0xf9,

    /* U+0027 "'" */
    0x6f, 0xff, 0x85, 0xff, 0xf7, 0x4f, 0xff, 0x73,
    0xff, 0xf6, 0x2f, 0xff, 0x51, 0xff, 0xf4, 0x1f,
    0xff, 0x30, 0x66, 0x61,

    /* U+0028 "(" */
    0x0, 0x0, 0x7f, 0xff, 0xa0, 0x0, 0x2f, 0xff,
    0xe1, 0x0, 0xb, 0xff, 0xf6, 0x0, 0x3, 0xff,
    0xfd, 0x0, 0x0, 0xbf, 0xff, 0x60, 0x0, 0x1f,
    0xff, 0xf0, 0x0, 0x7, 0xff, 0xfa, 0x0, 0x0,
    0xbf, 0xff, 0x50, 0x0, 0xf, 0xff, 0xf1, 0x0,
    0x2, 0xff, 0xfe, 0x0, 0x0, 0x4f, 0xff, 0xc0,
    0x0, 0x6, 0xff, 0xfa, 0x0, 0x0, 0x7f, 0xff,
    0x90, 0x0, 0x7, 0xff, 0xf8, 0x0, 0x0, 0x7f,
    0xff, 0x90, 0x0, 0x7, 0xff, 0xf9, 0x0, 0x0,
    0x6f, 0xff, 0xa0, 0x0, 0x4, 0xff, 0xfc, 0x0,
    0x0, 0x2f, 0xff, 0xe0, 0x0, 0x0, 0xff, 0xff,
    0x10, 0x0, 0xb, 0xff, 0xf5, 0x0, 0x0, 0x7f,
    0xff, 0xa0, 0x0, 0x1, 0xff, 0xff, 0x0, 0x0,
    0xa, 0xff, 0xf6, 0x0, 0x0, 0x3f, 0xff, 0xe0,
    0x0, 0x0, 0xbf, 0xff, 0x60, 0x0, 0x2, 0xff,
    0xfe, 0x10, 0x0, 0x7, 0xff, 0xfa,

    /* U+0029 ")" */
    0xaf, 0xff, 0x70, 0x0, 0x1, 0xef, 0xff, 0x20,
    0x0, 0x6, 0xff, 0xfa, 0x0, 0x0, 0xe, 0xff,
    0xf3, 0x0, 0x0, 0x7f, 0xff, 0xa0, 0x0, 0x1,
    0xff, 0xff, 0x10, 0x0, 0xa, 0xff, 0xf6, 0x0,
    0x0, 0x6f, 0xff, 0xb0, 0x0, 0x2, 0xff, 0xff,
    0x0, 0x0, 0xf, 0xff, 0xf2, 0x0, 0x0, 0xcf,
    0xff, 0x40, 0x0, 0xa, 0xff, 0xf6, 0x0, 0x0,
    0x9f, 0xff, 0x70, 0x0, 0x9, 0xff, 0xf7, 0x0,
    0x0, 0x9f, 0xff, 0x70, 0x0, 0x9, 0xff, 0xf7,
    0x0, 0x0, 0xbf, 0xff, 0x60, 0x0, 0xc, 0xff,
    0xf4, 0x0, 0x0, 0xff, 0xff, 0x20, 0x0, 0x2f,
    0xff, 0xf0, 0x0, 0x6, 0xff, 0xfb, 0x0, 0x0,
    0xaf, 0xff, 0x60, 0x0, 0xf, 0xff, 0xf1, 0x0,
    0x7, 0xff, 0xfa, 0x0, 0x0, 0xef, 0xff, 0x30,
    0x0, 0x7f, 0xff, 0xa0, 0x0, 0x1e, 0xff, 0xf2,
    0x0, 0xa, 0xff, 0xf7, 0x0, 0x0,

    /* U+002A "*" */
    0x0, 0x0, 0xaf, 0xf6, 0x0, 0x0, 0x0, 0x0,
    0x9f, 0xf5, 0x0, 0x0, 0x5, 0x0, 0x8f, 0xf4,
    0x1, 0x40, 0x4f, 0xe7, 0x8f, 0xf6, 0x9f, 0xf0,
    0x9f, 0xff, 0xff, 0xff, 0xff, 0xf5, 0x6a, 0xef,
    0xff, 0xff, 0xfd, 0x93, 0x0, 0xa, 0xff, 0xff,
    0x50, 0x0, 0x0, 0x6f, 0xfd, 0xff, 0xf2, 0x0,
    0x5, 0xff, 0xf3, 0x7f, 0xfe, 0x10, 0x9, 0xff,
    0x90, 0xd, 0xff, 0x50, 0x0, 0x4d, 0x10, 0x5,
    0xb2, 0x0, 0x0, 0x0, 0x0, 0x0, 0x0, 0x0,

    /* U+002B "+" */
    0x0, 0x0, 0x0, 0x11, 0x10, 0x0, 0x0, 0x0,
    0x0, 0x0, 0x0, 0xef, 0xf6, 0x0, 0x0, 0x0,
    0x0, 0x0, 0x0, 0xef, 0xf6, 0x0, 0x0, 0x0,
    0x0, 0x0, 0x0, 0xef, 0xf6, 0x0, 0x0, 0x0,
    0x0, 0x0, 0x0, 0xef, 0xf6, 0x0, 0x0, 0x0,
    0x0, 0x0, 0x0, 0xef, 0xf6, 0x0, 0x0, 0x0,
    0x24, 0x44, 0x44, 0xef, 0xf9, 0x44, 0x44, 0x41,
    0xbf, 0xff, 0xff, 0xff, 0xff, 0xff, 0xff, 0xf4,
    0xbf, 0xff, 0xff, 0xff, 0xff, 0xff, 0xff, 0xf4,
    0xbf, 0xff, 0xff, 0xff, 0xff, 0xff, 0xff, 0xf4,
    0x0, 0x0, 0x0, 0xef, 0xf6, 0x0, 0x0, 0x0,
    0x0, 0x0, 0x0, 0xef, 0xf6, 0x0, 0x0, 0x0,
    0x0, 0x0, 0x0, 0xef, 0xf6, 0x0, 0x0, 0x0,
    0x0, 0x0, 0x0, 0xef, 0xf6, 0x0, 0x0, 0x0,
    0x0, 0x0, 0x0, 0xef, 0xf6, 0x0, 0x0, 0x0,
    0x0, 0x0, 0x0, 0xef, 0xf6, 0x0, 0x0, 0x0,

    /* U+002C "," */
    0x66, 0x66, 0x2e, 0xff, 0xf5, 0xef, 0xff, 0x5e,
    0xff, 0xf5, 0xef, 0xff, 0x40, 0x1f, 0xf3, 0x4,
    0xff, 0x10, 0xaf, 0xc0, 0x3f, 0xf5, 0x6, 0x87,
    0x0,

    /* U+002D "-" */
    0x78, 0x88, 0x88, 0x86, 0xdf, 0xff, 0xff, 0xfc,
    0xdf, 0xff, 0xff, 0xfc, 0xdf, 0xff, 0xff, 0xfc,

    /* U+002E "." */
    0x66, 0x66, 0x1f, 0xff, 0xf4, 0xff, 0xff, 0x4f,
    0xff, 0xf4, 0xff, 0xff, 0x40,

    /* U+002F "/" */
    0x0, 0x0, 0x8f, 0xff, 0x0, 0x0, 0xb, 0xff,
    0xc0, 0x0, 0x0, 0xef, 0xf9, 0x0, 0x0, 0x1f,
    0xff, 0x60, 0x0, 0x5, 0xff, 0xf3, 0x0, 0x0,
    0x8f, 0xff, 0x0, 0x0, 0xb, 0xff, 0xc0, 0x0,
    0x0, 0xef, 0xf9, 0x0, 0x0, 0x1f, 0xff, 0x60,
    0x0, 0x4, 0xff, 0xf3, 0x0, 0x0, 0x7f, 0xff,
    0x0, 0x0, 0xa, 0xff, 0xd0, 0x0, 0x0, 0xdf,
    0xfa, 0x0, 0x0, 0xf, 0xff, 0x70, 0x0, 0x4,
    0xff, 0xf4, 0x0, 0x0, 0x7f, 0xff, 0x10, 0x0,
    0xa, 0xff, 0xe0, 0x0, 0x0, 0xdf, 0xfb, 0x0,
    0x0, 0xf, 0xff, 0x80, 0x0, 0x3, 0xff, 0xf5,
    0x0, 0x0, 0x6f, 0xff, 0x20, 0x0, 0x9, 0xff,
    0xf0, 0x0, 0x0,

    /* U+0030 "0" */
    0x0, 0x1, 0x8c, 0xff, 0xeb, 0x50, 0x0, 0x0,
    0x4, 0xff, 0xff, 0xff, 0xff, 0xc0, 0x0, 0x2,
    0xff, 0xff, 0xff, 0xff, 0xff, 0xb0, 0x0, 0xbf,
    0xff, 0xd5, 0x37, 0xff, 0xff, 0x40, 0x1f, 0xff,
    0xf1, 0x0, 0x7, 0xff, 0xfa, 0x5, 0xff, 0xfb,
    0x0, 0x0, 0x1f, 0xff, 0xf0, 0x8f, 0xff, 0x70,
    0x0, 0x0, 0xdf, 0xff, 0x2b, 0xff, 0xf6, 0x0,
    0x0, 0xc, 0xff, 0xf5, 0xcf, 0xff, 0x50, 0x0,
    0x0, 0xbf, 0xff, 0x6c, 0xff, 0xf4, 0x0, 0x0,
    0xa, 0xff, 0xf6, 0xcf, 0xff, 0x40, 0x0, 0x0,
    0xaf, 0xff, 0x6b, 0xff, 0xf5, 0x0, 0x0, 0xb,
    0xff, 0xf6, 0xaf, 0xff, 0x60, 0x0, 0x0, 0xcf,
    0xff, 0x48, 0xff, 0xf7, 0x0, 0x0, 0xe, 0xff,
    0xf2, 0x5f, 0xff, 0xb0, 0x0, 0x1, 0xff, 0xfe,
    0x0, 0xff, 0xff, 0x10, 0x0, 0x8f, 0xff, 0x90,
    0x9, 0xff, 0xfd, 0x54, 0x8f, 0xff, 0xf3, 0x0,
    0x1e, 0xff, 0xff, 0xff, 0xff, 0xf9, 0x0, 0x0,
    0x2e, 0xff, 0xff, 0xff, 0xfa, 0x0, 0x0, 0x0,
    0x7, 0xce, 0xfe, 0xa4, 0x0, 0x0,

    /* U+0031 "1" */
    0x0, 0x0, 0x8, 0xff, 0xff, 0x20, 0x0, 0x0,
    0x0, 0x4e, 0xff, 0xff, 0xf2, 0x0, 0x0, 0x1,
    0xaf, 0xff, 0xff, 0xff, 0x20, 0x0, 0x0, 0xef,
    0xff, 0xaf, 0xff, 0xf2, 0x0, 0x0, 0xf, 0xfd,
    0x40, 0xff, 0xff, 0x20, 0x0, 0x0, 0xe7, 0x0,
    0xf, 0xff, 0xf2, 0x0, 0x0, 0x1, 0x0, 0x0,
    0xff, 0xff, 0x20, 0x0, 0x0, 0x0, 0x0, 0xf,
    0xff, 0xf2, 0x0, 0x0, 0x0, 0x0, 0x0, 0xff,
    0xff, 0x20, 0x0, 0x0, 0x0, 0x0, 0xf, 0xff,
    0xf2, 0x0, 0x0, 0x0, 0x0, 0x0, 0xff, 0xff,
    0x20, 0x0, 0x0, 0x0, 0x0, 0xf, 0xff, 0xf2,
    0x0, 0x0, 0x0, 0x0, 0x0, 0xff, 0xff, 0x20,
    0x0, 0x0, 0x0, 0x0, 0xf, 0xff, 0xf2, 0x0,
    0x0, 0x0, 0x0, 0x0, 0xff, 0xff, 0x20, 0x0,
    0x0, 0x0, 0x0, 0xf, 0xff, 0xf2, 0x0, 0x0,
    0x0, 0x0, 0x0, 0xff, 0xff, 0x20, 0x0, 0x1,
    0xff, 0xff, 0xff, 0xff, 0xff, 0xff, 0xfd, 0x1f,
    0xff, 0xff, 0xff, 0xff, 0xff, 0xff, 0xd1, 0xff,
    0xff, 0xff, 0xff, 0xff, 0xff, 0xfd,

    /* U+0032 "2" */
    0x0, 0x3, 0x9d, 0xff, 0xec, 0x81, 0x0, 0x0,
    0x9, 0xff, 0xff, 0xff, 0xff, 0xf6, 0x0, 0x8,
    0xff, 0xff, 0xff, 0xff, 0xff, 0xf4, 0x2, 0xff,
    0xff, 0xc5, 0x47, 0xef, 0xff, 0xc0, 0x8f, 0xff,
    0xd0, 0x0, 0x5, 0xff, 0xff, 0x9, 0xdd, 0xd6,
    0x0, 0x0, 0x1f, 0xff, 0xf2, 0x0, 0x0, 0x0,
    0x0, 0x2, 0xff, 0xff, 0x0, 0x0, 0x0, 0x0,
    0x0, 0xaf, 0xff, 0xc0, 0x0, 0x0, 0x0, 0x0,
    0x7f, 0xff, 0xf4, 0x0, 0x0, 0x0, 0x0, 0x8f,
    0xff, 0xf8, 0x0, 0x0, 0x0, 0x1, 0xbf, 0xff,
    0xf9, 0x0, 0x0, 0x0, 0x2, 0xdf, 0xff, 0xf7,
    0x0, 0x0, 0x0, 0x3, 0xff, 0xff, 0xe4, 0x0,
    0x0, 0x0, 0x4, 0xff, 0xff, 0xc1, 0x0, 0x0,
    0x0, 0x3, 0xff, 0xff, 0xa0, 0x0, 0x0, 0x0,
    0x0, 0xef, 0xff, 0xa0, 0x0, 0x0, 0x0, 0x0,
    0x8f, 0xff, 0xf6, 0x55, 0x55, 0x55, 0x55, 0x2f,
    0xff, 0xff, 0xff, 0xff, 0xff, 0xff, 0xf7, 0xff,
    0xff, 0xff, 0xff, 0xff, 0xff, 0xff, 0x7f, 0xff,
    0xff, 0xff, 0xff, 0xff, 0xff, 0xf7,

    /* U+0033 "3" */
    0x0, 0x0, 0x4a, 0xdf, 0xfe, 0xc8, 0x20, 0x0,
    0x0, 0x1b, 0xff, 0xff, 0xff, 0xff, 0xf7, 0x0,
    0x0, 0xcf, 0xff, 0xff, 0xff, 0xff, 0xff, 0x50,
    0x6, 0xff, 0xff, 0x95, 0x48, 0xff, 0xff, 0xd0,
    0xc, 0xff, 0xf7, 0x0, 0x0, 0x5f, 0xff, 0xf0,
    0x4, 0x55, 0x51, 0x0, 0x0, 0x2f, 0xff, 0xf0,
    0x0, 0x0, 0x0, 0x0, 0x0, 0x7f, 0xff, 0xc0,
    0x0, 0x0, 0x0, 0x45, 0x6a, 0xff, 0xfe, 0x20,
    0x0, 0x0, 0x0, 0xff, 0xff, 0xff, 0xa1, 0x0,
    0x0, 0x0, 0x0, 0xff, 0xff, 0xf9, 0x40, 0x0,
    0x0, 0x0, 0x0, 0xff, 0xff, 0xff, 0xfc, 0x10,
    0x0, 0x0, 0x0, 0x0, 0x15, 0xdf, 0xff, 0xd0,
    0x0, 0x0, 0x0, 0x0, 0x0, 0x1e, 0xff, 0xf5,
    0x0, 0x1, 0x20, 0x0, 0x0, 0xb, 0xff, 0xf8,
    0x3e, 0xff, 0xf1, 0x0, 0x0, 0xb, 0xff, 0xf8,
    0xf, 0xff, 0xf9, 0x0, 0x0, 0x2f, 0xff, 0xf6,
    0x9, 0xff, 0xff, 0xb6, 0x58, 0xef, 0xff, 0xf2,
    0x1, 0xef, 0xff, 0xff, 0xff, 0xff, 0xff, 0x80,
    0x0, 0x2c, 0xff, 0xff, 0xff, 0xff, 0xf8, 0x0,
    0x0, 0x0, 0x5a, 0xdf, 0xfe, 0xc8, 0x20, 0x0,

    /* U+0034 "4" */
    0x0, 0x0, 0x0, 0x0, 0x2f, 0xff, 0xfc, 0x0,
    0x0, 0x0, 0x0, 0x0, 0xd, 0xff, 0xff, 0xc0,
    0x0, 0x0, 0x0, 0x0, 0x8, 0xff, 0xff, 0xfc,
    0x0, 0x0, 0x0, 0x0, 0x3, 0xff, 0xef, 0xff,
    0xc0, 0x0, 0x0, 0x0, 0x0, 0xdf, 0xf7, 0xff,
    0xfc, 0x0, 0x0, 0x0, 0x0, 0x8f, 0xfb, 0x2f,
    0xff, 0xc0, 0x0, 0x0, 0x0, 0x3f, 0xff, 0x22,
    0xff, 0xfc, 0x0, 0x0, 0x0, 0xd, 0xff, 0x60,
    0x2f, 0xff, 0xc0, 0x0, 0x0, 0x8, 0xff, 0xc0,
    0x2, 0xff, 0xfc, 0x0, 0x0, 0x3, 0xff, 0xf2,
    0x0, 0x2f, 0xff, 0xc0, 0x0, 0x0, 0xdf, 0xf7,
    0x0, 0x2, 0xff, 0xfc, 0x0, 0x0, 0x9f, 0xfc,
    0x0, 0x0, 0x2f, 0xff, 0xc0, 0x0, 0x4f, 0xff,
    0x20, 0x0, 0x2, 0xff, 0xfc, 0x0, 0x8, 0xff,
    0xff, 0xff, 0xff, 0xff, 0xff, 0xff, 0xf8, 0x8f,
    0xff, 0xff, 0xff, 0xff, 0xff, 0xff, 0xff, 0x88,
    0xff, 0xff, 0xff, 0xff, 0xff, 0xff, 0xff, 0xf8,
    0x0, 0x0, 0x0, 0x0, 0x2, 0xff, 0xfc, 0x0,
    0x0, 0x0, 0x0, 0x0, 0x0, 0x2f, 0xff, 0xc0,
    0x0, 0x0, 0x0, 0x0, 0x0, 0x2, 0xff, 0xfc,
    0x0, 0x0, 0x0, 0x0, 0x0, 0x0, 0x2f, 0xff,
    0xc0, 0x0,

    /* U+0035 "5" */
    0x0, 0xcf, 0xff, 0xff, 0xff, 0xff, 0xff, 0xa0,
    0x0, 0xdf, 0xff, 0xff, 0xff, 0xff, 0xff, 0xa0,
    0x0, 0xef, 0xff, 0xff, 0xff, 0xff, 0xff, 0xa0,
    0x0, 0xff, 0xff, 0x0, 0x0, 0x0, 0x0, 0x0,
    0x1, 0xff, 0xfd, 0x0, 0x0, 0x0, 0x0, 0x0,
    0x2, 0xff, 0xfc, 0x0, 0x0, 0x0, 0x0, 0x0,
    0x3, 0xff, 0xfb, 0x4b, 0xef, 0xea, 0x40, 0x0,
    0x4, 0xff, 0xff, 0xff, 0xff, 0xff, 0xfa, 0x0,
    0x5, 0xff, 0xff, 0xff, 0xff, 0xff, 0xff, 0x90,
    0x6, 0xff, 0xff, 0xc6, 0x58, 0xff, 0xff, 0xf2,
    0x4, 0xaa, 0xa8, 0x0, 0x0, 0x2f, 0xff, 0xf8,
    0x0, 0x0, 0x0, 0x0, 0x0, 0xa, 0xff, 0xfb,
    0x0, 0x0, 0x0, 0x0, 0x0, 0x7, 0xff, 0xfd,
    0x0, 0x0, 0x0, 0x0, 0x0, 0x7, 0xff, 0xfc,
    0x7, 0x9a, 0xb2, 0x0, 0x0, 0xa, 0xff, 0xfa,
    0xd, 0xff, 0xfa, 0x0, 0x0, 0x3f, 0xff, 0xf6,
    0x7, 0xff, 0xff, 0xb5, 0x48, 0xff, 0xff, 0xe0,
    0x0, 0xdf, 0xff, 0xff, 0xff, 0xff, 0xff, 0x40,
    0x0, 0x1c, 0xff, 0xff, 0xff, 0xff, 0xe4, 0x0,
    0x0, 0x0, 0x4a, 0xdf, 0xfe, 0xb7, 0x0, 0x0,

    /* U+0036 "6" */
    0x0, 0x0, 0x4a, 0xef, 0xfd, 0x92, 0x0, 0x0,
    0x0, 0xbf, 0xff, 0xff, 0xff, 0xf5, 0x0, 0x0,
    0xcf, 0xff, 0xff, 0xff, 0xff, 0xf2, 0x0, 0x7f,
    0xff, 0xf7, 0x45, 0xdf, 0xff, 0xa0, 0xe, 0xff,
    0xf4, 0x0, 0x1, 0xec, 0xb8, 0x4, 0xff, 0xfb,
    0x0, 0x0, 0x0, 0x0, 0x0, 0x8f, 0xff, 0x60,
    0x0, 0x0, 0x0, 0x0, 0xb, 0xff, 0xf3, 0x29,
    0xef, 0xeb, 0x50, 0x0, 0xcf, 0xff, 0x6f, 0xff,
    0xff, 0xff, 0xb0, 0xd, 0xff, 0xff, 0xff, 0xff,
    0xff, 0xff, 0x90, 0xef, 0xff, 0xfa, 0x20, 0x3c,
    0xff, 0xff, 0x1d, 0xff, 0xfc, 0x0, 0x0, 0xe,
    0xff, 0xf6, 0xcf, 0xff, 0x70, 0x0, 0x0, 0xaf,
    0xff, 0x8a, 0xff, 0xf7, 0x0, 0x0, 0x9, 0xff,
    0xf9, 0x6f, 0xff, 0xb0, 0x0, 0x0, 0xbf, 0xff,
    0x71, 0xff, 0xff, 0x30, 0x0, 0x2f, 0xff, 0xf4,
    0xa, 0xff, 0xfe, 0x63, 0x6e, 0xff, 0xfe, 0x0,
    0x1e, 0xff, 0xff, 0xff, 0xff, 0xff, 0x50, 0x0,
    0x2d, 0xff, 0xff, 0xff, 0xff, 0x60, 0x0, 0x0,
    0x6, 0xbe, 0xff, 0xc8, 0x10, 0x0,

    /* U+0037 "7" */
    0xbf, 0xff, 0xff, 0xff, 0xff, 0xff, 0xff, 0x5b,
    0xff, 0xff, 0xff, 0xff, 0xff, 0xff, 0xf5, 0xbf,
    0xff, 0xff, 0xff, 0xff, 0xff, 0xff, 0x53, 0x55,
    0x55, 0x55, 0x55, 0x5c, 0xff, 0xf2, 0x0, 0x0,
    0x0, 0x0, 0x4, 0xff, 0xf8, 0x0, 0x0, 0x0,
    0x0, 0x1, 0xef, 0xfd, 0x0, 0x0, 0x0, 0x0,
    0x0, 0xaf, 0xff, 0x40, 0x0, 0x0, 0x0, 0x0,
    0x4f, 0xff, 0xa0, 0x0, 0x0, 0x0, 0x0, 0xe,
    0xff, 0xf1, 0x0, 0x0, 0x0, 0x0, 0x8, 0xff,
    0xf8, 0x0, 0x0, 0x0, 0x0, 0x2, 0xff, 0xfe,
    0x0, 0x0, 0x0, 0x0, 0x0, 0x9f, 0xff, 0x80,
    0x0, 0x0, 0x0, 0x0, 0x1f, 0xff, 0xf1, 0x0,
    0x0, 0x0, 0x0, 0x7, 0xff, 0xfb, 0x0, 0x0,
    0x0, 0x0, 0x0, 0xcf, 0xff, 0x60, 0x0, 0x0,
    0x0, 0x0, 0x1f, 0xff, 0xf1, 0x0, 0x0, 0x0,
    0x0, 0x5, 0xff, 0xfe, 0x0, 0x0, 0x0, 0x0,
    0x0, 0x8f, 0xff, 0xc0, 0x0, 0x0, 0x0, 0x0,
    0x9, 0xff, 0xfa, 0x0, 0x0, 0x0, 0x0, 0x0,
    0xaf, 0xff, 0x90, 0x0, 0x0, 0x0,

    /* U+0038 "8" */
    0x0, 0x0, 0x6b, 0xdf, 0xff, 0xd9, 0x40, 0x0,
    0x0, 0x2d, 0xff, 0xff, 0xff, 0xff, 0xfb, 0x0,
    0x0, 0xef, 0xff, 0xff, 0xef, 0xff, 0xff, 0xa0,
    0x6, 0xff, 0xff, 0x50, 0x0, 0x9f, 0xff, 0xf1,
    0x8, 0xff, 0xfb, 0x0, 0x0, 0x1f, 0xff, 0xf3,
    0x7, 0xff, 0xfb, 0x0, 0x0, 0x1f, 0xff, 0xf2,
    0x1, 0xef, 0xff, 0x50, 0x0, 0x9f, 0xff, 0xb0,
    0x0, 0x3e, 0xff, 0xff, 0xef, 0xff, 0xfa, 0x0,
    0x0, 0x0, 0x8f, 0xff, 0xff, 0xfe, 0x40, 0x0,
    0x0, 0x2c, 0xff, 0xff, 0xff, 0xff, 0xfa, 0x0,
    0x1, 0xef, 0xff, 0x82, 0x3, 0xbf, 0xff, 0xc0,
    0x9, 0xff, 0xfa, 0x0, 0x0, 0xe, 0xff, 0xf5,
    0xe, 0xff, 0xf5, 0x0, 0x0, 0xa, 0xff, 0xfa,
    0xf, 0xff, 0xf3, 0x0, 0x0, 0x8, 0xff, 0xfb,
    0xf, 0xff, 0xf4, 0x0, 0x0, 0x9, 0xff, 0xfb,
    0xd, 0xff, 0xf8, 0x0, 0x0, 0xd, 0xff, 0xf8,
    0x7, 0xff, 0xff, 0x60, 0x1, 0x9f, 0xff, 0xf3,
    0x0, 0xdf, 0xff, 0xff, 0xef, 0xff, 0xff, 0x90,
    0x0, 0x1c, 0xff, 0xff, 0xff, 0xff, 0xf9, 0x0,
    0x0, 0x0, 0x4a, 0xdf, 0xfe, 0xc9, 0x30, 0x0,

    /* U+0039 "9" */
    0x0, 0x4, 0xad, 0xff, 0xeb, 0x50, 0x0, 0x0,
    0xa, 0xff, 0xff, 0xff, 0xff, 0xc1, 0x0, 0xb,
    0xff, 0xff, 0xff, 0xff, 0xff, 0xc0, 0x5, 0xff,
    0xff, 0xb5, 0x38, 0xff, 0xff, 0x60, 0xaf, 0xff,
    0xc0, 0x0, 0x7, 0xff, 0xfc, 0xd, 0xff, 0xf5,
    0x0, 0x0, 0xf, 0xff, 0xf1, 0xef, 0xff, 0x40,
    0x0, 0x0, 0xdf, 0xff, 0x4e, 0xff, 0xf5, 0x0,
    0x0, 0xe, 0xff, 0xf7, 0xbf, 0xff, 0xb0, 0x0,
    0x3, 0xff, 0xff, 0x86, 0xff, 0xff, 0x92, 0x15,
    0xef, 0xff, 0xf9, 0xd, 0xff, 0xff, 0xff, 0xff,
    0xff, 0xff, 0x80, 0x2e, 0xff, 0xff, 0xff, 0xc9,
    0xff, 0xf7, 0x0, 0x18, 0xdf, 0xfc, 0x70, 0x9f,
    0xff, 0x60, 0x0, 0x0, 0x0, 0x0, 0xc, 0xff,
    0xf3, 0x0, 0x0, 0x0, 0x0, 0x1, 0xff, 0xff,
    0x5, 0xce, 0xf9, 0x0, 0x0, 0xaf, 0xff, 0x90,
    0x3f, 0xff, 0xf9, 0x44, 0xaf, 0xff, 0xf2, 0x0,
    0xaf, 0xff, 0xff, 0xff, 0xff, 0xf7, 0x0, 0x0,
    0xcf, 0xff, 0xff, 0xff, 0xf7, 0x0, 0x0, 0x0,
    0x6b, 0xef, 0xfd, 0x82, 0x0, 0x0,

    /* U+003A ":" */
    0x1f, 0xff, 0xf1, 0x1f, 0xff, 0xf1, 0x1f, 0xff,
    0xf1, 0x1f, 0xff, 0xf1, 0x1, 0x11, 0x10, 0x0,
    0x0, 0x0, 0x0, 0x0, 0x0, 0x0, 0x0, 0x0,
    0x0, 0x0, 0x0, 0x0, 0x0, 0x0, 0x1, 0x11,
    0x10, 0x1f, 0xff, 0xf1, 0x1f, 0xff, 0xf1, 0x1f,
    0xff, 0xf1, 0x1f, 0xff, 0xf1,

    /* U+003B ";" */
    0x1f, 0xff, 0xf2, 0x1f, 0xff, 0xf2, 0x1f, 0xff,
    0xf2, 0x1f, 0xff, 0xf2, 0x1, 0x11, 0x10, 0x0,
    0x0, 0x0, 0x0, 0x0, 0x0, 0x0, 0x0, 0x0,
    0x0, 0x0, 0x0, 0x0, 0x0, 0x0, 0x1, 0x11,
    0x10, 0x1f, 0xff, 0xf2, 0x1f, 0xff, 0xf2, 0x1f,
    0xff, 0xf2, 0x1f, 0xff, 0xf1, 0x0, 0x4f, 0xf0,
    0x0, 0x7f, 0xd0, 0x0, 0xdf, 0x90, 0x7, 0xff,
    0x20, 0x7, 0x85, 0x0,

    /* U+003C "<" */
    0x0, 0x0, 0x0, 0x0, 0x0, 0x0, 0x2, 0x83,
    0x0, 0x0, 0x0, 0x0, 0x0, 0x16, 0xcf, 0xf4,
    0x0, 0x0, 0x0, 0x0, 0x4a, 0xff, 0xff, 0xf4,
    0x0, 0x0, 0x2, 0x8e, 0xff, 0xff, 0xff, 0xc2,
    0x0, 0x6, 0xcf, 0xff, 0xff, 0xfe, 0x82, 0x0,
    0x3a, 0xff, 0xff, 0xff, 0xfb, 0x50, 0x0, 0x0,
    0xbf, 0xff, 0xff, 0xd7, 0x10, 0x0, 0x0, 0x0,
    0xbf, 0xff, 0xa4, 0x0, 0x0, 0x0, 0x0, 0x0,
    0xbf, 0xfb, 0x40, 0x0, 0x0, 0x0, 0x0, 0x0,
    0xbf, 0xff, 0xfe, 0x81, 0x0, 0x0, 0x0, 0x0,
    0x7e, 0xff, 0xff, 0xff, 0xb5, 0x0, 0x0, 0x0,
    0x0, 0x5b, 0xff, 0xff, 0xff, 0xe9, 0x20, 0x0,
    0x0, 0x0, 0x17, 0xdf, 0xff, 0xff, 0xfc, 0x60,
    0x0, 0x0, 0x0, 0x3, 0x9f, 0xff, 0xff, 0xf4,
    0x0, 0x0, 0x0, 0x0, 0x0, 0x5c, 0xff, 0xf4,
    0x0, 0x0, 0x0, 0x0, 0x0, 0x0, 0x28, 0xe4,
    0x0, 0x0, 0x0, 0x0, 0x0, 0x0, 0x0, 0x0,

    /* U+003D "=" */
    0xcf, 0xff, 0xff, 0xff, 0xff, 0xff, 0xff, 0xf4,
    0xcf, 0xff, 0xff, 0xff, 0xff, 0xff, 0xff, 0xf4,
    0xcf, 0xff, 0xff, 0xff, 0xff, 0xff, 0xff, 0xf4,
    0x23, 0x33, 0x33, 0x33, 0x33, 0x33, 0x33, 0x31,
    0x0, 0x0, 0x0, 0x0, 0x0, 0x0, 0x0, 0x0,
    0x0, 0x0, 0x0, 0x0, 0x0, 0x0, 0x0, 0x0,
    0x0, 0x0, 0x0, 0x0, 0x0, 0x0, 0x0, 0x0,
    0x0, 0x0, 0x0, 0x0, 0x0, 0x0, 0x0, 0x0,
    0xcf, 0xff, 0xff, 0xff, 0xff, 0xff, 0xff, 0xf4,
    0xcf, 0xff, 0xff, 0xff, 0xff, 0xff, 0xff, 0xf4,
    0xcf, 0xff, 0xff, 0xff, 0xff, 0xff, 0xff, 0xf4,
    0x23, 0x33, 0x33, 0x33, 0x33, 0x33, 0x33, 0x31,

    /* U+003E ">" */
    0x86, 0x0, 0x0, 0x0, 0x0, 0x0, 0x0, 0x0,
    0xbf, 0xf9, 0x30, 0x0, 0x0, 0x0, 0x0, 0x0,
    0xbf, 0xff, 0xfd, 0x71, 0x0, 0x0, 0x0, 0x0,
    0x7e, 0xff, 0xff, 0xff, 0xb5, 0x0, 0x0, 0x0,
    0x0, 0x5b, 0xff, 0xff, 0xff, 0xf9, 0x30, 0x0,
    0x0, 0x0, 0x17, 0xef, 0xff, 0xff, 0xfd, 0x71,
    0x0, 0x0, 0x0, 0x4, 0xaf, 0xff, 0xff, 0xf4,
    0x0, 0x0, 0x0, 0x0, 0x1, 0x6d, 0xff, 0xf4,
    0x0, 0x0, 0x0, 0x0, 0x0, 0x17, 0xef, 0xf4,
    0x0, 0x0, 0x0, 0x0, 0x4a, 0xff, 0xff, 0xf4,
    0x0, 0x0, 0x2, 0x8e, 0xff, 0xff, 0xff, 0xc2,
    0x0, 0x5, 0xbf, 0xff, 0xff, 0xfe, 0x82, 0x0,
    0x29, 0xef, 0xff, 0xff, 0xfb, 0x50, 0x0, 0x0,
    0xbf, 0xff, 0xff, 0xd7, 0x10, 0x0, 0x0, 0x0,
    0xbf, 0xfe, 0x93, 0x0, 0x0, 0x0, 0x0, 0x0,
    0xbb, 0x50, 0x0, 0x0, 0x0, 0x0, 0x0, 0x0,
    0x0, 0x0, 0x0, 0x0, 0x0, 0x0, 0x0, 0x0,

    /* U+003F "?" */
    0x0, 0x0, 0x5a, 0xdf, 0xfe, 0xc8, 0x20, 0x0,
    0x0, 0x2c, 0xff, 0xff, 0xff, 0xff, 0xf8, 0x0,
    0x2, 0xef, 0xff, 0xff, 0xff, 0xff, 0xff, 0x90,
    0xc, 0xff, 0xff, 0xa6, 0x57, 0xef, 0xff, 0xf2,
    0x3f, 0xff, 0xf5, 0x0, 0x0, 0x1e, 0xff, 0xf7,
    0x7f, 0xff, 0xc0, 0x0, 0x0, 0xa, 0xff, 0xf9,
    0x12, 0x22, 0x10, 0x0, 0x0, 0xa, 0xff, 0xf7,
    0x0, 0x0, 0x0, 0x0, 0x0, 0x3f, 0xff, 0xf2,
    0x0, 0x0, 0x0, 0x0, 0x4, 0xef, 0xff, 0x90,
    0x0, 0x0, 0x0, 0x0, 0x8f, 0xff, 0xf9, 0x0,
    0x0, 0x0, 0x0, 0xb, 0xff, 0xfe, 0x50, 0x0,
    0x0, 0x0, 0x0, 0x9f, 0xff, 0xc1, 0x0, 0x0,
    0x0, 0x0, 0x2, 0xff, 0xfe, 0x10, 0x0, 0x0,
    0x0, 0x0, 0x5, 0xff, 0xf7, 0x0, 0x0, 0x0,
    0x0, 0x0, 0x0, 0x0, 0x0, 0x0, 0x0, 0x0,
    0x0, 0x0, 0x0, 0x0, 0x0, 0x0, 0x0, 0x0,
    0x0, 0x0, 0x8, 0xee, 0xe9, 0x0, 0x0, 0x0,
    0x0, 0x0, 0x9, 0xff, 0xfa, 0x0, 0x0, 0x0,
    0x0, 0x0, 0x9, 0xff, 0xfa, 0x0, 0x0, 0x0,
    0x0, 0x0, 0x9, 0xff, 0xfa, 0x0, 0x0, 0x0,

    /* U+0040 "@" */
    0x0, 0x0, 0x0, 0x0, 0x1, 0x6a, 0xce, 0xff,
    0xed, 0xa6, 0x10, 0x0, 0x0, 0x0, 0x0, 0x0,
    0x0, 0x2a, 0xff, 0xff, 0xff, 0xff, 0xff, 0xff,
    0xa1, 0x0, 0x0, 0x0, 0x0, 0x0, 0x9f, 0xff,
    0xc7, 0x42, 0x11, 0x24, 0x8d, 0xff, 0xf5, 0x0,
    0x0, 0x0, 0x1, 0xcf, 0xfa, 0x20, 0x0, 0x0,
    0x0, 0x0, 0x4, 0xdf, 0xf5, 0x0, 0x0, 0x1,
    0xdf, 0xf4, 0x0, 0x17, 0xdf, 0xfc, 0x40, 0x8f,
    0xb0, 0xcf, 0xf2, 0x0, 0x0, 0xbf, 0xf3, 0x0,
    0x3e, 0xff, 0xff, 0xff, 0x4c, 0xf7, 0x1, 0xef,
    0xa0, 0x0, 0x6f, 0xf4, 0x0, 0x3f, 0xfc, 0x40,
    0x6, 0xfd, 0xff, 0x30, 0x5, 0xff, 0x10, 0xe,
    0xfa, 0x0, 0xd, 0xfc, 0x0, 0x0, 0x6, 0xff,
    0xf0, 0x0, 0xf, 0xf4, 0x6, 0xff, 0x20, 0x6,
    0xff, 0x20, 0x0, 0x0, 0xf, 0xfc, 0x0, 0x0,
    0xcf, 0x70, 0xbf, 0xb0, 0x0, 0xcf, 0xb0, 0x0,
    0x0, 0x0, 0xff, 0x80, 0x0, 0xb, 0xf7, 0xf,
    0xf7, 0x0, 0x1f, 0xf6, 0x0, 0x0, 0x0, 0x3f,
    0xf4, 0x0, 0x0, 0xcf, 0x62, 0xff, 0x40, 0x2,
    0xff, 0x30, 0x0, 0x0, 0x7, 0xff, 0x10, 0x0,
    0xf, 0xf4, 0x3f, 0xf2, 0x0, 0x4f, 0xf2, 0x0,
    0x0, 0x0, 0xdf, 0xd0, 0x0, 0x4, 0xff, 0x4,
    0xff, 0x10, 0x3, 0xff, 0x40, 0x0, 0x0, 0x5f,
    0xfb, 0x0, 0x0, 0xbf, 0xb0, 0x3f, 0xf2, 0x0,
    0x1f, 0xf8, 0x0, 0x0, 0x2e, 0xef, 0x90, 0x0,
    0x7f, 0xf2, 0x1, 0xff, 0x40, 0x0, 0xbf, 0xf6,
    0x10, 0x5e, 0xf6, 0xfc, 0x2, 0x9f, 0xf7, 0x0,
    0xe, 0xf9, 0x0, 0x2, 0xef, 0xff, 0xff, 0xe3,
    0x2f, 0xff, 0xff, 0xf7, 0x0, 0x0, 0x8f, 0xe0,
    0x0, 0x1, 0x9e, 0xfd, 0x81, 0x0, 0x5d, 0xfe,
    0xa3, 0x0, 0x0, 0x1, 0xff, 0xa0, 0x0, 0x0,
    0x0, 0x0, 0x0, 0x0, 0x0, 0x0, 0x0, 0x0,
    0x0, 0x8, 0xff, 0x70, 0x0, 0x0, 0x0, 0x0,
    0x0, 0x0, 0x2, 0x10, 0x0, 0x0, 0x0, 0xb,
    0xff, 0xa1, 0x0, 0x0, 0x0, 0x0, 0x0, 0x3a,
    0xf8, 0x0, 0x0, 0x0, 0x0, 0xa, 0xff, 0xfa,
    0x52, 0x10, 0x12, 0x58, 0xdf, 0xff, 0xb0, 0x0,
    0x0, 0x0, 0x0, 0x5, 0xef, 0xff, 0xff, 0xff,
    0xff, 0xff, 0xfb, 0x30, 0x0, 0x0, 0x0, 0x0,
    0x0, 0x0, 0x49, 0xdf, 0xff, 0xff, 0xda, 0x61,
    0x0, 0x0, 0x0, 0x0, 0x0, 0x0, 0x0, 0x0,
    0x0, 0x0, 0x10, 0x0, 0x0, 0x0, 0x0, 0x0,
    0x0, 0x0,

    /* U+0041 "A" */
    0x0, 0x0, 0x0, 0x0, 0xef, 0xff, 0xf8, 0x0,
    0x0, 0x0, 0x0, 0x0, 0x0, 0x0, 0x4f, 0xff,
    0xff, 0xe0, 0x0, 0x0, 0x0, 0x0, 0x0, 0x0,
    0xa, 0xff, 0xff, 0xff, 0x40, 0x0, 0x0, 0x0,
    0x0, 0x0, 0x1, 0xff, 0xfb, 0xff, 0xfa, 0x0,
    0x0, 0x0, 0x0, 0x0, 0x0, 0x6f, 0xff, 0x5a,
    0xff, 0xf1, 0x0, 0x0, 0x0, 0x0, 0x0, 0xc,
    0xff, 0xf0, 0x5f, 0xff, 0x60, 0x0, 0x0, 0x0,
    0x0, 0x2, 0xff, 0xfb, 0x0, 0xff, 0xfc, 0x0,
    0x0, 0x0, 0x0, 0x0, 0x8f, 0xff, 0x50, 0xa,
    0xff, 0xf2, 0x0, 0x0, 0x0, 0x0, 0xe, 0xff,
    0xf0, 0x0, 0x5f, 0xff, 0x80, 0x0, 0x0, 0x0,
    0x4, 0xff, 0xfa, 0x0, 0x0, 0xff, 0xfe, 0x0,
    0x0, 0x0, 0x0, 0xaf, 0xff, 0x40, 0x0, 0xa,
    0xff, 0xf4, 0x0, 0x0, 0x0, 0x1f, 0xff, 0xf3,
    0x33, 0x33, 0x7f, 0xff, 0xa0, 0x0, 0x0, 0x6,
    0xff, 0xff, 0xff, 0xff, 0xff, 0xff, 0xff, 0x10,
    0x0, 0x0, 0xcf, 0xff, 0xff, 0xff, 0xff, 0xff,
    0xff, 0xf6, 0x0, 0x0, 0x2f, 0xff, 0xff, 0xff,
    0xff, 0xff, 0xff, 0xff, 0xc0, 0x0, 0x8, 0xff,
    0xfb, 0x0, 0x0, 0x0, 0x1, 0xff, 0xff, 0x20,
    0x0, 0xef, 0xff, 0x50, 0x0, 0x0, 0x0, 0xb,
    0xff, 0xf8, 0x0, 0x4f, 0xff, 0xf0, 0x0, 0x0,
    0x0, 0x0, 0x5f, 0xff, 0xe0, 0xb, 0xff, 0xf9,
    0x0, 0x0, 0x0, 0x0, 0x0, 0xef, 0xff, 0x41,
    0xff, 0xff, 0x30, 0x0, 0x0, 0x0, 0x0, 0x9,
    0xff, 0xfa,

    /* U+0042 "B" */
    0xff, 0xff, 0xff, 0xff, 0xff, 0xfe, 0xb7, 0x10,
    0x0, 0xf, 0xff, 0xff, 0xff, 0xff, 0xff, 0xff,
    0xff, 0x70, 0x0, 0xff, 0xff, 0xff, 0xff, 0xff,
    0xff, 0xff, 0xff, 0x60, 0xf, 0xff, 0xf7, 0x22,
    0x22, 0x34, 0x9f, 0xff, 0xfe, 0x0, 0xff, 0xff,
    0x50, 0x0, 0x0, 0x0, 0x8f, 0xff, 0xf0, 0xf,
    0xff, 0xf5, 0x0, 0x0, 0x0, 0x4, 0xff, 0xff,
    0x0, 0xff, 0xff, 0x50, 0x0, 0x0, 0x0, 0x8f,
    0xff, 0xc0, 0xf, 0xff, 0xf7, 0x22, 0x22, 0x34,
    0x9f, 0xff, 0xf4, 0x0, 0xff, 0xff, 0xff, 0xff,
    0xff, 0xff, 0xff, 0xd4, 0x0, 0xf, 0xff, 0xff,
    0xff, 0xff, 0xff, 0xff, 0xd7, 0x10, 0x0, 0xff,
    0xff, 0xff, 0xff, 0xff, 0xff, 0xff, 0xff, 0x80,
    0xf, 0xff, 0xf5, 0x0, 0x0, 0x0, 0x28, 0xff,
    0xff, 0x70, 0xff, 0xff, 0x50, 0x0, 0x0, 0x0,
    0x6, 0xff, 0xff, 0xf, 0xff, 0xf5, 0x0, 0x0,
    0x0, 0x0, 0x1f, 0xff, 0xf3, 0xff, 0xff, 0x50,
    0x0, 0x0, 0x0, 0x2, 0xff, 0xff, 0x4f, 0xff,
    0xf5, 0x0, 0x0, 0x0, 0x0, 0x8f, 0xff, 0xf2,
    0xff, 0xff, 0x73, 0x33, 0x33, 0x35, 0xaf, 0xff,
    0xfc, 0xf, 0xff, 0xff, 0xff, 0xff, 0xff, 0xff,
    0xff, 0xff, 0x30, 0xff, 0xff, 0xff, 0xff, 0xff,
    0xff, 0xff, 0xfd, 0x30, 0xf, 0xff, 0xff, 0xff,
    0xff, 0xff, 0xfd, 0xa5, 0x0, 0x0,

    /* U+0043 "C" */
    0x0, 0x0, 0x1, 0x7b, 0xde, 0xff, 0xda, 0x61,
    0x0, 0x0, 0x0, 0x1, 0x9f, 0xff, 0xff, 0xff,
    0xff, 0xff, 0x70, 0x0, 0x0, 0x2d, 0xff, 0xff,
    0xff, 0xff, 0xff, 0xff, 0xfb, 0x0, 0x0, 0xdf,
    0xff, 0xff, 0xa7, 0x67, 0xaf, 0xff, 0xff, 0x80,
    0x8, 0xff, 0xff, 0xa1, 0x0, 0x0, 0x1, 0xbf,
    0xff, 0xf2, 0xf, 0xff, 0xfc, 0x0, 0x0, 0x0,
    0x0, 0xc, 0xff, 0xc4, 0x5f, 0xff, 0xf3, 0x0,
    0x0, 0x0, 0x0, 0x2, 0x41, 0x0, 0x8f, 0xff,
    0xd0, 0x0, 0x0, 0x0, 0x0, 0x0, 0x0, 0x0,
    0xaf, 0xff, 0xa0, 0x0, 0x0, 0x0, 0x0, 0x0,
    0x0, 0x0, 0xbf, 0xff, 0x90, 0x0, 0x0, 0x0,
    0x0, 0x0, 0x0, 0x0, 0xbf, 0xff, 0x90, 0x0,
    0x0, 0x0, 0x0, 0x0, 0x0, 0x0, 0xaf, 0xff,
    0xb0, 0x0, 0x0, 0x0, 0x0, 0x0, 0x0, 0x0,
    0x8f, 0xff, 0xe0, 0x0, 0x0, 0x0, 0x0, 0x0,
    0x0, 0x0, 0x4f, 0xff, 0xf4, 0x0, 0x0, 0x0,
    0x0, 0x3, 0xd7, 0x20, 0xe, 0xff, 0xfd, 0x0,
    0x0, 0x0, 0x0, 0xc, 0xff, 0xf9, 0x6, 0xff,
    0xff, 0xc1, 0x0, 0x0, 0x1, 0xbf, 0xff, 0xf3,
    0x0, 0xbf, 0xff, 0xff, 0xa7, 0x67, 0xaf, 0xff,
    0xff, 0x90, 0x0, 0x1c, 0xff, 0xff, 0xff, 0xff,
    0xff, 0xff, 0xfa, 0x0, 0x0, 0x0, 0x7f, 0xff,
    0xff, 0xff, 0xff, 0xfe, 0x60, 0x0, 0x0, 0x0,
    0x0, 0x6a, 0xde, 0xff, 0xda, 0x60, 0x0, 0x0,

    /* U+0044 "D" */
    0xff, 0xff, 0xff, 0xff, 0xed, 0xb7, 0x30, 0x0,
    0x0, 0xf, 0xff, 0xff, 0xff, 0xff, 0xff, 0xff,
    0xc3, 0x0, 0x0, 0xff, 0xff, 0xff, 0xff, 0xff,
    0xff, 0xff, 0xf7, 0x0, 0xf, 0xff, 0xf8, 0x44,
    0x46, 0x8d, 0xff, 0xff, 0xf6, 0x0, 0xff, 0xff,
    0x50, 0x0, 0x0, 0x5, 0xff, 0xff, 0xf1, 0xf,
    0xff, 0xf5, 0x0, 0x0, 0x0, 0x4, 0xff, 0xff,
    0x90, 0xff, 0xff, 0x50, 0x0, 0x0, 0x0, 0xa,
    0xff, 0xfe, 0xf, 0xff, 0xf5, 0x0, 0x0, 0x0,
    0x0, 0x4f, 0xff, 0xf2, 0xff, 0xff, 0x50, 0x0,
    0x0, 0x0, 0x0, 0xff, 0xff, 0x4f, 0xff, 0xf5,
    0x0, 0x0, 0x0, 0x0, 0xf, 0xff, 0xf6, 0xff,
    0xff, 0x50, 0x0, 0x0, 0x0, 0x0, 0xff, 0xff,
    0x5f, 0xff, 0xf5, 0x0, 0x0, 0x0, 0x0, 0x1f,
    0xff, 0xf4, 0xff, 0xff, 0x50, 0x0, 0x0, 0x0,
    0x5, 0xff, 0xff, 0x2f, 0xff, 0xf5, 0x0, 0x0,
    0x0, 0x0, 0xbf, 0xff, 0xd0, 0xff, 0xff, 0x50,
    0x0, 0x0, 0x0, 0x5f, 0xff, 0xf7, 0xf, 0xff,
    0xf5, 0x0, 0x0, 0x0, 0x5f, 0xff, 0xfe, 0x10,
    0xff, 0xff, 0x85, 0x55, 0x57, 0xcf, 0xff, 0xff,
    0x50, 0xf, 0xff, 0xff, 0xff, 0xff, 0xff, 0xff,
    0xff, 0x60, 0x0, 0xff, 0xff, 0xff, 0xff, 0xff,
    0xff, 0xfd, 0x30, 0x0, 0xf, 0xff, 0xff, 0xff,
    0xff, 0xfc, 0x94, 0x0, 0x0, 0x0,

    /* U+0045 "E" */
    0xff, 0xff, 0xff, 0xff, 0xff, 0xff, 0xff, 0xff,
    0x3f, 0xff, 0xff, 0xff, 0xff, 0xff, 0xff, 0xff,
    0xf3, 0xff, 0xff, 0xff, 0xff, 0xff, 0xff, 0xff,
    0xff, 0x3f, 0xff, 0xf8, 0x44, 0x44, 0x44, 0x44,
    0x44, 0x41, 0xff, 0xff, 0x50, 0x0, 0x0, 0x0,
    0x0, 0x0, 0xf, 0xff, 0xf5, 0x0, 0x0, 0x0,
    0x0, 0x0, 0x0, 0xff, 0xff, 0x50, 0x0, 0x0,
    0x0, 0x0, 0x0, 0xf, 0xff, 0xf5, 0x0, 0x0,
    0x0, 0x0, 0x0, 0x0, 0xff, 0xff, 0xff, 0xff,
    0xff, 0xff, 0xff, 0xf5, 0xf, 0xff, 0xff, 0xff,
    0xff, 0xff, 0xff, 0xff, 0x50, 0xff, 0xff, 0xff,
    0xff, 0xff, 0xff, 0xff, 0xf5, 0xf, 0xff, 0xf8,
    0x55, 0x55, 0x55, 0x55, 0x55, 0x10, 0xff, 0xff,
    0x50, 0x0, 0x0, 0x0, 0x0, 0x0, 0xf, 0xff,
    0xf5, 0x0, 0x0, 0x0, 0x0, 0x0, 0x0, 0xff,
    0xff, 0x50, 0x0, 0x0, 0x0, 0x0, 0x0, 0xf,
    0xff, 0xf5, 0x0, 0x0, 0x0, 0x0, 0x0, 0x0,
    0xff, 0xff, 0x85, 0x55, 0x55, 0x55, 0x55, 0x55,
    0x4f, 0xff, 0xff, 0xff, 0xff, 0xff, 0xff, 0xff,
    0xfd, 0xff, 0xff, 0xff, 0xff, 0xff, 0xff, 0xff,
    0xff, 0xdf, 0xff, 0xff, 0xff, 0xff, 0xff, 0xff,
    0xff, 0xfd,

    /* U+0046 "F" */
    0xff, 0xff, 0xff, 0xff, 0xff, 0xff, 0xff, 0xf3,
    0xff, 0xff, 0xff, 0xff, 0xff, 0xff, 0xff, 0xf3,
    0xff, 0xff, 0xff, 0xff, 0xff, 0xff, 0xff, 0xf3,
    0xff, 0xff, 0x84, 0x44, 0x44, 0x44, 0x44, 0x41,
    0xff, 0xff, 0x50, 0x0, 0x0, 0x0, 0x0, 0x0,
    0xff, 0xff, 0x50, 0x0, 0x0, 0x0, 0x0, 0x0,
    0xff, 0xff, 0x50, 0x0, 0x0, 0x0, 0x0, 0x0,
    0xff, 0xff, 0x50, 0x0, 0x0, 0x0, 0x0, 0x0,
    0xff, 0xff, 0x50, 0x0, 0x0, 0x0, 0x0, 0x0,
    0xff, 0xff, 0xff, 0xff, 0xff, 0xff, 0xff, 0xe0,
    0xff, 0xff, 0xff, 0xff, 0xff, 0xff, 0xff, 0xe0,
    0xff, 0xff, 0xff, 0xff, 0xff, 0xff, 0xff, 0xe0,
    0xff, 0xff, 0x85, 0x55, 0x55, 0x55, 0x55, 0x40,
    0xff, 0xff, 0x50, 0x0, 0x0, 0x0, 0x0, 0x0,
    0xff, 0xff, 0x50, 0x0, 0x0, 0x0, 0x0, 0x0,
    0xff, 0xff, 0x50, 0x0, 0x0, 0x0, 0x0, 0x0,
    0xff, 0xff, 0x50, 0x0, 0x0, 0x0, 0x0, 0x0,
    0xff, 0xff, 0x50, 0x0, 0x0, 0x0, 0x0, 0x0,
    0xff, 0xff, 0x50, 0x0, 0x0, 0x0, 0x0, 0x0,
    0xff, 0xff, 0x50, 0x0, 0x0, 0x0, 0x0, 0x0,

    /* U+0047 "G" */
    0x0, 0x0, 0x1, 0x6a, 0xde, 0xff, 0xec, 0x94,
    0x0, 0x0, 0x0, 0x0, 0x8, 0xff, 0xff, 0xff,
    0xff, 0xff, 0xfd, 0x30, 0x0, 0x0, 0x1c, 0xff,
    0xff, 0xff, 0xff, 0xff, 0xff, 0xff, 0x50, 0x0,
    0xc, 0xff, 0xff, 0xfb, 0x76, 0x79, 0xef, 0xff,
    0xff, 0x30, 0x8, 0xff, 0xff, 0xc2, 0x0, 0x0,
    0x0, 0x6f, 0xff, 0xfc, 0x0, 0xef, 0xff, 0xd0,
    0x0, 0x0, 0x0, 0x0, 0x5e, 0xb7, 0x20, 0x4f,
    0xff, 0xf3, 0x0, 0x0, 0x0, 0x0, 0x0, 0x0,
    0x0, 0x8, 0xff, 0xfe, 0x0, 0x0, 0x0, 0x0,
    0x0, 0x0, 0x0, 0x0, 0xaf, 0xff, 0xa0, 0x0,
    0x0, 0x0, 0x0, 0x0, 0x0, 0x0, 0xb, 0xff,
    0xf9, 0x0, 0x0, 0x0, 0x8f, 0xff, 0xff, 0xff,
    0xf7, 0xbf, 0xff, 0x90, 0x0, 0x0, 0x8, 0xff,
    0xff, 0xff, 0xff, 0x7a, 0xff, 0xfb, 0x0, 0x0,
    0x0, 0x8f, 0xff, 0xff, 0xff, 0xf7, 0x8f, 0xff,
    0xe0, 0x0, 0x0, 0x1, 0x22, 0x22, 0x9f, 0xff,
    0x74, 0xff, 0xff, 0x40, 0x0, 0x0, 0x0, 0x0,
    0x7, 0xff, 0xf7, 0xe, 0xff, 0xfd, 0x0, 0x0,
    0x0, 0x0, 0x0, 0x7f, 0xff, 0x70, 0x7f, 0xff,
    0xfc, 0x20, 0x0, 0x0, 0x0, 0x6f, 0xff, 0xf7,
    0x0, 0xcf, 0xff, 0xff, 0xb7, 0x66, 0x8b, 0xff,
    0xff, 0xff, 0x40, 0x1, 0xcf, 0xff, 0xff, 0xff,
    0xff, 0xff, 0xff, 0xfe, 0x30, 0x0, 0x0, 0x8f,
    0xff, 0xff, 0xff, 0xff, 0xff, 0xe7, 0x0, 0x0,
    0x0, 0x0, 0x6, 0xad, 0xef, 0xed, 0xb8, 0x30,
    0x0, 0x0,

    /* U+0048 "H" */
    0xff, 0xff, 0x50, 0x0, 0x0, 0x0, 0xa, 0xff,
    0xfa, 0xff, 0xff, 0x50, 0x0, 0x0, 0x0, 0xa,
    0xff, 0xfa, 0xff, 0xff, 0x50, 0x0, 0x0, 0x0,
    0xa, 0xff, 0xfa, 0xff, 0xff, 0x50, 0x0, 0x0,
    0x0, 0xa, 0xff, 0xfa, 0xff, 0xff, 0x50, 0x0,
    0x0, 0x0, 0xa, 0xff, 0xfa, 0xff, 0xff, 0x50,
    0x0, 0x0, 0x0, 0xa, 0xff, 0xfa, 0xff, 0xff,
    0x50, 0x0, 0x0, 0x0, 0xa, 0xff, 0xfa, 0xff,
    0xff, 0xb8, 0x88, 0x88, 0x88, 0x8d, 0xff, 0xfa,
    0xff, 0xff, 0xff, 0xff, 0xff, 0xff, 0xff, 0xff,
    0xfa, 0xff, 0xff, 0xff, 0xff, 0xff, 0xff, 0xff,
    0xff, 0xfa, 0xff, 0xff, 0xff, 0xff, 0xff, 0xff,
    0xff, 0xff, 0xfa, 0xff, 0xff, 0x50, 0x0, 0x0,
    0x0, 0xa, 0xff, 0xfa, 0xff, 0xff, 0x50, 0x0,
    0x0, 0x0, 0xa, 0xff, 0xfa, 0xff, 0xff, 0x50,
    0x0, 0x0, 0x0, 0xa, 0xff, 0xfa, 0xff, 0xff,
    0x50, 0x0, 0x0, 0x0, 0xa, 0xff, 0xfa, 0xff,
    0xff, 0x50, 0x0, 0x0, 0x0, 0xa, 0xff, 0xfa,
    0xff, 0xff, 0x50, 0x0, 0x0, 0x0, 0xa, 0xff,
    0xfa, 0xff, 0xff, 0x50, 0x0, 0x0, 0x0, 0xa,
    0xff, 0xfa, 0xff, 0xff, 0x50, 0x0, 0x0, 0x0,
    0xa, 0xff, 0xfa, 0xff, 0xff, 0x50, 0x0, 0x0,
    0x0, 0xa, 0xff, 0xfa,

    /* U+0049 "I" */
    0xff, 0xff, 0x5f, 0xff, 0xf5, 0xff, 0xff, 0x5f,
    0xff, 0xf5, 0xff, 0xff, 0x5f, 0xff, 0xf5, 0xff,
    0xff, 0x5f, 0xff, 0xf5, 0xff, 0xff, 0x5f, 0xff,
    0xf5, 0xff, 0xff, 0x5f, 0xff, 0xf5, 0xff, 0xff,
    0x5f, 0xff, 0xf5, 0xff, 0xff, 0x5f, 0xff, 0xf5,
    0xff, 0xff, 0x5f, 0xff, 0xf5, 0xff, 0xff, 0x5f,
    0xff, 0xf5,

    /* U+004A "J" */
    0x0, 0x0, 0x0, 0xcf, 0xff, 0xff, 0xff, 0xa0,
    0x0, 0x0, 0xc, 0xff, 0xff, 0xff, 0xfa, 0x0,
    0x0, 0x0, 0xcf, 0xff, 0xff, 0xff, 0xa0, 0x0,
    0x0, 0x4, 0x55, 0x5c, 0xff, 0xfa, 0x0, 0x0,
    0x0, 0x0, 0x0, 0xaf, 0xff, 0xa0, 0x0, 0x0,
    0x0, 0x0, 0xa, 0xff, 0xfa, 0x0, 0x0, 0x0,
    0x0, 0x0, 0xaf, 0xff, 0xa0, 0x0, 0x0, 0x0,
    0x0, 0xa, 0xff, 0xfa, 0x0, 0x0, 0x0, 0x0,
    0x0, 0xaf, 0xff, 0xa0, 0x0, 0x0, 0x0, 0x0,
    0xa, 0xff, 0xfa, 0x0, 0x0, 0x0, 0x0, 0x0,
    0xaf, 0xff, 0xa0, 0x0, 0x0, 0x0, 0x0, 0xa,
    0xff, 0xfa, 0x0, 0x0, 0x0, 0x0, 0x0, 0xaf,
    0xff, 0xa0, 0x0, 0x13, 0x0, 0x0, 0xb, 0xff,
    0xfa, 0x5d, 0xff, 0xf0, 0x0, 0x0, 0xcf, 0xff,
    0x83, 0xff, 0xff, 0x70, 0x0, 0x3f, 0xff, 0xf5,
    0xd, 0xff, 0xff, 0xa6, 0x8e, 0xff, 0xff, 0x10,
    0x4f, 0xff, 0xff, 0xff, 0xff, 0xff, 0x70, 0x0,
    0x6f, 0xff, 0xff, 0xff, 0xff, 0x70, 0x0, 0x0,
    0x28, 0xce, 0xff, 0xd9, 0x20, 0x0,

    /* U+004B "K" */
    0xff, 0xff, 0x50, 0x0, 0x0, 0x0, 0x1c, 0xff,
    0xfe, 0x30, 0xff, 0xff, 0x50, 0x0, 0x0, 0x1,
    0xdf, 0xff, 0xe3, 0x0, 0xff, 0xff, 0x50, 0x0,
    0x0, 0x1d, 0xff, 0xfe, 0x20, 0x0, 0xff, 0xff,
    0x50, 0x0, 0x1, 0xdf, 0xff, 0xe2, 0x0, 0x0,
    0xff, 0xff, 0x50, 0x0, 0x1d, 0xff, 0xfd, 0x10,
    0x0, 0x0, 0xff, 0xff, 0x50, 0x2, 0xef, 0xff,
    0xd1, 0x0, 0x0, 0x0, 0xff, 0xff, 0x50, 0x2e,
    0xff, 0xfc, 0x10, 0x0, 0x0, 0x0, 0xff, 0xff,
    0x52, 0xef, 0xff, 0xc0, 0x0, 0x0, 0x0, 0x0,
    0xff, 0xff, 0x8e, 0xff, 0xff, 0x10, 0x0, 0x0,
    0x0, 0x0, 0xff, 0xff, 0xff, 0xff, 0xff, 0xb0,
    0x0, 0x0, 0x0, 0x0, 0xff, 0xff, 0xff, 0xff,
    0xff, 0xf8, 0x0, 0x0, 0x0, 0x0, 0xff, 0xff,
    0xfc, 0x29, 0xff, 0xff, 0x50, 0x0, 0x0, 0x0,
    0xff, 0xff, 0xa0, 0x0, 0xbf, 0xff, 0xf3, 0x0,
    0x0, 0x0, 0xff, 0xff, 0x50, 0x0, 0x1e, 0xff,
    0xfe, 0x10, 0x0, 0x0, 0xff, 0xff, 0x50, 0x0,
    0x3, 0xff, 0xff, 0xc0, 0x0, 0x0, 0xff, 0xff,
    0x50, 0x0, 0x0, 0x5f, 0xff, 0xfa, 0x0, 0x0,
    0xff, 0xff, 0x50, 0x0, 0x0, 0x8, 0xff, 0xff,
    0x70, 0x0, 0xff, 0xff, 0x50, 0x0, 0x0, 0x0,
    0xbf, 0xff, 0xf5, 0x0, 0xff, 0xff, 0x50, 0x0,
    0x0, 0x0, 0x1d, 0xff, 0xff, 0x30, 0xff, 0xff,
    0x50, 0x0, 0x0, 0x0, 0x2, 0xff, 0xff, 0xe1,

    /* U+004C "L" */
    0xff, 0xff, 0x50, 0x0, 0x0, 0x0, 0x0, 0x0,
    0xff, 0xff, 0x50, 0x0, 0x0, 0x0, 0x0, 0x0,
    0xff, 0xff, 0x50, 0x0, 0x0, 0x0, 0x0, 0x0,
    0xff, 0xff, 0x50, 0x0, 0x0, 0x0, 0x0, 0x0,
    0xff, 0xff, 0x50, 0x0, 0x0, 0x0, 0x0, 0x0,
    0xff, 0xff, 0x50, 0x0, 0x0, 0x0, 0x0, 0x0,
    0xff, 0xff, 0x50, 0x0, 0x0, 0x0, 0x0, 0x0,
    0xff, 0xff, 0x50, 0x0, 0x0, 0x0, 0x0, 0x0,
    0xff, 0xff, 0x50, 0x0, 0x0, 0x0, 0x0, 0x0,
    0xff, 0xff, 0x50, 0x0, 0x0, 0x0, 0x0, 0x0,
    0xff, 0xff, 0x50, 0x0, 0x0, 0x0, 0x0, 0x0,
    0xff, 0xff, 0x50, 0x0, 0x0, 0x0, 0x0, 0x0,
    0xff, 0xff, 0x50, 0x0, 0x0, 0x0, 0x0, 0x0,
    0xff, 0xff, 0x50, 0x0, 0x0, 0x0, 0x0, 0x0,
    0xff, 0xff, 0x50, 0x0, 0x0, 0x0, 0x0, 0x0,
    0xff, 0xff, 0x50, 0x0, 0x0, 0x0, 0x0, 0x0,
    0xff, 0xff, 0x85, 0x55, 0x55, 0x55, 0x55, 0x52,
    0xff, 0xff, 0xff, 0xff, 0xff, 0xff, 0xff, 0xf6,
    0xff, 0xff, 0xff, 0xff, 0xff, 0xff, 0xff, 0xf6,
    0xff, 0xff, 0xff, 0xff, 0xff, 0xff, 0xff, 0xf6,

    /* U+004D "M" */
    0xff, 0xff, 0xfe, 0x0, 0x0, 0x0, 0x0, 0xe,
    0xff, 0xff, 0xff, 0xff, 0xff, 0xf4, 0x0, 0x0,
    0x0, 0x4, 0xff, 0xff, 0xff, 0xff, 0xff, 0xff,
    0x90, 0x0, 0x0, 0x0, 0x9f, 0xff, 0xff, 0xff,
    0xff, 0xff, 0xfe, 0x0, 0x0, 0x0, 0xe, 0xff,
    0xff, 0xff, 0xff, 0xfc, 0xff, 0xf4, 0x0, 0x0,
    0x3, 0xff, 0xfc, 0xff, 0xff, 0xff, 0xcb, 0xff,
    0x90, 0x0, 0x0, 0x8f, 0xfb, 0xcf, 0xff, 0xff,
    0xfc, 0x7f, 0xfe, 0x0, 0x0, 0xd, 0xff, 0x7d,
    0xff, 0xff, 0xff, 0xd2, 0xff, 0xf4, 0x0, 0x3,
    0xff, 0xf2, 0xdf, 0xff, 0xff, 0xfd, 0xd, 0xff,
    0x90, 0x0, 0x8f, 0xfd, 0xd, 0xff, 0xff, 0xff,
    0xd0, 0x8f, 0xfe, 0x0, 0xd, 0xff, 0x80, 0xdf,
    0xff, 0xff, 0xfd, 0x3, 0xff, 0xf4, 0x2, 0xff,
    0xf3, 0xd, 0xff, 0xff, 0xff, 0xd0, 0xe, 0xff,
    0x90, 0x7f, 0xfd, 0x0, 0xdf, 0xff, 0xff, 0xfd,
    0x0, 0x8f, 0xfd, 0xc, 0xff, 0x80, 0xd, 0xff,
    0xff, 0xff, 0xd0, 0x3, 0xff, 0xf3, 0xff, 0xf3,
    0x0, 0xdf, 0xff, 0xff, 0xfd, 0x0, 0xe, 0xff,
    0xbf, 0xfd, 0x0, 0xd, 0xff, 0xff, 0xff, 0xd0,
    0x0, 0x8f, 0xff, 0xff, 0x80, 0x0, 0xdf, 0xff,
    0xff, 0xfd, 0x0, 0x3, 0xff, 0xff, 0xf3, 0x0,
    0xd, 0xff, 0xff, 0xff, 0xd0, 0x0, 0xe, 0xff,
    0xfd, 0x0, 0x0, 0xdf, 0xff, 0xff, 0xfd, 0x0,
    0x0, 0x8f, 0xff, 0x80, 0x0, 0xd, 0xff, 0xff,
    0xff, 0xd0, 0x0, 0x3, 0xff, 0xf3, 0x0, 0x0,
    0xdf, 0xff,

    /* U+004E "N" */
    0xff, 0xff, 0xf3, 0x0, 0x0, 0x0, 0x3, 0xff,
    0xfa, 0xff, 0xff, 0xfc, 0x0, 0x0, 0x0, 0x3,
    0xff, 0xfa, 0xff, 0xff, 0xff, 0x60, 0x0, 0x0,
    0x3, 0xff, 0xfa, 0xff, 0xff, 0xff, 0xe1, 0x0,
    0x0, 0x3, 0xff, 0xfa, 0xff, 0xff, 0xff, 0xf9,
    0x0, 0x0, 0x3, 0xff, 0xfa, 0xff, 0xfb, 0xdf,
    0xff, 0x20, 0x0, 0x3, 0xff, 0xfa, 0xff, 0xfc,
    0x4f, 0xff, 0xc0, 0x0, 0x3, 0xff, 0xfa, 0xff,
    0xfd, 0xb, 0xff, 0xf5, 0x0, 0x3, 0xff, 0xfa,
    0xff, 0xfd, 0x2, 0xff, 0xfe, 0x0, 0x3, 0xff,
    0xfa, 0xff, 0xfd, 0x0, 0x8f, 0xff, 0x80, 0x3,
    0xff, 0xfa, 0xff, 0xfd, 0x0, 0xe, 0xff, 0xf2,
    0x3, 0xff, 0xfa, 0xff, 0xfd, 0x0, 0x6, 0xff,
    0xfb, 0x2, 0xff, 0xfa, 0xff, 0xfd, 0x0, 0x0,
    0xcf, 0xff, 0x42, 0xff, 0xfa, 0xff, 0xfd, 0x0,
    0x0, 0x3f, 0xff, 0xd2, 0xff, 0xfa, 0xff, 0xfd,
    0x0, 0x0, 0xa, 0xff, 0xf7, 0xff, 0xfa, 0xff,
    0xfd, 0x0, 0x0, 0x1, 0xff, 0xff, 0xff, 0xfa,
    0xff, 0xfd, 0x0, 0x0, 0x0, 0x7f, 0xff, 0xff,
    0xfa, 0xff, 0xfd, 0x0, 0x0, 0x0, 0xd, 0xff,
    0xff, 0xfa, 0xff, 0xfd, 0x0, 0x0, 0x0, 0x4,
    0xff, 0xff, 0xfa, 0xff, 0xfd, 0x0, 0x0, 0x0,
    0x0, 0xbf, 0xff, 0xfa,

    /* U+004F "O" */
    0x0, 0x0, 0x0, 0x6a, 0xde, 0xfe, 0xdb, 0x71,
    0x0, 0x0, 0x0, 0x0, 0x0, 0x7e, 0xff, 0xff,
    0xff, 0xff, 0xff, 0xa1, 0x0, 0x0, 0x0, 0x1c,
    0xff, 0xff, 0xff, 0xff, 0xff, 0xff, 0xfe, 0x30,
    0x0, 0x0, 0xbf, 0xff, 0xff, 0xb7, 0x67, 0xae,
    0xff, 0xff, 0xe1, 0x0, 0x7, 0xff, 0xff, 0xc2,
    0x0, 0x0, 0x0, 0x9f, 0xff, 0xfb, 0x0, 0xe,
    0xff, 0xfd, 0x0, 0x0, 0x0, 0x0, 0xa, 0xff,
    0xff, 0x30, 0x4f, 0xff, 0xf4, 0x0, 0x0, 0x0,
    0x0, 0x1, 0xff, 0xff, 0x90, 0x8f, 0xff, 0xe0,
    0x0, 0x0, 0x0, 0x0, 0x0, 0xaf, 0xff, 0xd0,
    0xaf, 0xff, 0xb0, 0x0, 0x0, 0x0, 0x0, 0x0,
    0x7f, 0xff, 0xf0, 0xbf, 0xff, 0x90, 0x0, 0x0,
    0x0, 0x0, 0x0, 0x5f, 0xff, 0xf0, 0xbf, 0xff,
    0x90, 0x0, 0x0, 0x0, 0x0, 0x0, 0x5f, 0xff,
    0xf0, 0xaf, 0xff, 0xb0, 0x0, 0x0, 0x0, 0x0,
    0x0, 0x7f, 0xff, 0xf0, 0x7f, 0xff, 0xe0, 0x0,
    0x0, 0x0, 0x0, 0x0, 0xaf, 0xff, 0xc0, 0x3f,
    0xff, 0xf5, 0x0, 0x0, 0x0, 0x0, 0x1, 0xff,
    0xff, 0x80, 0xd, 0xff, 0xfe, 0x10, 0x0, 0x0,
    0x0, 0xa, 0xff, 0xff, 0x20, 0x6, 0xff, 0xff,
    0xd2, 0x0, 0x0, 0x0, 0x9f, 0xff, 0xfa, 0x0,
    0x0, 0xaf, 0xff, 0xff, 0xb7, 0x67, 0xae, 0xff,
    0xff, 0xd1, 0x0, 0x0, 0xb, 0xff, 0xff, 0xff,
    0xff, 0xff, 0xff, 0xfd, 0x20, 0x0, 0x0, 0x0,
    0x7e, 0xff, 0xff, 0xff, 0xff, 0xff, 0x90, 0x0,
    0x0, 0x0, 0x0, 0x0, 0x5a, 0xde, 0xff, 0xdb,
    0x61, 0x0, 0x0, 0x0,

    /* U+0050 "P" */
    0xff, 0xff, 0xff, 0xff, 0xff, 0xec, 0x93, 0x0,
    0xf, 0xff, 0xff, 0xff, 0xff, 0xff, 0xff, 0xfa,
    0x0, 0xff, 0xff, 0xff, 0xff, 0xff, 0xff, 0xff,
    0xfb, 0xf, 0xff, 0xf8, 0x55, 0x55, 0x68, 0xff,
    0xff, 0xf6, 0xff, 0xff, 0x50, 0x0, 0x0, 0x1,
    0xef, 0xff, 0xbf, 0xff, 0xf5, 0x0, 0x0, 0x0,
    0x8, 0xff, 0xfe, 0xff, 0xff, 0x50, 0x0, 0x0,
    0x0, 0x6f, 0xff, 0xff, 0xff, 0xf5, 0x0, 0x0,
    0x0, 0x8, 0xff, 0xfd, 0xff, 0xff, 0x50, 0x0,
    0x0, 0x2, 0xff, 0xff, 0x9f, 0xff, 0xf8, 0x44,
    0x44, 0x68, 0xff, 0xff, 0xf3, 0xff, 0xff, 0xff,
    0xff, 0xff, 0xff, 0xff, 0xf8, 0xf, 0xff, 0xff,
    0xff, 0xff, 0xff, 0xff, 0xf7, 0x0, 0xff, 0xff,
    0xff, 0xff, 0xff, 0xec, 0x82, 0x0, 0xf, 0xff,
    0xf5, 0x0, 0x0, 0x0, 0x0, 0x0, 0x0, 0xff,
    0xff, 0x50, 0x0, 0x0, 0x0, 0x0, 0x0, 0xf,
    0xff, 0xf5, 0x0, 0x0, 0x0, 0x0, 0x0, 0x0,
    0xff, 0xff, 0x50, 0x0, 0x0, 0x0, 0x0, 0x0,
    0xf, 0xff, 0xf5, 0x0, 0x0, 0x0, 0x0, 0x0,
    0x0, 0xff, 0xff, 0x50, 0x0, 0x0, 0x0, 0x0,
    0x0, 0xf, 0xff, 0xf5, 0x0, 0x0, 0x0, 0x0,
    0x0, 0x0,

    /* U+0051 "Q" */
    0x0, 0x0, 0x0, 0x59, 0xde, 0xfe, 0xdb, 0x71,
    0x0, 0x0, 0x0, 0x0, 0x0, 0x7e, 0xff, 0xff,
    0xff, 0xff, 0xff, 0x90, 0x0, 0x0, 0x0, 0xb,
    0xff, 0xff, 0xff, 0xff, 0xff, 0xff, 0xfd, 0x20,
    0x0, 0x0, 0xaf, 0xff, 0xff, 0xb7, 0x67, 0xaf,
    0xff, 0xff, 0xd1, 0x0, 0x5, 0xff, 0xff, 0xc2,
    0x0, 0x0, 0x1, 0xaf, 0xff, 0xfa, 0x0, 0xd,
    0xff, 0xfd, 0x0, 0x0, 0x0, 0x0, 0xb, 0xff,
    0xff, 0x20, 0x3f, 0xff, 0xf5, 0x0, 0x0, 0x0,
    0x0, 0x1, 0xff, 0xff, 0x80, 0x7f, 0xff, 0xe0,
    0x0, 0x0, 0x0, 0x0, 0x0, 0xbf, 0xff, 0xc0,
    0xaf, 0xff, 0xb0, 0x0, 0x0, 0x0, 0x0, 0x0,
    0x7f, 0xff, 0xf0, 0xbf, 0xff, 0x90, 0x0, 0x0,
    0x0, 0x0, 0x0, 0x6f, 0xff, 0xf0, 0xbf, 0xff,
    0x90, 0x0, 0x0, 0x0, 0x0, 0x0, 0x5f, 0xff,
    0xf0, 0xaf, 0xff, 0xa0, 0x0, 0x0, 0x0, 0x0,
    0x0, 0x6f, 0xff, 0xf0, 0x9f, 0xff, 0xd0, 0x0,
    0x0, 0x0, 0x0, 0x0, 0x9f, 0xff, 0xd0, 0x5f,
    0xff, 0xf2, 0x0, 0x0, 0x0, 0x0, 0x0, 0xdf,
    0xff, 0xa0, 0x1f, 0xff, 0xf9, 0x0, 0x0, 0x0,
    0x0, 0x4, 0xff, 0xff, 0x40, 0xa, 0xff, 0xff,
    0x50, 0x0, 0x0, 0x0, 0x2e, 0xff, 0xfd, 0x0,
    0x1, 0xef, 0xff, 0xf8, 0x10, 0x0, 0x6, 0xef,
    0xff, 0xf3, 0x0, 0x0, 0x4f, 0xff, 0xff, 0xfd,
    0xcd, 0xff, 0xff, 0xff, 0x60, 0x0, 0x0, 0x4,
    0xef, 0xff, 0xff, 0xff, 0xff, 0xff, 0xf5, 0x0,
    0x0, 0x0, 0x0, 0x8, 0xef, 0xff, 0xff, 0xff,
    0xd8, 0x10, 0x0, 0x0, 0x0, 0x0, 0x0, 0x2,
    0x5e, 0xff, 0xfa, 0x0, 0x0, 0x0, 0x0, 0x0,
    0x0, 0x0, 0x0, 0x9, 0xff, 0xff, 0x30, 0x0,
    0x0, 0x0, 0x0, 0x0, 0x0, 0x0, 0x2, 0xff,
    0xff, 0xe8, 0x43, 0x40, 0x0, 0x0, 0x0, 0x0,
    0x0, 0x0, 0x8f, 0xff, 0xff, 0xff, 0xf0, 0x0,
    0x0, 0x0, 0x0, 0x0, 0x0, 0xa, 0xff, 0xff,
    0xff, 0xf0, 0x0, 0x0, 0x0, 0x0, 0x0, 0x0,
    0x0, 0x4b, 0xef, 0xfd, 0xb0, 0x0,

    /* U+0052 "R" */
    0xff, 0xff, 0xff, 0xff, 0xff, 0xfe, 0xd9, 0x40,
    0x0, 0x0, 0xff, 0xff, 0xff, 0xff, 0xff, 0xff,
    0xff, 0xfc, 0x10, 0x0, 0xff, 0xff, 0xff, 0xff,
    0xff, 0xff, 0xff, 0xff, 0xe1, 0x0, 0xff, 0xff,
    0x85, 0x55, 0x55, 0x68, 0xef, 0xff, 0xf8, 0x0,
    0xff, 0xff, 0x50, 0x0, 0x0, 0x0, 0xd, 0xff,
    0xfd, 0x0, 0xff, 0xff, 0x50, 0x0, 0x0, 0x0,
    0x7, 0xff, 0xff, 0x0, 0xff, 0xff, 0x50, 0x0,
    0x0, 0x0, 0x6, 0xff, 0xff, 0x0, 0xff, 0xff,
    0x50, 0x0, 0x0, 0x0, 0xb, 0xff, 0xfc, 0x0,
    0xff, 0xff, 0x50, 0x0, 0x0, 0x3, 0xaf, 0xff,
    0xf6, 0x0, 0xff, 0xff, 0xff, 0xff, 0xff, 0xff,
    0xff, 0xff, 0xb0, 0x0, 0xff, 0xff, 0xff, 0xff,
    0xff, 0xff, 0xff, 0xfa, 0x0, 0x0, 0xff, 0xff,
    0xff, 0xff, 0xff, 0xff, 0xfc, 0x20, 0x0, 0x0,
    0xff, 0xff, 0x85, 0x55, 0x59, 0xff, 0xff, 0x20,
    0x0, 0x0, 0xff, 0xff, 0x50, 0x0, 0x0, 0xdf,
    0xff, 0xc0, 0x0, 0x0, 0xff, 0xff, 0x50, 0x0,
    0x0, 0x4f, 0xff, 0xf6, 0x0, 0x0, 0xff, 0xff,
    0x50, 0x0, 0x0, 0xa, 0xff, 0xff, 0x20, 0x0,
    0xff, 0xff, 0x50, 0x0, 0x0, 0x1, 0xef, 0xff,
    0xb0, 0x0, 0xff, 0xff, 0x50, 0x0, 0x0, 0x0,
    0x6f, 0xff, 0xf6, 0x0, 0xff, 0xff, 0x50, 0x0,
    0x0, 0x0, 0xb, 0xff, 0xff, 0x10, 0xff, 0xff,
    0x50, 0x0, 0x0, 0x0, 0x2, 0xff, 0xff, 0xb0,

    /* U+0053 "S" */
    0x0, 0x0, 0x5, 0xac, 0xef, 0xfe, 0xda, 0x60,
    0x0, 0x0, 0x0, 0x4e, 0xff, 0xff, 0xff, 0xff,
    0xff, 0xe5, 0x0, 0x0, 0x3f, 0xff, 0xff, 0xff,
    0xff, 0xff, 0xff, 0xf3, 0x0, 0xc, 0xff, 0xfe,
    0x72, 0x11, 0x38, 0xff, 0xff, 0xc0, 0x1, 0xff,
    0xff, 0x40, 0x0, 0x0, 0x6, 0xff, 0xff, 0x20,
    0x2f, 0xff, 0xf1, 0x0, 0x0, 0x0, 0x7, 0x53,
    0x10, 0x0, 0xff, 0xff, 0x70, 0x0, 0x0, 0x0,
    0x0, 0x0, 0x0, 0xb, 0xff, 0xff, 0xb5, 0x10,
    0x0, 0x0, 0x0, 0x0, 0x0, 0x2e, 0xff, 0xff,
    0xff, 0xeb, 0x73, 0x0, 0x0, 0x0, 0x0, 0x2b,
    0xff, 0xff, 0xff, 0xff, 0xfe, 0x91, 0x0, 0x0,
    0x0, 0x2, 0x8c, 0xff, 0xff, 0xff, 0xff, 0xf5,
    0x0, 0x0, 0x0, 0x0, 0x0, 0x36, 0xae, 0xff,
    0xff, 0xf2, 0x0, 0x0, 0x0, 0x0, 0x0, 0x0,
    0x6, 0xff, 0xff, 0x90, 0x0, 0x0, 0x0, 0x0,
    0x0, 0x0, 0x8, 0xff, 0xfc, 0x8, 0xbd, 0xf5,
    0x0, 0x0, 0x0, 0x0, 0x6f, 0xff, 0xc0, 0xdf,
    0xff, 0xd2, 0x0, 0x0, 0x0, 0xc, 0xff, 0xfa,
    0x5, 0xff, 0xff, 0xf9, 0x54, 0x34, 0x7d, 0xff,
    0xff, 0x50, 0x9, 0xff, 0xff, 0xff, 0xff, 0xff,
    0xff, 0xff, 0xa0, 0x0, 0x6, 0xff, 0xff, 0xff,
    0xff, 0xff, 0xff, 0x80, 0x0, 0x0, 0x0, 0x6a,
    0xde, 0xff, 0xed, 0xa6, 0x10, 0x0,

    /* U+0054 "T" */
    0xaf, 0xff, 0xff, 0xff, 0xff, 0xff, 0xff, 0xff,
    0xff, 0xaf, 0xff, 0xff, 0xff, 0xff, 0xff, 0xff,
    0xff, 0xff, 0xaf, 0xff, 0xff, 0xff, 0xff, 0xff,
    0xff, 0xff, 0xff, 0x34, 0x44, 0x44, 0x4f, 0xff,
    0xf8, 0x44, 0x44, 0x44, 0x0, 0x0, 0x0, 0xf,
    0xff, 0xf5, 0x0, 0x0, 0x0, 0x0, 0x0, 0x0,
    0xf, 0xff, 0xf5, 0x0, 0x0, 0x0, 0x0, 0x0,
    0x0, 0xf, 0xff, 0xf5, 0x0, 0x0, 0x0, 0x0,
    0x0, 0x0, 0xf, 0xff, 0xf5, 0x0, 0x0, 0x0,
    0x0, 0x0, 0x0, 0xf, 0xff, 0xf5, 0x0, 0x0,
    0x0, 0x0, 0x0, 0x0, 0xf, 0xff, 0xf5, 0x0,
    0x0, 0x0, 0x0, 0x0, 0x0, 0xf, 0xff, 0xf5,
    0x0, 0x0, 0x0, 0x0, 0x0, 0x0, 0xf, 0xff,
    0xf5, 0x0, 0x0, 0x0, 0x0, 0x0, 0x0, 0xf,
    0xff, 0xf5, 0x0, 0x0, 0x0, 0x0, 0x0, 0x0,
    0xf, 0xff, 0xf5, 0x0, 0x0, 0x0, 0x0, 0x0,
    0x0, 0xf, 0xff, 0xf5, 0x0, 0x0, 0x0, 0x0,
    0x0, 0x0, 0xf, 0xff, 0xf5, 0x0, 0x0, 0x0,
    0x0, 0x0, 0x0, 0xf, 0xff, 0xf5, 0x0, 0x0,
    0x0, 0x0, 0x0, 0x0, 0xf, 0xff, 0xf5, 0x0,
    0x0, 0x0, 0x0, 0x0, 0x0, 0xf, 0xff, 0xf5,
    0x0, 0x0, 0x0, 0x0, 0x0, 0x0, 0xf, 0xff,
    0xf5, 0x0, 0x0, 0x0,

    /* U+0055 "U" */
    0x3f, 0xff, 0xf2, 0x0, 0x0, 0x0, 0x0, 0x7f,
    0xff, 0xd3, 0xff, 0xff, 0x20, 0x0, 0x0, 0x0,
    0x7, 0xff, 0xfd, 0x3f, 0xff, 0xf2, 0x0, 0x0,
    0x0, 0x0, 0x7f, 0xff, 0xd3, 0xff, 0xff, 0x20,
    0x0, 0x0, 0x0, 0x7, 0xff, 0xfd, 0x3f, 0xff,
    0xf2, 0x0, 0x0, 0x0, 0x0, 0x7f, 0xff, 0xd3,
    0xff, 0xff, 0x20, 0x0, 0x0, 0x0, 0x7, 0xff,
    0xfd, 0x3f, 0xff, 0xf2, 0x0, 0x0, 0x0, 0x0,
    0x7f, 0xff, 0xd3, 0xff, 0xff, 0x20, 0x0, 0x0,
    0x0, 0x7, 0xff, 0xfd, 0x3f, 0xff, 0xf2, 0x0,
    0x0, 0x0, 0x0, 0x7f, 0xff, 0xd3, 0xff, 0xff,
    0x20, 0x0, 0x0, 0x0, 0x7, 0xff, 0xfd, 0x3f,
    0xff, 0xf2, 0x0, 0x0, 0x0, 0x0, 0x7f, 0xff,
    0xd3, 0xff, 0xff, 0x20, 0x0, 0x0, 0x0, 0x7,
    0xff, 0xfd, 0x2f, 0xff, 0xf2, 0x0, 0x0, 0x0,
    0x0, 0x8f, 0xff, 0xc1, 0xff, 0xff, 0x40, 0x0,
    0x0, 0x0, 0xb, 0xff, 0xfb, 0xe, 0xff, 0xfa,
    0x0, 0x0, 0x0, 0x2, 0xff, 0xff, 0x70, 0xaf,
    0xff, 0xf6, 0x0, 0x0, 0x1, 0xcf, 0xff, 0xf2,
    0x2, 0xff, 0xff, 0xfc, 0x76, 0x69, 0xff, 0xff,
    0xf9, 0x0, 0x6, 0xff, 0xff, 0xff, 0xff, 0xff,
    0xff, 0xfc, 0x0, 0x0, 0x5, 0xef, 0xff, 0xff,
    0xff, 0xff, 0xf8, 0x0, 0x0, 0x0, 0x0, 0x5a,
    0xde, 0xff, 0xdb, 0x71, 0x0, 0x0,

    /* U+0056 "V" */
    0x9f, 0xff, 0xe0, 0x0, 0x0, 0x0, 0x0, 0xd,
    0xff, 0xf9, 0x3f, 0xff, 0xf3, 0x0, 0x0, 0x0,
    0x0, 0x2f, 0xff, 0xf3, 0xd, 0xff, 0xf8, 0x0,
    0x0, 0x0, 0x0, 0x7f, 0xff, 0xd0, 0x7, 0xff,
    0xfd, 0x0, 0x0, 0x0, 0x0, 0xdf, 0xff, 0x70,
    0x1, 0xff, 0xff, 0x30, 0x0, 0x0, 0x2, 0xff,
    0xff, 0x10, 0x0, 0xbf, 0xff, 0x80, 0x0, 0x0,
    0x7, 0xff, 0xfb, 0x0, 0x0, 0x5f, 0xff, 0xd0,
    0x0, 0x0, 0xc, 0xff, 0xf5, 0x0, 0x0, 0xe,
    0xff, 0xf3, 0x0, 0x0, 0x2f, 0xff, 0xe0, 0x0,
    0x0, 0x8, 0xff, 0xf8, 0x0, 0x0, 0x7f, 0xff,
    0x90, 0x0, 0x0, 0x2, 0xff, 0xfd, 0x0, 0x0,
    0xcf, 0xff, 0x30, 0x0, 0x0, 0x0, 0xcf, 0xff,
    0x30, 0x1, 0xff, 0xfd, 0x0, 0x0, 0x0, 0x0,
    0x6f, 0xff, 0x80, 0x7, 0xff, 0xf7, 0x0, 0x0,
    0x0, 0x0, 0xf, 0xff, 0xd0, 0xc, 0xff, 0xf1,
    0x0, 0x0, 0x0, 0x0, 0xa, 0xff, 0xf2, 0x1f,
    0xff, 0xa0, 0x0, 0x0, 0x0, 0x0, 0x4, 0xff,
    0xf7, 0x6f, 0xff, 0x40, 0x0, 0x0, 0x0, 0x0,
    0x0, 0xdf, 0xfb, 0xaf, 0xfe, 0x0, 0x0, 0x0,
    0x0, 0x0, 0x0, 0x7f, 0xff, 0xef, 0xf8, 0x0,
    0x0, 0x0, 0x0, 0x0, 0x0, 0x1f, 0xff, 0xff,
    0xf2, 0x0, 0x0, 0x0, 0x0, 0x0, 0x0, 0xb,
    0xff, 0xff, 0xc0, 0x0, 0x0, 0x0, 0x0, 0x0,
    0x0, 0x5, 0xff, 0xff, 0x60, 0x0, 0x0, 0x0,

    /* U+0057 "W" */
    0xdf, 0xff, 0x80, 0x0, 0x0, 0x5, 0xff, 0xff,
    0xb0, 0x0, 0x0, 0x3, 0xff, 0xff, 0x29, 0xff,
    0xfc, 0x0, 0x0, 0x0, 0x9f, 0xff, 0xff, 0x0,
    0x0, 0x0, 0x6f, 0xff, 0xe0, 0x4f, 0xff, 0xf0,
    0x0, 0x0, 0xc, 0xff, 0xff, 0xf3, 0x0, 0x0,
    0xa, 0xff, 0xf9, 0x0, 0xff, 0xff, 0x30, 0x0,
    0x0, 0xff, 0xff, 0xff, 0x70, 0x0, 0x0, 0xef,
    0xff, 0x50, 0xc, 0xff, 0xf7, 0x0, 0x0, 0x4f,
    0xff, 0xdf, 0xfb, 0x0, 0x0, 0x1f, 0xff, 0xf1,
    0x0, 0x8f, 0xff, 0xa0, 0x0, 0x8, 0xff, 0xe8,
    0xff, 0xf0, 0x0, 0x5, 0xff, 0xfd, 0x0, 0x3,
    0xff, 0xfe, 0x0, 0x0, 0xcf, 0xfb, 0x5f, 0xff,
    0x30, 0x0, 0x8f, 0xff, 0x80, 0x0, 0xf, 0xff,
    0xf2, 0x0, 0xf, 0xff, 0x72, 0xff, 0xf7, 0x0,
    0xc, 0xff, 0xf4, 0x0, 0x0, 0xbf, 0xff, 0x50,
    0x3, 0xff, 0xf3, 0xf, 0xff, 0xb0, 0x0, 0xff,
    0xff, 0x0, 0x0, 0x7, 0xff, 0xf9, 0x0, 0x7f,
    0xff, 0x0, 0xbf, 0xff, 0x0, 0x3f, 0xff, 0xb0,
    0x0, 0x0, 0x2f, 0xff, 0xd0, 0xb, 0xff, 0xc0,
    0x7, 0xff, 0xf3, 0x7, 0xff, 0xf7, 0x0, 0x0,
    0x0, 0xef, 0xff, 0x10, 0xff, 0xf8, 0x0, 0x3f,
    0xff, 0x60, 0xaf, 0xff, 0x30, 0x0, 0x0, 0xa,
    0xff, 0xf4, 0x2f, 0xff, 0x40, 0x0, 0xff, 0xfa,
    0xe, 0xff, 0xf0, 0x0, 0x0, 0x0, 0x6f, 0xff,
    0x86, 0xff, 0xf0, 0x0, 0xb, 0xff, 0xd2, 0xff,
    0xfa, 0x0, 0x0, 0x0, 0x1, 0xff, 0xfb, 0x9f,
    0xfc, 0x0, 0x0, 0x8f, 0xff, 0x6f, 0xff, 0x60,
    0x0, 0x0, 0x0, 0xd, 0xff, 0xfd, 0xff, 0x80,
    0x0, 0x4, 0xff, 0xfc, 0xff, 0xf2, 0x0, 0x0,
    0x0, 0x0, 0x9f, 0xff, 0xff, 0xf4, 0x0, 0x0,
    0xf, 0xff, 0xff, 0xfe, 0x0, 0x0, 0x0, 0x0,
    0x5, 0xff, 0xff, 0xff, 0x10, 0x0, 0x0, 0xcf,
    0xff, 0xff, 0x90, 0x0, 0x0, 0x0, 0x0, 0x1f,
    0xff, 0xff, 0xd0, 0x0, 0x0, 0x8, 0xff, 0xff,
    0xf5, 0x0, 0x0, 0x0, 0x0, 0x0, 0xcf, 0xff,
    0xf9, 0x0, 0x0, 0x0, 0x4f, 0xff, 0xff, 0x10,
    0x0, 0x0,

    /* U+0058 "X" */
    0xc, 0xff, 0xfc, 0x0, 0x0, 0x0, 0x0, 0xbf,
    0xff, 0xc0, 0x2, 0xff, 0xff, 0x60, 0x0, 0x0,
    0x5, 0xff, 0xff, 0x20, 0x0, 0x6f, 0xff, 0xf1,
    0x0, 0x0, 0x1e, 0xff, 0xf7, 0x0, 0x0, 0xb,
    0xff, 0xfb, 0x0, 0x0, 0xaf, 0xff, 0xc0, 0x0,
    0x0, 0x1, 0xef, 0xff, 0x50, 0x5, 0xff, 0xff,
    0x30, 0x0, 0x0, 0x0, 0x5f, 0xff, 0xe1, 0x1e,
    0xff, 0xf8, 0x0, 0x0, 0x0, 0x0, 0xa, 0xff,
    0xfa, 0x9f, 0xff, 0xd0, 0x0, 0x0, 0x0, 0x0,
    0x1, 0xef, 0xff, 0xff, 0xff, 0x30, 0x0, 0x0,
    0x0, 0x0, 0x0, 0x4f, 0xff, 0xff, 0xf8, 0x0,
    0x0, 0x0, 0x0, 0x0, 0x0, 0xc, 0xff, 0xff,
    0xf1, 0x0, 0x0, 0x0, 0x0, 0x0, 0x0, 0x4f,
    0xff, 0xff, 0xf8, 0x0, 0x0, 0x0, 0x0, 0x0,
    0x1, 0xef, 0xff, 0xff, 0xff, 0x30, 0x0, 0x0,
    0x0, 0x0, 0xa, 0xff, 0xfb, 0xaf, 0xff, 0xd0,
    0x0, 0x0, 0x0, 0x0, 0x5f, 0xff, 0xf1, 0x1e,
    0xff, 0xf7, 0x0, 0x0, 0x0, 0x1, 0xef, 0xff,
    0x60, 0x6, 0xff, 0xff, 0x20, 0x0, 0x0, 0xa,
    0xff, 0xfc, 0x0, 0x0, 0xbf, 0xff, 0xc0, 0x0,
    0x0, 0x5f, 0xff, 0xf2, 0x0, 0x0, 0x1f, 0xff,
    0xf7, 0x0, 0x1, 0xef, 0xff, 0x70, 0x0, 0x0,
    0x6, 0xff, 0xff, 0x20, 0xb, 0xff, 0xfc, 0x0,
    0x0, 0x0, 0x0, 0xcf, 0xff, 0xc0, 0x6f, 0xff,
    0xf2, 0x0, 0x0, 0x0, 0x0, 0x2f, 0xff, 0xf6,

    /* U+0059 "Y" */
    0x3f, 0xff, 0xf5, 0x0, 0x0, 0x0, 0x0, 0x4f,
    0xff, 0xf3, 0x8, 0xff, 0xfe, 0x0, 0x0, 0x0,
    0x0, 0xdf, 0xff, 0x90, 0x0, 0xef, 0xff, 0x80,
    0x0, 0x0, 0x7, 0xff, 0xfe, 0x10, 0x0, 0x4f,
    0xff, 0xf1, 0x0, 0x0, 0x1f, 0xff, 0xf5, 0x0,
    0x0, 0xa, 0xff, 0xfa, 0x0, 0x0, 0xaf, 0xff,
    0xb0, 0x0, 0x0, 0x1, 0xff, 0xff, 0x40, 0x4,
    0xff, 0xff, 0x20, 0x0, 0x0, 0x0, 0x7f, 0xff,
    0xd0, 0xd, 0xff, 0xf7, 0x0, 0x0, 0x0, 0x0,
    0xc, 0xff, 0xf6, 0x7f, 0xff, 0xd0, 0x0, 0x0,
    0x0, 0x0, 0x3, 0xff, 0xfe, 0xff, 0xff, 0x30,
    0x0, 0x0, 0x0, 0x0, 0x0, 0x9f, 0xff, 0xff,
    0xf9, 0x0, 0x0, 0x0, 0x0, 0x0, 0x0, 0xe,
    0xff, 0xff, 0xe1, 0x0, 0x0, 0x0, 0x0, 0x0,
    0x0, 0x5, 0xff, 0xff, 0x50, 0x0, 0x0, 0x0,
    0x0, 0x0, 0x0, 0x2, 0xff, 0xff, 0x20, 0x0,
    0x0, 0x0, 0x0, 0x0, 0x0, 0x2, 0xff, 0xff,
    0x20, 0x0, 0x0, 0x0, 0x0, 0x0, 0x0, 0x2,
    0xff, 0xff, 0x20, 0x0, 0x0, 0x0, 0x0, 0x0,
    0x0, 0x2, 0xff, 0xff, 0x20, 0x0, 0x0, 0x0,
    0x0, 0x0, 0x0, 0x2, 0xff, 0xff, 0x20, 0x0,
    0x0, 0x0, 0x0, 0x0, 0x0, 0x2, 0xff, 0xff,
    0x20, 0x0, 0x0, 0x0, 0x0, 0x0, 0x0, 0x2,
    0xff, 0xff, 0x20, 0x0, 0x0, 0x0, 0x0, 0x0,
    0x0, 0x2, 0xff, 0xff, 0x20, 0x0, 0x0, 0x0,

    /* U+005A "Z" */
    0x0, 0xff, 0xff, 0xff, 0xff, 0xff, 0xff, 0xff,
    0xd0, 0x0, 0xff, 0xff, 0xff, 0xff, 0xff, 0xff,
    0xff, 0xd0, 0x0, 0xff, 0xff, 0xff, 0xff, 0xff,
    0xff, 0xff, 0xd0, 0x0, 0x55, 0x55, 0x55, 0x55,
    0x57, 0xff, 0xff, 0x60, 0x0, 0x0, 0x0, 0x0,
    0x0, 0xd, 0xff, 0xf9, 0x0, 0x0, 0x0, 0x0,
    0x0, 0x0, 0xbf, 0xff, 0xc0, 0x0, 0x0, 0x0,
    0x0, 0x0, 0x8, 0xff, 0xfe, 0x10, 0x0, 0x0,
    0x0, 0x0, 0x0, 0x5f, 0xff, 0xf3, 0x0, 0x0,
    0x0, 0x0, 0x0, 0x3, 0xff, 0xff, 0x50, 0x0,
    0x0, 0x0, 0x0, 0x0, 0x1e, 0xff, 0xf8, 0x0,
    0x0, 0x0, 0x0, 0x0, 0x0, 0xcf, 0xff, 0xb0,
    0x0, 0x0, 0x0, 0x0, 0x0, 0xa, 0xff, 0xfd,
    0x0, 0x0, 0x0, 0x0, 0x0, 0x0, 0x7f, 0xff,
    0xe2, 0x0, 0x0, 0x0, 0x0, 0x0, 0x4, 0xff,
    0xff, 0x40, 0x0, 0x0, 0x0, 0x0, 0x0, 0x2f,
    0xff, 0xf7, 0x0, 0x0, 0x0, 0x0, 0x0, 0x1,
    0xdf, 0xff, 0xa0, 0x0, 0x0, 0x0, 0x0, 0x0,
    0xb, 0xff, 0xff, 0x65, 0x55, 0x55, 0x55, 0x55,
    0x52, 0x1f, 0xff, 0xff, 0xff, 0xff, 0xff, 0xff,
    0xff, 0xf7, 0x1f, 0xff, 0xff, 0xff, 0xff, 0xff,
    0xff, 0xff, 0xf7, 0x1f, 0xff, 0xff, 0xff, 0xff,
    0xff, 0xff, 0xff, 0xf7,

    /* U+005B "[" */
    0x5f, 0xff, 0xff, 0xff, 0xa5, 0xff, 0xff, 0xff,
    0xfa, 0x5f, 0xff, 0xec, 0xcc, 0x75, 0xff, 0xf9,
    0x0, 0x0, 0x5f, 0xff, 0x90, 0x0, 0x5, 0xff,
    0xf9, 0x0, 0x0, 0x5f, 0xff, 0x90, 0x0, 0x5,
    0xff, 0xf9, 0x0, 0x0, 0x5f, 0xff, 0x90, 0x0,
    0x5, 0xff, 0xf9, 0x0, 0x0, 0x5f, 0xff, 0x90,
    0x0, 0x5, 0xff, 0xf9, 0x0, 0x0, 0x5f, 0xff,
    0x90, 0x0, 0x5, 0xff, 0xf9, 0x0, 0x0, 0x5f,
    0xff, 0x90, 0x0, 0x5, 0xff, 0xf9, 0x0, 0x0,
    0x5f, 0xff, 0x90, 0x0, 0x5, 0xff, 0xf9, 0x0,
    0x0, 0x5f, 0xff, 0x90, 0x0, 0x5, 0xff, 0xf9,
    0x0, 0x0, 0x5f, 0xff, 0x90, 0x0, 0x5, 0xff,
    0xf9, 0x0, 0x0, 0x5f, 0xff, 0x90, 0x0, 0x5,
    0xff, 0xf9, 0x0, 0x0, 0x5f, 0xff, 0x90, 0x0,
    0x5, 0xff, 0xfe, 0xcc, 0xc7, 0x5f, 0xff, 0xff,
    0xff, 0xa5, 0xff, 0xff, 0xff, 0xfa,

    /* U+005C "\\" */
    0x9f, 0xfe, 0x0, 0x0, 0x6, 0xff, 0xf1, 0x0,
    0x0, 0x3f, 0xff, 0x40, 0x0, 0x0, 0xff, 0xf7,
    0x0, 0x0, 0xd, 0xff, 0xa0, 0x0, 0x0, 0xaf,
    0xfd, 0x0, 0x0, 0x7, 0xff, 0xf0, 0x0, 0x0,
    0x4f, 0xff, 0x40, 0x0, 0x1, 0xff, 0xf7, 0x0,
    0x0, 0xe, 0xff, 0xa0, 0x0, 0x0, 0xbf, 0xfd,
    0x0, 0x0, 0x8, 0xff, 0xf0, 0x0, 0x0, 0x4f,
    0xff, 0x30, 0x0, 0x1, 0xff, 0xf6, 0x0, 0x0,
    0xe, 0xff, 0x90, 0x0, 0x0, 0xbf, 0xfc, 0x0,
    0x0, 0x8, 0xff, 0xf0, 0x0, 0x0, 0x5f, 0xff,
    0x30, 0x0, 0x2, 0xff, 0xf6, 0x0, 0x0, 0xf,
    0xff, 0x90, 0x0, 0x0, 0xcf, 0xfc, 0x0, 0x0,
    0x9, 0xff, 0xf0,

    /* U+005D "]" */
    0xaf, 0xff, 0xff, 0xff, 0x5a, 0xff, 0xff, 0xff,
    0xf5, 0x7c, 0xcc, 0xef, 0xff, 0x50, 0x0, 0x9,
    0xff, 0xf5, 0x0, 0x0, 0x9f, 0xff, 0x50, 0x0,
    0x9, 0xff, 0xf5, 0x0, 0x0, 0x9f, 0xff, 0x50,
    0x0, 0x9, 0xff, 0xf5, 0x0, 0x0, 0x9f, 0xff,
    0x50, 0x0, 0x9, 0xff, 0xf5, 0x0, 0x0, 0x9f,
    0xff, 0x50, 0x0, 0x9, 0xff, 0xf5, 0x0, 0x0,
    0x9f, 0xff, 0x50, 0x0, 0x9, 0xff, 0xf5, 0x0,
    0x0, 0x9f, 0xff, 0x50, 0x0, 0x9, 0xff, 0xf5,
    0x0, 0x0, 0x9f, 0xff, 0x50, 0x0, 0x9, 0xff,
    0xf5, 0x0, 0x0, 0x9f, 0xff, 0x50, 0x0, 0x9,
    0xff, 0xf5, 0x0, 0x0, 0x9f, 0xff, 0x50, 0x0,
    0x9, 0xff, 0xf5, 0x0, 0x0, 0x9f, 0xff, 0x50,
    0x0, 0x9, 0xff, 0xf5, 0x0, 0x0, 0x9f, 0xff,
    0x58, 0xcc, 0xce, 0xff, 0xf5, 0xaf, 0xff, 0xff,
    0xff, 0x5a, 0xff, 0xff, 0xff, 0xf5,

    /* U+005E "^" */
    0x0, 0x0, 0x0, 0xdf, 0xff, 0xf5, 0x0, 0x0,
    0x0, 0x0, 0x0, 0x4f, 0xff, 0xff, 0xc0, 0x0,
    0x0, 0x0, 0x0, 0xb, 0xff, 0xaf, 0xff, 0x30,
    0x0, 0x0, 0x0, 0x2, 0xff, 0xf2, 0xaf, 0xfa,
    0x0, 0x0, 0x0, 0x0, 0x9f, 0xfa, 0x3, 0xff,
    0xf1, 0x0, 0x0, 0x0, 0x1f, 0xff, 0x30, 0xc,
    0xff, 0x80, 0x0, 0x0, 0x7, 0xff, 0xc0, 0x0,
    0x5f, 0xfe, 0x0, 0x0, 0x0, 0xef, 0xf6, 0x0,
    0x0, 0xef, 0xf6, 0x0, 0x0, 0x5f, 0xfe, 0x0,
    0x0, 0x7, 0xff, 0xd0, 0x0, 0xc, 0xff, 0x80,
    0x0, 0x0, 0x1f, 0xff, 0x40, 0x3, 0xff, 0xf1,
    0x0, 0x0, 0x0, 0x9f, 0xfc, 0x0, 0xaf, 0xfa,
    0x0, 0x0, 0x0, 0x2, 0xff, 0xf3, 0x2f, 0xff,
    0x30, 0x0, 0x0, 0x0, 0xb, 0xff, 0xa0,

    /* U+005F "_" */
    0x4f, 0xff, 0xff, 0xff, 0xff, 0xff, 0xff, 0xff,
    0xfe, 0x2, 0x22, 0x22, 0x22, 0x22, 0x22, 0x22,
    0x22, 0x22,

    /* U+0060 "`" */
    0x8, 0x88, 0x70, 0x0, 0x0, 0x8f, 0xff, 0xa0,
    0x0, 0x0, 0x4f, 0xff, 0x80, 0x0, 0x0, 0x2d,
    0xff, 0x70, 0x0, 0x0, 0xa, 0xff, 0x40,

    /* U+0061 "a" */
    0x0, 0x0, 0x4a, 0xdf, 0xfe, 0xc7, 0x0, 0x0,
    0x0, 0x0, 0xaf, 0xff, 0xff, 0xff, 0xfe, 0x20,
    0x0, 0x0, 0x9f, 0xff, 0xfb, 0xbe, 0xff, 0xfd,
    0x0, 0x0, 0x1f, 0xff, 0xf4, 0x0, 0x1e, 0xff,
    0xf5, 0x0, 0x2, 0x77, 0x77, 0x0, 0x0, 0x8f,
    0xff, 0x90, 0x0, 0x0, 0x0, 0x0, 0x0, 0x7,
    0xff, 0xfa, 0x0, 0x0, 0x4, 0xad, 0xff, 0xff,
    0xff, 0xff, 0xa0, 0x0, 0xa, 0xff, 0xff, 0xff,
    0xff, 0xff, 0xfa, 0x0, 0x7, 0xff, 0xff, 0x84,
    0x44, 0x9f, 0xff, 0xa0, 0x0, 0xef, 0xff, 0x70,
    0x0, 0x7, 0xff, 0xfa, 0x0, 0x1f, 0xff, 0xf3,
    0x0, 0x0, 0xaf, 0xff, 0xa0, 0x1, 0xff, 0xff,
    0x30, 0x0, 0x1f, 0xff, 0xfa, 0x0, 0xf, 0xff,
    0xf9, 0x0, 0x1c, 0xff, 0xff, 0xd0, 0x0, 0xaf,
    0xff, 0xfc, 0xbf, 0xf8, 0xcf, 0xff, 0xc9, 0x1,
    0xef, 0xff, 0xff, 0xfa, 0x7, 0xff, 0xff, 0xe0,
    0x1, 0x9d, 0xfe, 0xb5, 0x0, 0x9, 0xef, 0xe9,

    /* U+0062 "b" */
    0xe, 0xff, 0xf3, 0x0, 0x0, 0x0, 0x0, 0x0,
    0x0, 0xef, 0xff, 0x30, 0x0, 0x0, 0x0, 0x0,
    0x0, 0xe, 0xff, 0xf3, 0x0, 0x0, 0x0, 0x0,
    0x0, 0x0, 0xef, 0xff, 0x30, 0x0, 0x0, 0x0,
    0x0, 0x0, 0xe, 0xff, 0xf3, 0x0, 0x0, 0x0,
    0x0, 0x0, 0x0, 0xef, 0xff, 0x30, 0x0, 0x0,
    0x0, 0x0, 0x0, 0xe, 0xff, 0xf3, 0x5, 0xbe,
    0xfd, 0x81, 0x0, 0x0, 0xef, 0xff, 0x3a, 0xff,
    0xff, 0xff, 0xe2, 0x0, 0xe, 0xff, 0xf9, 0xff,
    0xdf, 0xff, 0xff, 0xd0, 0x0, 0xef, 0xff, 0xfa,
    0x0, 0x8, 0xff, 0xff, 0x50, 0xe, 0xff, 0xfd,
    0x0, 0x0, 0xc, 0xff, 0xfa, 0x0, 0xef, 0xff,
    0x70, 0x0, 0x0, 0x7f, 0xff, 0xe0, 0xe, 0xff,
    0xf4, 0x0, 0x0, 0x4, 0xff, 0xff, 0x0, 0xef,
    0xff, 0x20, 0x0, 0x0, 0x3f, 0xff, 0xf1, 0xe,
    0xff, 0xf2, 0x0, 0x0, 0x3, 0xff, 0xff, 0x0,
    0xef, 0xff, 0x40, 0x0, 0x0, 0x4f, 0xff, 0xf0,
    0xe, 0xff, 0xf7, 0x0, 0x0, 0x7, 0xff, 0xfd,
    0x0, 0xef, 0xff, 0xd0, 0x0, 0x0, 0xdf, 0xff,
    0xa0, 0xe, 0xff, 0xff, 0x90, 0x0, 0x9f, 0xff,
    0xf4, 0x0, 0xef, 0xff, 0xbf, 0xfd, 0xff, 0xff,
    0xfb, 0x0, 0xf, 0xff, 0xf2, 0xcf, 0xff, 0xff,
    0xfd, 0x10, 0x0, 0xff, 0xff, 0x0, 0x7c, 0xff,
    0xd7, 0x0, 0x0,

    /* U+0063 "c" */
    0x0, 0x0, 0x6b, 0xef, 0xfd, 0x92, 0x0, 0x0,
    0x3, 0xef, 0xff, 0xff, 0xff, 0xf7, 0x0, 0x2,
    0xff, 0xff, 0xfd, 0xef, 0xff, 0xf7, 0x0, 0xcf,
    0xff, 0xc1, 0x0, 0x6f, 0xff, 0xf1, 0x3f, 0xff,
    0xf1, 0x0, 0x0, 0xbf, 0xff, 0x78, 0xff, 0xfc,
    0x0, 0x0, 0x2, 0x44, 0x42, 0xbf, 0xff, 0x90,
    0x0, 0x0, 0x0, 0x0, 0xc, 0xff, 0xf8, 0x0,
    0x0, 0x0, 0x0, 0x0, 0xcf, 0xff, 0x80, 0x0,
    0x0, 0x0, 0x0, 0xb, 0xff, 0xf9, 0x0, 0x0,
    0x0, 0x0, 0x0, 0x8f, 0xff, 0xc0, 0x0, 0x0,
    0x38, 0x88, 0x64, 0xff, 0xff, 0x20, 0x0, 0xa,
    0xff, 0xf8, 0xd, 0xff, 0xfc, 0x10, 0x6, 0xff,
    0xff, 0x20, 0x3f, 0xff, 0xff, 0xde, 0xff, 0xff,
    0x70, 0x0, 0x3e, 0xff, 0xff, 0xff, 0xff, 0x70,
    0x0, 0x0, 0x7, 0xbe, 0xfe, 0xc8, 0x20, 0x0,

    /* U+0064 "d" */
    0x0, 0x0, 0x0, 0x0, 0x0, 0xe, 0xff, 0xf3,
    0x0, 0x0, 0x0, 0x0, 0x0, 0xe, 0xff, 0xf3,
    0x0, 0x0, 0x0, 0x0, 0x0, 0xe, 0xff, 0xf3,
    0x0, 0x0, 0x0, 0x0, 0x0, 0xe, 0xff, 0xf3,
    0x0, 0x0, 0x0, 0x0, 0x0, 0xe, 0xff, 0xf3,
    0x0, 0x0, 0x0, 0x0, 0x0, 0xe, 0xff, 0xf3,
    0x0, 0x5, 0xbe, 0xfd, 0x92, 0xe, 0xff, 0xf3,
    0x0, 0x9f, 0xff, 0xff, 0xff, 0x3e, 0xff, 0xf3,
    0x6, 0xff, 0xff, 0xfc, 0xdf, 0xee, 0xff, 0xf3,
    0xe, 0xff, 0xfc, 0x10, 0x4, 0xff, 0xff, 0xf3,
    0x5f, 0xff, 0xf2, 0x0, 0x0, 0x7f, 0xff, 0xf3,
    0x8f, 0xff, 0xc0, 0x0, 0x0, 0x1f, 0xff, 0xf3,
    0xaf, 0xff, 0x90, 0x0, 0x0, 0xe, 0xff, 0xf3,
    0xbf, 0xff, 0x80, 0x0, 0x0, 0xd, 0xff, 0xf3,
    0xbf, 0xff, 0x80, 0x0, 0x0, 0xd, 0xff, 0xf3,
    0xaf, 0xff, 0x90, 0x0, 0x0, 0xf, 0xff, 0xf3,
    0x8f, 0xff, 0xc0, 0x0, 0x0, 0x2f, 0xff, 0xf3,
    0x5f, 0xff, 0xf2, 0x0, 0x0, 0x8f, 0xff, 0xf3,
    0xf, 0xff, 0xfc, 0x10, 0x5, 0xff, 0xff, 0xf3,
    0x7, 0xff, 0xff, 0xfd, 0xef, 0xdd, 0xff, 0xf4,
    0x0, 0xbf, 0xff, 0xff, 0xfe, 0x2c, 0xff, 0xf4,
    0x0, 0x6, 0xcf, 0xfd, 0x81, 0xb, 0xff, 0xf5,

    /* U+0065 "e" */
    0x0, 0x0, 0x7c, 0xef, 0xec, 0x70, 0x0, 0x0,
    0x4, 0xef, 0xff, 0xff, 0xff, 0xe3, 0x0, 0x3,
    0xff, 0xff, 0xc9, 0xbf, 0xff, 0xf1, 0x0, 0xdf,
    0xff, 0x60, 0x0, 0x4f, 0xff, 0xa0, 0x4f, 0xff,
    0xc0, 0x0, 0x0, 0xaf, 0xff, 0x19, 0xff, 0xf9,
    0x0, 0x0, 0x6, 0xff, 0xf5, 0xbf, 0xff, 0xff,
    0xff, 0xff, 0xff, 0xff, 0x8c, 0xff, 0xff, 0xff,
    0xff, 0xff, 0xff, 0xf9, 0xcf, 0xff, 0xc8, 0x88,
    0x88, 0x88, 0x88, 0x5b, 0xff, 0xf8, 0x0, 0x0,
    0x0, 0x0, 0x0, 0x8f, 0xff, 0xb0, 0x0, 0x0,
    0x0, 0x0, 0x4, 0xff, 0xff, 0x10, 0x0, 0x6,
    0x87, 0x61, 0xd, 0xff, 0xfb, 0x10, 0x3, 0xff,
    0xff, 0x10, 0x3f, 0xff, 0xff, 0xcd, 0xff, 0xff,
    0x60, 0x0, 0x4f, 0xff, 0xff, 0xff, 0xff, 0x60,
    0x0, 0x0, 0x17, 0xce, 0xff, 0xd8, 0x20, 0x0,

    /* U+0066 "f" */
    0x0, 0x0, 0x4b, 0xef, 0xfd, 0x0, 0x0, 0x6f,
    0xff, 0xff, 0xf0, 0x0, 0xe, 0xff, 0xff, 0xcd,
    0x0, 0x1, 0xff, 0xff, 0x30, 0x0, 0x0, 0x2f,
    0xff, 0xf0, 0x0, 0x0, 0x2, 0xff, 0xfe, 0x0,
    0x0, 0x7f, 0xff, 0xff, 0xff, 0xff, 0x7, 0xff,
    0xff, 0xff, 0xff, 0xf0, 0x5c, 0xcf, 0xff, 0xfc,
    0xcc, 0x0, 0x2, 0xff, 0xfe, 0x0, 0x0, 0x0,
    0x2f, 0xff, 0xe0, 0x0, 0x0, 0x2, 0xff, 0xfe,
    0x0, 0x0, 0x0, 0x2f, 0xff, 0xe0, 0x0, 0x0,
    0x2, 0xff, 0xfe, 0x0, 0x0, 0x0, 0x2f, 0xff,
    0xe0, 0x0, 0x0, 0x2, 0xff, 0xfe, 0x0, 0x0,
    0x0, 0x2f, 0xff, 0xe0, 0x0, 0x0, 0x2, 0xff,
    0xfe, 0x0, 0x0, 0x0, 0x2f, 0xff, 0xe0, 0x0,
    0x0, 0x2, 0xff, 0xfe, 0x0, 0x0, 0x0, 0x2f,
    0xff, 0xe0, 0x0, 0x0, 0x2, 0xff, 0xfe, 0x0,
    0x0,

    /* U+0067 "g" */
    0x0, 0x5, 0xbe, 0xfd, 0x92, 0xa, 0xff, 0xf4,
    0x0, 0x9f, 0xff, 0xff, 0xff, 0x3b, 0xff, 0xf4,
    0x7, 0xff, 0xff, 0xfd, 0xef, 0xed, 0xff, 0xf3,
    0xe, 0xff, 0xfc, 0x10, 0x5, 0xff, 0xff, 0xf3,
    0x5f, 0xff, 0xf2, 0x0, 0x0, 0x8f, 0xff, 0xf3,
    0x8f, 0xff, 0xc0, 0x0, 0x0, 0x2f, 0xff, 0xf3,
    0xaf, 0xff, 0x90, 0x0, 0x0, 0xe, 0xff, 0xf3,
    0xbf, 0xff, 0x80, 0x0, 0x0, 0xd, 0xff, 0xf3,
    0xbf, 0xff, 0x80, 0x0, 0x0, 0xd, 0xff, 0xf3,
    0xbf, 0xff, 0x90, 0x0, 0x0, 0xf, 0xff, 0xf3,
    0x8f, 0xff, 0xc0, 0x0, 0x0, 0x2f, 0xff, 0xf3,
    0x5f, 0xff, 0xf2, 0x0, 0x0, 0x8f, 0xff, 0xf3,
    0xf, 0xff, 0xfc, 0x20, 0x6, 0xff, 0xff, 0xf3,
    0x8, 0xff, 0xff, 0xfd, 0xef, 0xdd, 0xff, 0xf3,
    0x0, 0xbf, 0xff, 0xff, 0xfe, 0x3d, 0xff, 0xf3,
    0x0, 0x6, 0xcf, 0xfd, 0x81, 0xe, 0xff, 0xf3,
    0x0, 0x0, 0x0, 0x0, 0x0, 0xf, 0xff, 0xf2,
    0x2, 0x45, 0x70, 0x0, 0x0, 0x4f, 0xff, 0xe0,
    0xe, 0xff, 0xf9, 0x0, 0x1, 0xdf, 0xff, 0x90,
    0x6, 0xff, 0xff, 0xeb, 0xcf, 0xff, 0xfe, 0x10,
    0x0, 0x8f, 0xff, 0xff, 0xff, 0xff, 0xd2, 0x0,
    0x0, 0x2, 0x8c, 0xef, 0xfd, 0xa5, 0x0, 0x0,

    /* U+0068 "h" */
    0xef, 0xff, 0x30, 0x0, 0x0, 0x0, 0x0, 0xe,
    0xff, 0xf3, 0x0, 0x0, 0x0, 0x0, 0x0, 0xef,
    0xff, 0x30, 0x0, 0x0, 0x0, 0x0, 0xe, 0xff,
    0xf3, 0x0, 0x0, 0x0, 0x0, 0x0, 0xef, 0xff,
    0x30, 0x0, 0x0, 0x0, 0x0, 0xe, 0xff, 0xf3,
    0x0, 0x0, 0x0, 0x0, 0x0, 0xef, 0xff, 0x30,
    0x4b, 0xef, 0xd9, 0x10, 0xe, 0xff, 0xf2, 0x8f,
    0xff, 0xff, 0xfe, 0x20, 0xef, 0xff, 0x6f, 0xff,
    0xff, 0xff, 0xfb, 0xe, 0xff, 0xfe, 0xd4, 0x13,
    0xdf, 0xff, 0xf2, 0xef, 0xff, 0xf1, 0x0, 0x2,
    0xff, 0xff, 0x5e, 0xff, 0xf9, 0x0, 0x0, 0xd,
    0xff, 0xf6, 0xef, 0xff, 0x50, 0x0, 0x0, 0xaf,
    0xff, 0x7e, 0xff, 0xf3, 0x0, 0x0, 0xa, 0xff,
    0xf7, 0xef, 0xff, 0x30, 0x0, 0x0, 0xaf, 0xff,
    0x7e, 0xff, 0xf3, 0x0, 0x0, 0xa, 0xff, 0xf7,
    0xef, 0xff, 0x30, 0x0, 0x0, 0xaf, 0xff, 0x7e,
    0xff, 0xf3, 0x0, 0x0, 0xa, 0xff, 0xf7, 0xef,
    0xff, 0x30, 0x0, 0x0, 0xaf, 0xff, 0x7e, 0xff,
    0xf3, 0x0, 0x0, 0xa, 0xff, 0xf7, 0xef, 0xff,
    0x30, 0x0, 0x0, 0xaf, 0xff, 0x7e, 0xff, 0xf3,
    0x0, 0x0, 0xa, 0xff, 0xf7,

    /* U+0069 "i" */
    0xef, 0xff, 0x3e, 0xff, 0xf3, 0xef, 0xff, 0x30,
    0x0, 0x0, 0x0, 0x0, 0x0, 0x0, 0x0, 0xef,
    0xff, 0x3e, 0xff, 0xf3, 0xef, 0xff, 0x3e, 0xff,
    0xf3, 0xef, 0xff, 0x3e, 0xff, 0xf3, 0xef, 0xff,
    0x3e, 0xff, 0xf3, 0xef, 0xff, 0x3e, 0xff, 0xf3,
    0xef, 0xff, 0x3e, 0xff, 0xf3, 0xef, 0xff, 0x3e,
    0xff, 0xf3, 0xef, 0xff, 0x3e, 0xff, 0xf3,

    /* U+006A "j" */
    0x0, 0xe, 0xff, 0xf3, 0x0, 0xe, 0xff, 0xf3,
    0x0, 0xe, 0xff, 0xf3, 0x0, 0x0, 0x0, 0x0,
    0x0, 0x0, 0x0, 0x0, 0x0, 0x0, 0x0, 0x0,
    0x0, 0xe, 0xff, 0xf3, 0x0, 0xe, 0xff, 0xf3,
    0x0, 0xe, 0xff, 0xf3, 0x0, 0xe, 0xff, 0xf3,
    0x0, 0xe, 0xff, 0xf3, 0x0, 0xe, 0xff, 0xf3,
    0x0, 0xe, 0xff, 0xf3, 0x0, 0xe, 0xff, 0xf3,
    0x0, 0xe, 0xff, 0xf3, 0x0, 0xe, 0xff, 0xf3,
    0x0, 0xe, 0xff, 0xf3, 0x0, 0xe, 0xff, 0xf3,
    0x0, 0xe, 0xff, 0xf3, 0x0, 0xe, 0xff, 0xf3,
    0x0, 0xe, 0xff, 0xf3, 0x0, 0xe, 0xff, 0xf3,
    0x0, 0xe, 0xff, 0xf3, 0x0, 0xf, 0xff, 0xf3,
    0x0, 0x5f, 0xff, 0xf2, 0x7f, 0xff, 0xff, 0xe0,
    0x7f, 0xff, 0xff, 0x60, 0x6f, 0xff, 0xc5, 0x0,

    /* U+006B "k" */
    0xef, 0xff, 0x30, 0x0, 0x0, 0x0, 0x0, 0xe,
    0xff, 0xf3, 0x0, 0x0, 0x0, 0x0, 0x0, 0xef,
    0xff, 0x30, 0x0, 0x0, 0x0, 0x0, 0xe, 0xff,
    0xf3, 0x0, 0x0, 0x0, 0x0, 0x0, 0xef, 0xff,
    0x30, 0x0, 0x0, 0x0, 0x0, 0xe, 0xff, 0xf3,
    0x0, 0x0, 0x0, 0x0, 0x0, 0xef, 0xff, 0x30,
    0x0, 0x9, 0xff, 0xfc, 0xe, 0xff, 0xf3, 0x0,
    0x6, 0xff, 0xfd, 0x10, 0xef, 0xff, 0x30, 0x4,
    0xff, 0xfe, 0x20, 0xe, 0xff, 0xf3, 0x2, 0xff,
    0xff, 0x30, 0x0, 0xef, 0xff, 0x31, 0xef, 0xff,
    0x40, 0x0, 0xe, 0xff, 0xf4, 0xcf, 0xff, 0x60,
    0x0, 0x0, 0xef, 0xff, 0xdf, 0xff, 0xe0, 0x0,
    0x0, 0xe, 0xff, 0xff, 0xff, 0xff, 0x70, 0x0,
    0x0, 0xef, 0xff, 0xff, 0xff, 0xff, 0x20, 0x0,
    0xe, 0xff, 0xfc, 0x29, 0xff, 0xfb, 0x0, 0x0,
    0xef, 0xff, 0x30, 0x1e, 0xff, 0xf5, 0x0, 0xe,
    0xff, 0xf3, 0x0, 0x6f, 0xff, 0xe0, 0x0, 0xef,
    0xff, 0x30, 0x0, 0xdf, 0xff, 0x90, 0xe, 0xff,
    0xf3, 0x0, 0x3, 0xff, 0xff, 0x30, 0xef, 0xff,
    0x30, 0x0, 0xa, 0xff, 0xfc, 0xe, 0xff, 0xf3,
    0x0, 0x0, 0x1f, 0xff, 0xf6,

    /* U+006C "l" */
    0xef, 0xff, 0x3e, 0xff, 0xf3, 0xef, 0xff, 0x3e,
    0xff, 0xf3, 0xef, 0xff, 0x3e, 0xff, 0xf3, 0xef,
    0xff, 0x3e, 0xff, 0xf3, 0xef, 0xff, 0x3e, 0xff,
    0xf3, 0xef, 0xff, 0x3e, 0xff, 0xf3, 0xef, 0xff,
    0x3e, 0xff, 0xf3, 0xef, 0xff, 0x3e, 0xff, 0xf3,
    0xef, 0xff, 0x3e, 0xff, 0xf3, 0xef, 0xff, 0x3e,
    0xff, 0xf3, 0xef, 0xff, 0x3e, 0xff, 0xf3,

    /* U+006D "m" */
    0xf, 0xff, 0xf0, 0x6, 0xcf, 0xeb, 0x30, 0x0,
    0x5c, 0xef, 0xc5, 0x0, 0xf, 0xff, 0xf0, 0x9f,
    0xff, 0xff, 0xf4, 0x8, 0xff, 0xff, 0xff, 0x70,
    0xe, 0xff, 0xf6, 0xff, 0xff, 0xff, 0xfd, 0x4f,
    0xff, 0xff, 0xff, 0xf2, 0xe, 0xff, 0xfe, 0xb2,
    0x2b, 0xff, 0xff, 0xee, 0x41, 0x7f, 0xff, 0xf7,
    0xe, 0xff, 0xfe, 0x0, 0x0, 0xff, 0xff, 0xf3,
    0x0, 0xb, 0xff, 0xfb, 0xe, 0xff, 0xf8, 0x0,
    0x0, 0xbf, 0xff, 0xd0, 0x0, 0x6, 0xff, 0xfc,
    0xe, 0xff, 0xf5, 0x0, 0x0, 0x9f, 0xff, 0xa0,
    0x0, 0x4, 0xff, 0xfc, 0xe, 0xff, 0xf3, 0x0,
    0x0, 0x9f, 0xff, 0x80, 0x0, 0x4, 0xff, 0xfd,
    0xe, 0xff, 0xf3, 0x0, 0x0, 0x9f, 0xff, 0x80,
    0x0, 0x4, 0xff, 0xfd, 0xe, 0xff, 0xf3, 0x0,
    0x0, 0x9f, 0xff, 0x80, 0x0, 0x4, 0xff, 0xfd,
    0xe, 0xff, 0xf3, 0x0, 0x0, 0x9f, 0xff, 0x80,
    0x0, 0x4, 0xff, 0xfd, 0xe, 0xff, 0xf3, 0x0,
    0x0, 0x9f, 0xff, 0x80, 0x0, 0x4, 0xff, 0xfd,
    0xe, 0xff, 0xf3, 0x0, 0x0, 0x9f, 0xff, 0x80,
    0x0, 0x4, 0xff, 0xfd, 0xe, 0xff, 0xf3, 0x0,
    0x0, 0x9f, 0xff, 0x80, 0x0, 0x4, 0xff, 0xfd,
    0xe, 0xff, 0xf3, 0x0, 0x0, 0x9f, 0xff, 0x80,
    0x0, 0x4, 0xff, 0xfd, 0xe, 0xff, 0xf3, 0x0,
    0x0, 0x9f, 0xff, 0x80, 0x0, 0x4, 0xff, 0xfd,

    /* U+006E "n" */
    0xf, 0xff, 0xf0, 0x4, 0xbe, 0xfd, 0x91, 0x0,
    0xf, 0xff, 0xf0, 0x8f, 0xff, 0xff, 0xfe, 0x20,
    0xe, 0xff, 0xf5, 0xff, 0xff, 0xff, 0xff, 0xb0,
    0xe, 0xff, 0xfe, 0xd4, 0x13, 0xdf, 0xff, 0xf2,
    0xe, 0xff, 0xff, 0x10, 0x0, 0x2f, 0xff, 0xf5,
    0xe, 0xff, 0xf9, 0x0, 0x0, 0xd, 0xff, 0xf6,
    0xe, 0xff, 0xf5, 0x0, 0x0, 0xa, 0xff, 0xf7,
    0xe, 0xff, 0xf3, 0x0, 0x0, 0xa, 0xff, 0xf7,
    0xe, 0xff, 0xf3, 0x0, 0x0, 0xa, 0xff, 0xf7,
    0xe, 0xff, 0xf3, 0x0, 0x0, 0xa, 0xff, 0xf7,
    0xe, 0xff, 0xf3, 0x0, 0x0, 0xa, 0xff, 0xf7,
    0xe, 0xff, 0xf3, 0x0, 0x0, 0xa, 0xff, 0xf7,
    0xe, 0xff, 0xf3, 0x0, 0x0, 0xa, 0xff, 0xf7,
    0xe, 0xff, 0xf3, 0x0, 0x0, 0xa, 0xff, 0xf7,
    0xe, 0xff, 0xf3, 0x0, 0x0, 0xa, 0xff, 0xf7,
    0xe, 0xff, 0xf3, 0x0, 0x0, 0xa, 0xff, 0xf7,

    /* U+006F "o" */
    0x0, 0x0, 0x4a, 0xdf, 0xfe, 0xc7, 0x10, 0x0,
    0x0, 0x1, 0xcf, 0xff, 0xff, 0xff, 0xff, 0x60,
    0x0, 0x1, 0xef, 0xff, 0xfe, 0xdf, 0xff, 0xff,
    0x70, 0x0, 0xbf, 0xff, 0xe3, 0x0, 0x9, 0xff,
    0xff, 0x20, 0x3f, 0xff, 0xf3, 0x0, 0x0, 0xd,
    0xff, 0xf9, 0x8, 0xff, 0xfc, 0x0, 0x0, 0x0,
    0x7f, 0xff, 0xd0, 0xbf, 0xff, 0x90, 0x0, 0x0,
    0x4, 0xff, 0xff, 0xc, 0xff, 0xf8, 0x0, 0x0,
    0x0, 0x2f, 0xff, 0xf1, 0xcf, 0xff, 0x80, 0x0,
    0x0, 0x2, 0xff, 0xff, 0x1b, 0xff, 0xf9, 0x0,
    0x0, 0x0, 0x4f, 0xff, 0xf0, 0x8f, 0xff, 0xc0,
    0x0, 0x0, 0x7, 0xff, 0xfd, 0x3, 0xff, 0xff,
    0x30, 0x0, 0x0, 0xdf, 0xff, 0x80, 0xb, 0xff,
    0xfd, 0x20, 0x1, 0xaf, 0xff, 0xf1, 0x0, 0x1e,
    0xff, 0xff, 0xdd, 0xff, 0xff, 0xf5, 0x0, 0x0,
    0x1c, 0xff, 0xff, 0xff, 0xff, 0xe4, 0x0, 0x0,
    0x0, 0x5, 0xad, 0xff, 0xeb, 0x60, 0x0, 0x0,

    /* U+0070 "p" */
    0xf, 0xff, 0xf0, 0x6, 0xce, 0xfd, 0x81, 0x0,
    0x0, 0xff, 0xff, 0x2b, 0xff, 0xff, 0xff, 0xe2,
    0x0, 0xe, 0xff, 0xfa, 0xff, 0xdf, 0xff, 0xff,
    0xc0, 0x0, 0xef, 0xff, 0xfa, 0x0, 0x9, 0xff,
    0xff, 0x50, 0xe, 0xff, 0xfd, 0x0, 0x0, 0xd,
    0xff, 0xfa, 0x0, 0xef, 0xff, 0x70, 0x0, 0x0,
    0x7f, 0xff, 0xe0, 0xe, 0xff, 0xf4, 0x0, 0x0,
    0x4, 0xff, 0xff, 0x0, 0xef, 0xff, 0x20, 0x0,
    0x0, 0x3f, 0xff, 0xf1, 0xe, 0xff, 0xf2, 0x0,
    0x0, 0x3, 0xff, 0xff, 0x10, 0xef, 0xff, 0x40,
    0x0, 0x0, 0x4f, 0xff, 0xf0, 0xe, 0xff, 0xf7,
    0x0, 0x0, 0x7, 0xff, 0xfd, 0x0, 0xef, 0xff,
    0xd0, 0x0, 0x0, 0xdf, 0xff, 0xa0, 0xe, 0xff,
    0xff, 0x90, 0x0, 0x9f, 0xff, 0xf4, 0x0, 0xef,
    0xff, 0xbf, 0xfd, 0xff, 0xff, 0xfb, 0x0, 0xe,
    0xff, 0xf3, 0xcf, 0xff, 0xff, 0xfd, 0x10, 0x0,
    0xef, 0xff, 0x30, 0x6c, 0xff, 0xd7, 0x0, 0x0,
    0xe, 0xff, 0xf3, 0x0, 0x0, 0x0, 0x0, 0x0,
    0x0, 0xef, 0xff, 0x30, 0x0, 0x0, 0x0, 0x0,
    0x0, 0xe, 0xff, 0xf3, 0x0, 0x0, 0x0, 0x0,
    0x0, 0x0, 0xef, 0xff, 0x30, 0x0, 0x0, 0x0,
    0x0, 0x0, 0xe, 0xff, 0xf3, 0x0, 0x0, 0x0,
    0x0, 0x0, 0x0, 0xef, 0xff, 0x30, 0x0, 0x0,
    0x0, 0x0, 0x0,

    /* U+0071 "q" */
    0x0, 0x4, 0xbe, 0xfd, 0x92, 0xb, 0xff, 0xf4,
    0x0, 0x9f, 0xff, 0xff, 0xff, 0x3c, 0xff, 0xf4,
    0x6, 0xff, 0xff, 0xfd, 0xef, 0xee, 0xff, 0xf3,
    0xe, 0xff, 0xfc, 0x10, 0x5, 0xff, 0xff, 0xf3,
    0x4f, 0xff, 0xf2, 0x0, 0x0, 0x8f, 0xff, 0xf3,
    0x8f, 0xff, 0xc0, 0x0, 0x0, 0x2f, 0xff, 0xf3,
    0xaf, 0xff, 0x90, 0x0, 0x0, 0xe, 0xff, 0xf3,
    0xbf, 0xff, 0x80, 0x0, 0x0, 0xd, 0xff, 0xf3,
    0xbf, 0xff, 0x80, 0x0, 0x0, 0xd, 0xff, 0xf3,
    0xaf, 0xff, 0x90, 0x0, 0x0, 0xf, 0xff, 0xf3,
    0x8f, 0xff, 0xc0, 0x0, 0x0, 0x2f, 0xff, 0xf3,
    0x5f, 0xff, 0xf2, 0x0, 0x0, 0x8f, 0xff, 0xf3,
    0xf, 0xff, 0xfc, 0x10, 0x5, 0xff, 0xff, 0xf3,
    0x7, 0xff, 0xff, 0xfd, 0xef, 0xdd, 0xff, 0xf3,
    0x0, 0xbf, 0xff, 0xff, 0xfe, 0x3d, 0xff, 0xf3,
    0x0, 0x6, 0xcf, 0xfd, 0x81, 0xd, 0xff, 0xf3,
    0x0, 0x0, 0x0, 0x0, 0x0, 0xd, 0xff, 0xf3,
    0x0, 0x0, 0x0, 0x0, 0x0, 0xd, 0xff, 0xf3,
    0x0, 0x0, 0x0, 0x0, 0x0, 0xd, 0xff, 0xf3,
    0x0, 0x0, 0x0, 0x0, 0x0, 0xd, 0xff, 0xf3,
    0x0, 0x0, 0x0, 0x0, 0x0, 0xd, 0xff, 0xf3,
    0x0, 0x0, 0x0, 0x0, 0x0, 0xd, 0xff, 0xf3,

    /* U+0072 "r" */
    0xf, 0xff, 0xf0, 0x1b, 0xff, 0x30, 0xff, 0xff,
    0xd, 0xff, 0xf3, 0xe, 0xff, 0xf6, 0xff, 0xff,
    0x30, 0xef, 0xff, 0xdf, 0x96, 0x82, 0xe, 0xff,
    0xff, 0x30, 0x0, 0x0, 0xef, 0xff, 0xa0, 0x0,
    0x0, 0xe, 0xff, 0xf6, 0x0, 0x0, 0x0, 0xef,
    0xff, 0x40, 0x0, 0x0, 0xe, 0xff, 0xf3, 0x0,
    0x0, 0x0, 0xef, 0xff, 0x30, 0x0, 0x0, 0xe,
    0xff, 0xf3, 0x0, 0x0, 0x0, 0xef, 0xff, 0x30,
    0x0, 0x0, 0xe, 0xff, 0xf3, 0x0, 0x0, 0x0,
    0xef, 0xff, 0x30, 0x0, 0x0, 0xe, 0xff, 0xf3,
    0x0, 0x0, 0x0, 0xef, 0xff, 0x30, 0x0, 0x0,

    /* U+0073 "s" */
    0x0, 0x5, 0xad, 0xff, 0xec, 0x82, 0x0, 0x0,
    0x1c, 0xff, 0xff, 0xff, 0xff, 0xf7, 0x0, 0xb,
    0xff, 0xff, 0xcb, 0xdf, 0xff, 0xf5, 0x2, 0xff,
    0xfc, 0x0, 0x0, 0x3f, 0xff, 0xd0, 0x4f, 0xff,
    0x80, 0x0, 0x0, 0x57, 0x54, 0x3, 0xff, 0xff,
    0x61, 0x0, 0x0, 0x0, 0x0, 0xd, 0xff, 0xff,
    0xfe, 0xa6, 0x20, 0x0, 0x0, 0x3e, 0xff, 0xff,
    0xff, 0xff, 0xc4, 0x0, 0x0, 0x18, 0xdf, 0xff,
    0xff, 0xff, 0xf7, 0x0, 0x0, 0x0, 0x25, 0x9c,
    0xff, 0xff, 0xf1, 0x0, 0x0, 0x0, 0x0, 0x2,
    0xcf, 0xff, 0x53, 0x68, 0x80, 0x0, 0x0, 0x6,
    0xff, 0xf6, 0xbf, 0xff, 0x60, 0x0, 0x0, 0xbf,
    0xff, 0x33, 0xff, 0xff, 0xeb, 0xbc, 0xff, 0xff,
    0xc0, 0x5, 0xff, 0xff, 0xff, 0xff, 0xff, 0xb1,
    0x0, 0x1, 0x7b, 0xef, 0xff, 0xd9, 0x40, 0x0,

    /* U+0074 "t" */
    0x0, 0x1, 0x88, 0x30, 0x0, 0x0, 0x7, 0xff,
    0x70, 0x0, 0x0, 0xd, 0xff, 0x70, 0x0, 0x0,
    0x3f, 0xff, 0x70, 0x0, 0xaf, 0xff, 0xff, 0xff,
    0xf7, 0xaf, 0xff, 0xff, 0xff, 0xf7, 0x7c, 0xef,
    0xff, 0xdc, 0xc5, 0x0, 0xaf, 0xff, 0x70, 0x0,
    0x0, 0xaf, 0xff, 0x70, 0x0, 0x0, 0xaf, 0xff,
    0x70, 0x0, 0x0, 0xaf, 0xff, 0x70, 0x0, 0x0,
    0xaf, 0xff, 0x70, 0x0, 0x0, 0xaf, 0xff, 0x70,
    0x0, 0x0, 0xaf, 0xff, 0x70, 0x0, 0x0, 0xaf,
    0xff, 0x70, 0x0, 0x0, 0xaf, 0xff, 0x80, 0x0,
    0x0, 0x8f, 0xff, 0xd0, 0x0, 0x0, 0x6f, 0xff,
    0xff, 0xd9, 0x0, 0xe, 0xff, 0xff, 0xfa, 0x0,
    0x2, 0xae, 0xfe, 0xc5,

    /* U+0075 "u" */
    0x2f, 0xff, 0xf0, 0x0, 0x0, 0xe, 0xff, 0xf3,
    0x2f, 0xff, 0xf0, 0x0, 0x0, 0xe, 0xff, 0xf3,
    0x2f, 0xff, 0xf0, 0x0, 0x0, 0xe, 0xff, 0xf3,
    0x2f, 0xff, 0xf0, 0x0, 0x0, 0xe, 0xff, 0xf3,
    0x2f, 0xff, 0xf0, 0x0, 0x0, 0xe, 0xff, 0xf3,
    0x2f, 0xff, 0xf0, 0x0, 0x0, 0xe, 0xff, 0xf3,
    0x2f, 0xff, 0xf0, 0x0, 0x0, 0xe, 0xff, 0xf3,
    0x2f, 0xff, 0xf0, 0x0, 0x0, 0xe, 0xff, 0xf3,
    0x2f, 0xff, 0xf0, 0x0, 0x0, 0xe, 0xff, 0xf3,
    0x2f, 0xff, 0xf0, 0x0, 0x0, 0xf, 0xff, 0xf3,
    0x1f, 0xff, 0xf2, 0x0, 0x0, 0x4f, 0xff, 0xf3,
    0xf, 0xff, 0xf7, 0x0, 0x0, 0xbf, 0xff, 0xf3,
    0xc, 0xff, 0xff, 0x61, 0x2a, 0xfe, 0xff, 0xf3,
    0x6, 0xff, 0xff, 0xff, 0xff, 0x9b, 0xff, 0xf3,
    0x0, 0xbf, 0xff, 0xff, 0xfc, 0x1a, 0xff, 0xf4,
    0x0, 0x6, 0xcf, 0xfc, 0x70, 0x9, 0xff, 0xf5,

    /* U+0076 "v" */
    0xbf, 0xff, 0x90, 0x0, 0x0, 0x0, 0xef, 0xff,
    0x55, 0xff, 0xfe, 0x0, 0x0, 0x0, 0x3f, 0xff,
    0xf0, 0xf, 0xff, 0xf3, 0x0, 0x0, 0x9, 0xff,
    0xfa, 0x0, 0xaf, 0xff, 0x80, 0x0, 0x0, 0xef,
    0xff, 0x40, 0x4, 0xff, 0xfd, 0x0, 0x0, 0x3f,
    0xff, 0xe0, 0x0, 0xe, 0xff, 0xf2, 0x0, 0x8,
    0xff, 0xf8, 0x0, 0x0, 0x9f, 0xff, 0x70, 0x0,
    0xdf, 0xff, 0x20, 0x0, 0x3, 0xff, 0xfc, 0x0,
    0x2f, 0xff, 0xc0, 0x0, 0x0, 0xd, 0xff, 0xf1,
    0x7, 0xff, 0xf7, 0x0, 0x0, 0x0, 0x8f, 0xff,
    0x60, 0xdf, 0xff, 0x10, 0x0, 0x0, 0x2, 0xff,
    0xfa, 0x1f, 0xff, 0xb0, 0x0, 0x0, 0x0, 0xd,
    0xff, 0xf6, 0xff, 0xf5, 0x0, 0x0, 0x0, 0x0,
    0x7f, 0xff, 0xef, 0xff, 0x0, 0x0, 0x0, 0x0,
    0x1, 0xff, 0xff, 0xff, 0x90, 0x0, 0x0, 0x0,
    0x0, 0xc, 0xff, 0xff, 0xf3, 0x0, 0x0, 0x0,
    0x0, 0x0, 0x6f, 0xff, 0xfe, 0x0, 0x0, 0x0,

    /* U+0077 "w" */
    0xf, 0xff, 0xe0, 0x0, 0x0, 0xaf, 0xff, 0xf0,
    0x0, 0x0, 0x8f, 0xff, 0x40, 0xbf, 0xff, 0x10,
    0x0, 0xe, 0xff, 0xff, 0x30, 0x0, 0xc, 0xff,
    0xf0, 0x7, 0xff, 0xf5, 0x0, 0x3, 0xff, 0xff,
    0xf8, 0x0, 0x0, 0xff, 0xfb, 0x0, 0x3f, 0xff,
    0x80, 0x0, 0x7f, 0xfc, 0xff, 0xc0, 0x0, 0x3f,
    0xff, 0x70, 0x0, 0xef, 0xfb, 0x0, 0xb, 0xff,
    0x5f, 0xff, 0x0, 0x6, 0xff, 0xf3, 0x0, 0xa,
    0xff, 0xf0, 0x0, 0xff, 0xf1, 0xcf, 0xf4, 0x0,
    0xaf, 0xff, 0x0, 0x0, 0x6f, 0xff, 0x20, 0x4f,
    0xfd, 0x9, 0xff, 0x80, 0xd, 0xff, 0xb0, 0x0,
    0x2, 0xff, 0xf6, 0x8, 0xff, 0x90, 0x5f, 0xfc,
    0x1, 0xff, 0xf7, 0x0, 0x0, 0xe, 0xff, 0x90,
    0xcf, 0xf5, 0x1, 0xff, 0xf1, 0x4f, 0xff, 0x20,
    0x0, 0x0, 0xaf, 0xfc, 0x1f, 0xff, 0x10, 0xc,
    0xff, 0x58, 0xff, 0xe0, 0x0, 0x0, 0x6, 0xff,
    0xf4, 0xff, 0xc0, 0x0, 0x8f, 0xf8, 0xbf, 0xfa,
    0x0, 0x0, 0x0, 0x2f, 0xff, 0xbf, 0xf8, 0x0,
    0x4, 0xff, 0xcf, 0xff, 0x60, 0x0, 0x0, 0x0,
    0xef, 0xff, 0xff, 0x40, 0x0, 0xf, 0xff, 0xff,
    0xf2, 0x0, 0x0, 0x0, 0xa, 0xff, 0xff, 0xf0,
    0x0, 0x0, 0xcf, 0xff, 0xfe, 0x0, 0x0, 0x0,
    0x0, 0x5f, 0xff, 0xfb, 0x0, 0x0, 0x8, 0xff,
    0xff, 0x90, 0x0, 0x0, 0x0, 0x1, 0xff, 0xff,
    0x70, 0x0, 0x0, 0x3f, 0xff, 0xf5, 0x0, 0x0,

    /* U+0078 "x" */
    0x3f, 0xff, 0xf3, 0x0, 0x0, 0xa, 0xff, 0xfc,
    0x0, 0x7f, 0xff, 0xd0, 0x0, 0x4, 0xff, 0xff,
    0x10, 0x0, 0xbf, 0xff, 0x80, 0x0, 0xef, 0xff,
    0x50, 0x0, 0x1, 0xef, 0xff, 0x30, 0x9f, 0xff,
    0xa0, 0x0, 0x0, 0x4, 0xff, 0xfd, 0x3f, 0xff,
    0xd0, 0x0, 0x0, 0x0, 0x9, 0xff, 0xff, 0xff,
    0xf3, 0x0, 0x0, 0x0, 0x0, 0xd, 0xff, 0xff,
    0xf7, 0x0, 0x0, 0x0, 0x0, 0x0, 0x3f, 0xff,
    0xfd, 0x0, 0x0, 0x0, 0x0, 0x0, 0x8, 0xff,
    0xff, 0xf3, 0x0, 0x0, 0x0, 0x0, 0x3, 0xff,
    0xff, 0xff, 0xd0, 0x0, 0x0, 0x0, 0x0, 0xef,
    0xff, 0xaf, 0xff, 0x90, 0x0, 0x0, 0x0, 0xaf,
    0xff, 0x70, 0xdf, 0xff, 0x40, 0x0, 0x0, 0x5f,
    0xff, 0xd0, 0x3, 0xff, 0xfe, 0x10, 0x0, 0x1e,
    0xff, 0xf3, 0x0, 0x9, 0xff, 0xfb, 0x0, 0xb,
    0xff, 0xf8, 0x0, 0x0, 0xe, 0xff, 0xf6, 0x7,
    0xff, 0xfd, 0x0, 0x0, 0x0, 0x5f, 0xff, 0xf2,

    /* U+0079 "y" */
    0x9f, 0xff, 0xb0, 0x0, 0x0, 0x0, 0xef, 0xff,
    0x52, 0xff, 0xff, 0x10, 0x0, 0x0, 0x4f, 0xff,
    0xe0, 0xc, 0xff, 0xf6, 0x0, 0x0, 0x9, 0xff,
    0xf9, 0x0, 0x5f, 0xff, 0xc0, 0x0, 0x0, 0xef,
    0xff, 0x30, 0x0, 0xef, 0xff, 0x10, 0x0, 0x3f,
    0xff, 0xd0, 0x0, 0x9, 0xff, 0xf6, 0x0, 0x8,
    0xff, 0xf7, 0x0, 0x0, 0x2f, 0xff, 0xc0, 0x0,
    0xdf, 0xff, 0x10, 0x0, 0x0, 0xcf, 0xff, 0x10,
    0x2f, 0xff, 0xb0, 0x0, 0x0, 0x5, 0xff, 0xf7,
    0x6, 0xff, 0xf5, 0x0, 0x0, 0x0, 0xe, 0xff,
    0xc0, 0xbf, 0xfe, 0x0, 0x0, 0x0, 0x0, 0x8f,
    0xff, 0x1f, 0xff, 0x90, 0x0, 0x0, 0x0, 0x2,
    0xff, 0xf9, 0xff, 0xf2, 0x0, 0x0, 0x0, 0x0,
    0xc, 0xff, 0xff, 0xfc, 0x0, 0x0, 0x0, 0x0,
    0x0, 0x5f, 0xff, 0xff, 0x60, 0x0, 0x0, 0x0,
    0x0, 0x0, 0xef, 0xff, 0xf1, 0x0, 0x0, 0x0,
    0x0, 0x0, 0x9, 0xff, 0xfa, 0x0, 0x0, 0x0,
    0x0, 0x0, 0x0, 0xdf, 0xff, 0x40, 0x0, 0x0,
    0x0, 0x0, 0x0, 0x5f, 0xff, 0xd0, 0x0, 0x0,
    0x0, 0x0, 0x0, 0x5f, 0xff, 0xf5, 0x0, 0x0,
    0x0, 0x0, 0x7f, 0xff, 0xff, 0xfb, 0x0, 0x0,
    0x0, 0x0, 0x7, 0xff, 0xff, 0xfd, 0x10, 0x0,
    0x0, 0x0, 0x0, 0x6e, 0xff, 0xd8, 0x0, 0x0,
    0x0, 0x0, 0x0,

    /* U+007A "z" */
    0x3f, 0xff, 0xff, 0xff, 0xff, 0xff, 0x33, 0xff,
    0xff, 0xff, 0xff, 0xff, 0xf3, 0x3f, 0xff, 0xff,
    0xff, 0xff, 0xff, 0x30, 0x0, 0x0, 0x0, 0xbf,
    0xff, 0xc0, 0x0, 0x0, 0x0, 0x7f, 0xff, 0xe1,
    0x0, 0x0, 0x0, 0x3f, 0xff, 0xf4, 0x0, 0x0,
    0x0, 0x1e, 0xff, 0xf9, 0x0, 0x0, 0x0, 0xa,
    0xff, 0xfc, 0x0, 0x0, 0x0, 0x6, 0xff, 0xff,
    0x20, 0x0, 0x0, 0x2, 0xff, 0xff, 0x50, 0x0,
    0x0, 0x0, 0xdf, 0xff, 0xa0, 0x0, 0x0, 0x0,
    0x9f, 0xff, 0xd0, 0x0, 0x0, 0x0, 0x5f, 0xff,
    0xf3, 0x0, 0x0, 0x0, 0xc, 0xff, 0xff, 0xff,
    0xff, 0xff, 0xfe, 0xcf, 0xff, 0xff, 0xff, 0xff,
    0xff, 0xec, 0xff, 0xff, 0xff, 0xff, 0xff, 0xfe,

    /* U+007B "{" */
    0x0, 0x0, 0x3, 0xbf, 0xff, 0xf0, 0x0, 0x0,
    0x4f, 0xff, 0xff, 0xf0, 0x0, 0x0, 0xcf, 0xff,
    0xfd, 0xc0, 0x0, 0x1, 0xff, 0xff, 0x60, 0x0,
    0x0, 0x2, 0xff, 0xfd, 0x0, 0x0, 0x0, 0x2,
    0xff, 0xfb, 0x0, 0x0, 0x0, 0x2, 0xff, 0xfa,
    0x0, 0x0, 0x0, 0x2, 0xff, 0xfa, 0x0, 0x0,
    0x0, 0x2, 0xff, 0xfa, 0x0, 0x0, 0x0, 0x2,
    0xff, 0xfa, 0x0, 0x0, 0x0, 0x4, 0xff, 0xfa,
    0x0, 0x0, 0x0, 0x9, 0xff, 0xf8, 0x0, 0x0,
    0x2, 0x8f, 0xff, 0xf2, 0x0, 0x0, 0x8f, 0xff,
    0xff, 0x50, 0x0, 0x0, 0x8f, 0xff, 0xe4, 0x0,
    0x0, 0x0, 0x7f, 0xff, 0xff, 0x80, 0x0, 0x0,
    0x0, 0x6f, 0xff, 0xf4, 0x0, 0x0, 0x0, 0x7,
    0xff, 0xf9, 0x0, 0x0, 0x0, 0x3, 0xff, 0xfa,
    0x0, 0x0, 0x0, 0x2, 0xff, 0xfa, 0x0, 0x0,
    0x0, 0x2, 0xff, 0xfa, 0x0, 0x0, 0x0, 0x2,
    0xff, 0xfa, 0x0, 0x0, 0x0, 0x2, 0xff, 0xfb,
    0x0, 0x0, 0x0, 0x2, 0xff, 0xfd, 0x0, 0x0,
    0x0, 0x1, 0xff, 0xff, 0x60, 0x0, 0x0, 0x0,
    0xdf, 0xff, 0xfe, 0xc0, 0x0, 0x0, 0x4f, 0xff,
    0xff, 0xf0, 0x0, 0x0, 0x4, 0xbf, 0xff, 0xf0,

    /* U+007C "|" */
    0xbf, 0xff, 0x2b, 0xff, 0xf2, 0xbf, 0xff, 0x2b,
    0xff, 0xf2, 0xbf, 0xff, 0x2b, 0xff, 0xf2, 0xbf,
    0xff, 0x2b, 0xff, 0xf2, 0xbf, 0xff, 0x2b, 0xff,
    0xf2, 0xbf, 0xff, 0x2b, 0xff, 0xf2, 0xbf, 0xff,
    0x2b, 0xff, 0xf2, 0xbf, 0xff, 0x2b, 0xff, 0xf2,
    0xbf, 0xff, 0x2b, 0xff, 0xf2, 0xbf, 0xff, 0x2b,
    0xff, 0xf2, 0xbf, 0xff, 0x2b, 0xff, 0xf2, 0xbf,
    0xff, 0x2b, 0xff, 0xf2, 0xbf, 0xff, 0x2b, 0xff,
    0xf2, 0xbf, 0xff, 0x2b, 0xff, 0xf2,

    /* U+007D "}" */
    0x6f, 0xff, 0xe9, 0x10, 0x0, 0x0, 0x6f, 0xff,
    0xff, 0xd1, 0x0, 0x0, 0x4c, 0xef, 0xff, 0xf7,
    0x0, 0x0, 0x0, 0xb, 0xff, 0xfb, 0x0, 0x0,
    0x0, 0x3, 0xff, 0xfd, 0x0, 0x0, 0x0, 0x1,
    0xff, 0xfd, 0x0, 0x0, 0x0, 0x0, 0xff, 0xfd,
    0x0, 0x0, 0x0, 0x0, 0xff, 0xfd, 0x0, 0x0,
    0x0, 0x0, 0xff, 0xfd, 0x0, 0x0, 0x0, 0x0,
    0xff, 0xfd, 0x0, 0x0, 0x0, 0x0, 0xff, 0xff,
    0x0, 0x0, 0x0, 0x0, 0xdf, 0xff, 0x40, 0x0,
    0x0, 0x0, 0x7f, 0xff, 0xe5, 0x10, 0x0, 0x0,
    0xa, 0xff, 0xff, 0xf3, 0x0, 0x0, 0x0, 0x8f,
    0xff, 0xf3, 0x0, 0x0, 0x1c, 0xff, 0xff, 0xf3,
    0x0, 0x0, 0x9f, 0xff, 0xd3, 0x0, 0x0, 0x0,
    0xef, 0xff, 0x30, 0x0, 0x0, 0x0, 0xff, 0xfe,
    0x0, 0x0, 0x0, 0x0, 0xff, 0xfd, 0x0, 0x0,
    0x0, 0x0, 0xff, 0xfd, 0x0, 0x0, 0x0, 0x0,
    0xff, 0xfd, 0x0, 0x0, 0x0, 0x0, 0xff, 0xfd,
    0x0, 0x0, 0x0, 0x2, 0xff, 0xfd, 0x0, 0x0,
    0x0, 0xa, 0xff, 0xfc, 0x0, 0x0, 0x4c, 0xff,
    0xff, 0xf8, 0x0, 0x0, 0x6f, 0xff, 0xff, 0xe1,
    0x0, 0x0, 0x6f, 0xff, 0xe9, 0x10, 0x0, 0x0,

    /* U+007E "~" */
    0x6, 0xcf, 0xfd, 0x93, 0x0, 0x0, 0x0, 0x2,
    0xaf, 0xff, 0xff, 0xff, 0xd7, 0x30, 0x15, 0xd6,
    0xdf, 0xff, 0xff, 0xff, 0xff, 0xff, 0xff, 0xf6,
    0xca, 0x41, 0x24, 0xaf, 0xff, 0xff, 0xff, 0xf4,
    0x30, 0x0, 0x0, 0x0, 0x5a, 0xef, 0xeb, 0x30,

    /* U+00A0 " " */

    /* U+00A1 "¡" */
    0x1f, 0xff, 0xf2, 0x1f, 0xff, 0xf2, 0x1f, 0xff,
    0xf2, 0xe, 0xee, 0xe2, 0x0, 0x0, 0x0, 0x0,
    0x0, 0x0, 0xb, 0xff, 0xb0, 0xb, 0xff, 0xb0,
    0xc, 0xff, 0xc0, 0xc, 0xff, 0xc0, 0xd, 0xff,
    0xd0, 0xd, 0xff, 0xd0, 0xe, 0xff, 0xe0, 0xe,
    0xff, 0xe0, 0xf, 0xff, 0xf0, 0xf, 0xff, 0xf0,
    0xf, 0xff, 0xf0, 0x1f, 0xff, 0xf1, 0x1f, 0xff,
    0xf1, 0x2f, 0xff, 0xf2, 0x4, 0x44, 0x40,

    /* U+00A2 "¢" */
    0x0, 0x0, 0x0, 0x9, 0xfc, 0x0, 0x0, 0x0,
    0x0, 0x0, 0x0, 0x9, 0xfc, 0x0, 0x0, 0x0,
    0x0, 0x0, 0x0, 0x4c, 0xfd, 0x51, 0x0, 0x0,
    0x0, 0x1, 0xaf, 0xff, 0xff, 0xff, 0xa2, 0x0,
    0x0, 0x3e, 0xff, 0xff, 0xff, 0xff, 0xff, 0x30,
    0x1, 0xef, 0xff, 0xbb, 0xfd, 0xaf, 0xff, 0xe1,
    0x8, 0xff, 0xfc, 0x9, 0xfc, 0xb, 0xff, 0xf8,
    0xe, 0xff, 0xf4, 0x9, 0xfc, 0x3, 0x99, 0x97,
    0x1f, 0xff, 0xf0, 0x9, 0xfc, 0x0, 0x0, 0x0,
    0x3f, 0xff, 0xe0, 0x9, 0xfc, 0x0, 0x0, 0x0,
    0x3f, 0xff, 0xe0, 0x9, 0xfc, 0x0, 0x0, 0x0,
    0x2f, 0xff, 0xf0, 0x9, 0xfc, 0x0, 0x0, 0x0,
    0xe, 0xff, 0xf4, 0x9, 0xfc, 0x4, 0xff, 0xfd,
    0x9, 0xff, 0xfd, 0x9, 0xfc, 0xb, 0xff, 0xf8,
    0x1, 0xef, 0xff, 0xdc, 0xfd, 0xbf, 0xff, 0xe1,
    0x0, 0x3e, 0xff, 0xff, 0xff, 0xff, 0xfe, 0x30,
    0x0, 0x1, 0x9f, 0xff, 0xff, 0xff, 0x91, 0x0,
    0x0, 0x0, 0x0, 0x3b, 0xfd, 0x30, 0x0, 0x0,
    0x0, 0x0, 0x0, 0x9, 0xfc, 0x0, 0x0, 0x0,
    0x0, 0x0, 0x0, 0x9, 0xfc, 0x0, 0x0, 0x0,

    /* U+00A3 "£" */
    0x0, 0x0, 0x3, 0xad, 0xff, 0xeb, 0x40, 0x0,
    0x0, 0x0, 0x8, 0xff, 0xff, 0xff, 0xff, 0x90,
    0x0, 0x0, 0x5, 0xff, 0xff, 0xed, 0xff, 0xff,
    0x60, 0x0, 0x0, 0xcf, 0xff, 0x70, 0x2, 0xef,
    0xfe, 0x0, 0x0, 0xf, 0xff, 0xe0, 0x0, 0x5,
    0x96, 0x30, 0x0, 0x1, 0xff, 0xfc, 0x0, 0x0,
    0x0, 0x0, 0x0, 0x0, 0x1f, 0xff, 0xb0, 0x0,
    0x0, 0x0, 0x0, 0x0, 0x1, 0xff, 0xfb, 0x0,
    0x0, 0x0, 0x0, 0x0, 0x0, 0x1f, 0xff, 0xb0,
    0x0, 0x0, 0x0, 0x0, 0xb, 0xff, 0xff, 0xff,
    0xff, 0xfe, 0x0, 0x0, 0x0, 0xbf, 0xff, 0xff,
    0xff, 0xff, 0xe0, 0x0, 0x0, 0x5, 0x77, 0xff,
    0xfd, 0x77, 0x76, 0x0, 0x0, 0x0, 0x0, 0xf,
    0xff, 0xb0, 0x0, 0x0, 0x0, 0x0, 0x0, 0x0,
    0xff, 0xfa, 0x0, 0x0, 0x0, 0x0, 0x0, 0x0,
    0x3f, 0xff, 0x60, 0x0, 0x0, 0x1a, 0x74, 0x10,
    0xb, 0xff, 0xc0, 0x0, 0x0, 0x8, 0xff, 0xf3,
    0x1a, 0xff, 0xb1, 0x0, 0x0, 0x27, 0xff, 0xfd,
    0x8, 0xff, 0xff, 0xff, 0xff, 0xff, 0xff, 0xff,
    0x50, 0x8f, 0xff, 0xff, 0xff, 0xff, 0xff, 0xff,
    0x70, 0x8, 0xff, 0xff, 0xff, 0xff, 0xff, 0xeb,
    0x30, 0x0,

    /* U+00A4 "¤" */
    0x0, 0x0, 0x0, 0x0, 0x0, 0x0, 0x0, 0x0,
    0x0, 0x6b, 0x0, 0x0, 0x0, 0x0, 0x2d, 0x30,
    0x6, 0xff, 0xb4, 0xbe, 0xfd, 0x94, 0xef, 0xe3,
    0xb, 0xff, 0xff, 0xff, 0xff, 0xff, 0xff, 0xf7,
    0x0, 0xbf, 0xff, 0xff, 0xff, 0xff, 0xff, 0x80,
    0x0, 0x5f, 0xff, 0xd6, 0x58, 0xff, 0xff, 0x0,
    0x0, 0xcf, 0xfd, 0x0, 0x0, 0x4f, 0xff, 0x60,
    0x0, 0xff, 0xf6, 0x0, 0x0, 0xc, 0xff, 0xa0,
    0x0, 0xff, 0xf5, 0x0, 0x0, 0xb, 0xff, 0xa0,
    0x0, 0xdf, 0xfb, 0x0, 0x0, 0x1f, 0xff, 0x80,
    0x0, 0x7f, 0xff, 0xa2, 0x4, 0xdf, 0xff, 0x20,
    0x0, 0x8f, 0xff, 0xff, 0xff, 0xff, 0xff, 0x40,
    0x8, 0xff, 0xff, 0xff, 0xff, 0xff, 0xff, 0xf4,
    0xc, 0xff, 0xea, 0xff, 0xff, 0xe9, 0xff, 0xf6,
    0x0, 0xce, 0x20, 0x3, 0x42, 0x0, 0x6f, 0x60,
    0x0, 0x2, 0x0, 0x0, 0x0, 0x0, 0x2, 0x0,

    /* U+00A5 "¥" */
    0x9f, 0xff, 0x90, 0x0, 0x0, 0x0, 0xef, 0xff,
    0x41, 0xff, 0xff, 0x10, 0x0, 0x0, 0x6f, 0xff,
    0xb0, 0x8, 0xff, 0xf8, 0x0, 0x0, 0xd, 0xff,
    0xf3, 0x0, 0x1f, 0xff, 0xf1, 0x0, 0x6, 0xff,
    0xfa, 0x0, 0x0, 0x7f, 0xff, 0x70, 0x0, 0xdf,
    0xff, 0x20, 0x0, 0x0, 0xef, 0xfe, 0x0, 0x5f,
    0xff, 0x90, 0x0, 0x0, 0x6, 0xff, 0xf7, 0xd,
    0xff, 0xf1, 0x0, 0x0, 0x0, 0xd, 0xff, 0xe5,
    0xff, 0xf8, 0x0, 0x0, 0x0, 0x0, 0x5f, 0xff,
    0xff, 0xff, 0x10, 0x0, 0x0, 0x0, 0x0, 0xcf,
    0xff, 0xff, 0x70, 0x0, 0x0, 0x9, 0xff, 0xff,
    0xff, 0xff, 0xff, 0xff, 0xf4, 0x0, 0x9f, 0xff,
    0xff, 0xff, 0xff, 0xff, 0xff, 0x40, 0x1, 0x22,
    0x22, 0xbf, 0xff, 0x62, 0x22, 0x20, 0x0, 0x0,
    0x0, 0xa, 0xff, 0xf5, 0x0, 0x0, 0x0, 0x1,
    0x22, 0x22, 0xbf, 0xff, 0x62, 0x22, 0x20, 0x0,
    0x9f, 0xff, 0xff, 0xff, 0xff, 0xff, 0xff, 0x40,
    0x9, 0xff, 0xff, 0xff, 0xff, 0xff, 0xff, 0xf4,
    0x0, 0x0, 0x0, 0xa, 0xff, 0xf5, 0x0, 0x0,
    0x0, 0x0, 0x0, 0x0, 0xaf, 0xff, 0x50, 0x0,
    0x0, 0x0, 0x0, 0x0, 0xa, 0xff, 0xf5, 0x0,
    0x0, 0x0,

    /* U+00A6 "¦" */
    0xbf, 0xff, 0x2b, 0xff, 0xf2, 0xbf, 0xff, 0x2b,
    0xff, 0xf2, 0xbf, 0xff, 0x2b, 0xff, 0xf2, 0xbf,
    0xff, 0x2b, 0xff, 0xf2, 0xbf, 0xff, 0x2b, 0xff,
    0xf2, 0xbf, 0xff, 0x23, 0x44, 0x40, 0x0, 0x0,
    0x0, 0x0, 0x0, 0x0, 0x0, 0x0, 0x0, 0x0,
    0x35, 0x55, 0xb, 0xff, 0xf2, 0xbf, 0xff, 0x2b,
    0xff, 0xf2, 0xbf, 0xff, 0x2b, 0xff, 0xf2, 0xbf,
    0xff, 0x2b, 0xff, 0xf2, 0xbf, 0xff, 0x2b, 0xff,
    0xf2, 0xbf, 0xff, 0x2b, 0xff, 0xf2,

    /* U+00A7 "§" */
    0x0, 0x0, 0x5a, 0xdf, 0xff, 0xd9, 0x30, 0x0,
    0x0, 0x1c, 0xff, 0xff, 0xff, 0xff, 0xf9, 0x0,
    0x0, 0xcf, 0xff, 0xb8, 0x79, 0xef, 0xff, 0x70,
    0x2, 0xff, 0xf8, 0x0, 0x0, 0x1d, 0xff, 0xe0,
    0x4, 0xff, 0xf5, 0x0, 0x0, 0x2, 0x42, 0x0,
    0x2, 0xff, 0xfd, 0x20, 0x0, 0x0, 0x0, 0x0,
    0x0, 0xbf, 0xff, 0xfc, 0x74, 0x0, 0x0, 0x0,
    0x0, 0xb, 0xff, 0xff, 0xff, 0xfb, 0x50, 0x0,
    0x0, 0x4, 0xef, 0xff, 0xff, 0xff, 0xfc, 0x20,
    0x0, 0x9f, 0xff, 0xb8, 0x9d, 0xff, 0xff, 0xd0,
    0x5, 0xff, 0xf5, 0x0, 0x0, 0x3c, 0xff, 0xf5,
    0x9, 0xff, 0xe0, 0x0, 0x0, 0x2, 0xff, 0xf6,
    0x9, 0xff, 0xf3, 0x0, 0x0, 0x1, 0xff, 0xf4,
    0x5, 0xff, 0xff, 0x95, 0x21, 0x3b, 0xff, 0xd0,
    0x0, 0x9f, 0xff, 0xff, 0xff, 0xff, 0xfd, 0x20,
    0x0, 0x5, 0xdf, 0xff, 0xff, 0xff, 0xe3, 0x0,
    0x0, 0x0, 0x3, 0x7b, 0xff, 0xff, 0xff, 0x40,
    0x0, 0x0, 0x0, 0x0, 0x4, 0xaf, 0xff, 0xe0,
    0x0, 0x0, 0x0, 0x0, 0x0, 0x8, 0xff, 0xf2,
    0x4, 0x79, 0x40, 0x0, 0x0, 0x4, 0xff, 0xf2,
    0xf, 0xff, 0xd1, 0x0, 0x0, 0x9, 0xff, 0xf0,
    0x7, 0xff, 0xff, 0xa8, 0x79, 0xdf, 0xff, 0x80,
    0x0, 0x8f, 0xff, 0xff, 0xff, 0xff, 0xf9, 0x0,
    0x0, 0x2, 0x8c, 0xef, 0xfe, 0xc9, 0x30, 0x0,

    /* U+00A8 "¨" */
    0x23, 0x31, 0x0, 0x13, 0x32, 0xcf, 0xf6, 0x0,
    0x6f, 0xfc, 0xcf, 0xf6, 0x0, 0x6f, 0xfc, 0xcf,
    0xf6, 0x0, 0x6f, 0xfc,

    /* U+00A9 "©" */
    0x0, 0x0, 0x0, 0x5, 0xad, 0xff, 0xeb, 0x61,
    0x0, 0x0, 0x0, 0x0, 0x0, 0x6, 0xef, 0xfd,
    0xbb, 0xcf, 0xff, 0x70, 0x0, 0x0, 0x0, 0x0,
    0xbf, 0xe7, 0x10, 0x0, 0x0, 0x5d, 0xfc, 0x10,
    0x0, 0x0, 0xc, 0xfb, 0x10, 0x0, 0x0, 0x0,
    0x0, 0x9f, 0xd1, 0x0, 0x0, 0x9f, 0x90, 0x0,
    0x7c, 0xff, 0xd7, 0x10, 0x7, 0xfb, 0x0, 0x3,
    0xfc, 0x0, 0x1d, 0xff, 0xff, 0xff, 0xd1, 0x0,
    0xaf, 0x50, 0xb, 0xf2, 0x0, 0xcf, 0xf8, 0x21,
    0x6f, 0xfc, 0x0, 0xe, 0xd0, 0x1f, 0xb0, 0x3,
    0xff, 0x90, 0x0, 0x5, 0xfa, 0x10, 0x8, 0xf3,
    0x5f, 0x60, 0x7, 0xff, 0x30, 0x0, 0x0, 0x0,
    0x0, 0x3, 0xf7, 0x7f, 0x30, 0x9, 0xff, 0x0,
    0x0, 0x0, 0x0, 0x0, 0x0, 0xf9, 0x8f, 0x20,
    0xa, 0xff, 0x0, 0x0, 0x0, 0x0, 0x0, 0x0,
    0xfa, 0x7f, 0x30, 0x9, 0xff, 0x10, 0x0, 0x0,
    0x0, 0x0, 0x0, 0xf9, 0x5f, 0x60, 0x7, 0xff,
    0x40, 0x0, 0x0, 0x30, 0x0, 0x3, 0xf7, 0x1f,
    0xb0, 0x2, 0xff, 0xb0, 0x0, 0x5, 0xfe, 0x30,
    0x8, 0xf3, 0xb, 0xf2, 0x0, 0xaf, 0xf9, 0x21,
    0x6f, 0xfd, 0x0, 0xe, 0xd0, 0x3, 0xfc, 0x0,
    0x1c, 0xff, 0xff, 0xff, 0xe2, 0x0, 0xaf, 0x50,
    0x0, 0x9f, 0x90, 0x0, 0x6c, 0xff, 0xd8, 0x10,
    0x6, 0xfb, 0x0, 0x0, 0xc, 0xfa, 0x0, 0x0,
    0x0, 0x0, 0x0, 0x8f, 0xd1, 0x0, 0x0, 0x0,
    0xbf, 0xd5, 0x0, 0x0, 0x0, 0x5c, 0xfc, 0x10,
    0x0, 0x0, 0x0, 0x6, 0xef, 0xfc, 0xaa, 0xcf,
    0xff, 0x80, 0x0, 0x0, 0x0, 0x0, 0x0, 0x5,
    0xad, 0xff, 0xeb, 0x61, 0x0, 0x0, 0x0,

    /* U+00AA "ª" */
    0x0, 0x6, 0xab, 0xa6, 0x0, 0x0, 0x1, 0xdf,
    0xff, 0xff, 0xc0, 0x0, 0x9, 0xff, 0x50, 0x8f,
    0xf6, 0x0, 0x8, 0x98, 0x0, 0x1f, 0xf9, 0x0,
    0x0, 0x0, 0x11, 0x2f, 0xfa, 0x0, 0x3, 0xbf,
    0xff, 0xff, 0xfa, 0x0, 0xe, 0xfe, 0x75, 0x5f,
    0xfa, 0x0, 0x4f, 0xf7, 0x0, 0x3f, 0xfa, 0x0,
    0x4f, 0xfa, 0x1, 0xcf, 0xfb, 0x0, 0xe, 0xff,
    0xef, 0xac, 0xff, 0xe1, 0x3, 0xcf, 0xe8, 0x3,
    0xdf, 0xd1,

    /* U+00AB "«" */
    0x0, 0x1, 0x99, 0x95, 0x0, 0x39, 0x99, 0x30,
    0x0, 0xaf, 0xff, 0x30, 0x1e, 0xff, 0xd0, 0x0,
    0x6f, 0xff, 0x70, 0xa, 0xff, 0xf3, 0x0, 0x2f,
    0xff, 0xc0, 0x5, 0xff, 0xf8, 0x0, 0xc, 0xff,
    0xf2, 0x1, 0xff, 0xfc, 0x0, 0x7, 0xff, 0xf6,
    0x0, 0xbf, 0xff, 0x20, 0x0, 0xaf, 0xff, 0x10,
    0xe, 0xff, 0xc0, 0x0, 0x2, 0xff, 0xfb, 0x0,
    0x6f, 0xff, 0x70, 0x0, 0x6, 0xff, 0xf7, 0x0,
    0xaf, 0xff, 0x30, 0x0, 0xa, 0xff, 0xf3, 0x1,
    0xef, 0xfd, 0x0, 0x0, 0x1e, 0xff, 0xd0, 0x4,
    0xff, 0xfa, 0x0, 0x0, 0x3f, 0xff, 0x80, 0x8,
    0xff, 0xf4,

    /* U+00AC "¬" */
    0x34, 0x44, 0x44, 0x44, 0x44, 0x44, 0x44, 0x41,
    0xcf, 0xff, 0xff, 0xff, 0xff, 0xff, 0xff, 0xf4,
    0xcf, 0xff, 0xff, 0xff, 0xff, 0xff, 0xff, 0xf4,
    0xcf, 0xff, 0xff, 0xff, 0xff, 0xff, 0xff, 0xf4,
    0x0, 0x0, 0x0, 0x0, 0x0, 0x0, 0xff, 0xf4,
    0x0, 0x0, 0x0, 0x0, 0x0, 0x0, 0xff, 0xf4,
    0x0, 0x0, 0x0, 0x0, 0x0, 0x0, 0xff, 0xf4,
    0x0, 0x0, 0x0, 0x0, 0x0, 0x0, 0xff, 0xf4,
    0x0, 0x0, 0x0, 0x0, 0x0, 0x0, 0xff, 0xf4,
    0x0, 0x0, 0x0, 0x0, 0x0, 0x0, 0xff, 0xf4,

    /* U+00AD "­" */
    0x78, 0x88, 0x88, 0x86, 0xdf, 0xff, 0xff, 0xfc,
    0xdf, 0xff, 0xff, 0xfc, 0xdf, 0xff, 0xff, 0xfc,

    /* U+00AE "®" */
    0x0, 0x0, 0x0, 0x5, 0xad, 0xff, 0xeb, 0x61,
    0x0, 0x0, 0x0, 0x0, 0x0, 0x6, 0xef, 0xfd,
    0xbb, 0xcf, 0xff, 0x70, 0x0, 0x0, 0x0, 0x0,
    0xbf, 0xe7, 0x10, 0x0, 0x0, 0x5d, 0xfc, 0x10,
    0x0, 0x0, 0xc, 0xfb, 0x10, 0x0, 0x0, 0x0,
    0x0, 0x9f, 0xd1, 0x0, 0x0, 0x9f, 0x90, 0x0,
    0x0, 0x0, 0x0, 0x0, 0x7, 0xfb, 0x0, 0x3,
    0xfc, 0x0, 0x6f, 0xff, 0xff, 0xeb, 0x40, 0x0,
    0xaf, 0x50, 0xb, 0xf2, 0x0, 0x6f, 0xfe, 0xde,
    0xff, 0xf5, 0x0, 0xe, 0xd0, 0x1f, 0xb0, 0x0,
    0x6f, 0xf3, 0x0, 0x2f, 0xfc, 0x0, 0x8, 0xf3,
    0x5f, 0x60, 0x0, 0x6f, 0xf3, 0x0, 0xc, 0xfd,
    0x0, 0x3, 0xf7, 0x7f, 0x30, 0x0, 0x6f, 0xf3,
    0x0, 0x5f, 0xfa, 0x0, 0x0, 0xf9, 0x8f, 0x20,
    0x0, 0x6f, 0xff, 0xff, 0xff, 0xe2, 0x0, 0x0,
    0xfa, 0x7f, 0x30, 0x0, 0x6f, 0xfe, 0xef, 0xfa,
    0x10, 0x0, 0x0, 0xf9, 0x5f, 0x60, 0x0, 0x6f,
    0xf3, 0xb, 0xfe, 0x0, 0x0, 0x3, 0xf7, 0x1f,
    0xb0, 0x0, 0x6f, 0xf3, 0x2, 0xff, 0x90, 0x0,
    0x8, 0xf3, 0xb, 0xf2, 0x0, 0x6f, 0xf3, 0x0,
    0x9f, 0xf3, 0x0, 0xe, 0xd0, 0x3, 0xfc, 0x0,
    0x6f, 0xf3, 0x0, 0x1f, 0xfd, 0x0, 0xaf, 0x50,
    0x0, 0x9f, 0x90, 0x27, 0x71, 0x0, 0x4, 0x77,
    0x26, 0xfb, 0x0, 0x0, 0xc, 0xfa, 0x0, 0x0,
    0x0, 0x0, 0x0, 0x8f, 0xd1, 0x0, 0x0, 0x0,
    0xbf, 0xd5, 0x0, 0x0, 0x0, 0x5c, 0xfc, 0x10,
    0x0, 0x0, 0x0, 0x6, 0xef, 0xfc, 0xaa, 0xcf,
    0xff, 0x80, 0x0, 0x0, 0x0, 0x0, 0x0, 0x5,
    0xad, 0xff, 0xeb, 0x61, 0x0, 0x0, 0x0,

    /* U+00AF "¯" */
    0x1, 0x11, 0x11, 0x11, 0x11, 0x11, 0x11, 0x11,
    0x11, 0x4f, 0xff, 0xff, 0xff, 0xff, 0xff, 0xff,
    0xff, 0xfd, 0x14, 0x44, 0x44, 0x44, 0x44, 0x44,
    0x44, 0x44, 0x43,

    /* U+00B0 "°" */
    0x0, 0x0, 0x11, 0x0, 0x0, 0x0, 0x6e, 0xff,
    0xe7, 0x0, 0x9, 0xff, 0xff, 0xff, 0x90, 0x3f,
    0xf9, 0x11, 0x9f, 0xf4, 0x9f, 0xc0, 0x0, 0xd,
    0xf9, 0xaf, 0xa0, 0x0, 0xa, 0xfa, 0x8f, 0xd0,
    0x0, 0xe, 0xf8, 0x2f, 0xfb, 0x33, 0xbf, 0xf2,
    0x7, 0xff, 0xff, 0xff, 0x70, 0x0, 0x4c, 0xff,
    0xc4, 0x0,

    /* U+00B1 "±" */
    0x0, 0x0, 0x0, 0x2, 0x21, 0x0, 0x0, 0x0,
    0x0, 0x0, 0x0, 0x6f, 0xfe, 0x0, 0x0, 0x0,
    0x0, 0x0, 0x0, 0x6f, 0xfe, 0x0, 0x0, 0x0,
    0x0, 0x0, 0x0, 0x6f, 0xfe, 0x0, 0x0, 0x0,
    0x0, 0x0, 0x0, 0x6f, 0xfe, 0x0, 0x0, 0x0,
    0x13, 0x33, 0x33, 0x8f, 0xfe, 0x33, 0x33, 0x32,
    0x4f, 0xff, 0xff, 0xff, 0xff, 0xff, 0xff, 0xfc,
    0x4f, 0xff, 0xff, 0xff, 0xff, 0xff, 0xff, 0xfc,
    0x4f, 0xff, 0xff, 0xff, 0xff, 0xff, 0xff, 0xfc,
    0x0, 0x0, 0x0, 0x6f, 0xfe, 0x0, 0x0, 0x0,
    0x0, 0x0, 0x0, 0x6f, 0xfe, 0x0, 0x0, 0x0,
    0x0, 0x0, 0x0, 0x6f, 0xfe, 0x0, 0x0, 0x0,
    0x0, 0x0, 0x0, 0x6f, 0xfe, 0x0, 0x0, 0x0,
    0x0, 0x0, 0x0, 0x6f, 0xfe, 0x0, 0x0, 0x0,
    0x0, 0x0, 0x0, 0x0, 0x0, 0x0, 0x0, 0x0,
    0x13, 0x33, 0x33, 0x33, 0x33, 0x33, 0x33, 0x32,
    0x4f, 0xff, 0xff, 0xff, 0xff, 0xff, 0xff, 0xfc,
    0x4f, 0xff, 0xff, 0xff, 0xff, 0xff, 0xff, 0xfc,
    0x4f, 0xff, 0xff, 0xff, 0xff, 0xff, 0xff, 0xfc,

    /* U+00B2 "²" */
    0x0, 0x4b, 0xef, 0xd7, 0x0, 0x5, 0xff, 0xff,
    0xff, 0xa0, 0xe, 0xfe, 0x10, 0xef, 0xf1, 0x5,
    0x53, 0x0, 0xcf, 0xf1, 0x0, 0x0, 0x5, 0xff,
    0xd0, 0x0, 0x0, 0x8f, 0xfe, 0x20, 0x0, 0x1c,
    0xff, 0xc2, 0x0, 0x2, 0xef, 0xf7, 0x0, 0x0,
    0xd, 0xff, 0x71, 0x11, 0x10, 0x3f, 0xff, 0xff,
    0xff, 0xf5, 0x3f, 0xff, 0xff, 0xff, 0xf5,

    /* U+00B3 "³" */
    0x0, 0x5c, 0xef, 0xd8, 0x0, 0x7, 0xff, 0xff,
    0xff, 0xb0, 0xe, 0xfc, 0x0, 0xdf, 0xf0, 0x0,
    0x0, 0x1, 0xdf, 0xd0, 0x0, 0x4, 0xef, 0xfc,
    0x30, 0x0, 0x4, 0xff, 0xfc, 0x40, 0x0, 0x0,
    0x2, 0xcf, 0xf1, 0x15, 0x52, 0x0, 0x7f, 0xf4,
    0x1f, 0xfb, 0x0, 0xbf, 0xf3, 0x9, 0xff, 0xff,
    0xff, 0xc0, 0x0, 0x6c, 0xef, 0xd7, 0x0,

    /* U+00B4 "´" */
    0x0, 0x2, 0x88, 0x86, 0x0, 0x1d, 0xff, 0xf4,
    0x0, 0xcf, 0xfd, 0x20, 0xb, 0xff, 0xa0, 0x0,
    0x9f, 0xf6, 0x0, 0x0,

    /* U+00B5 "µ" */
    0xf, 0xff, 0xf1, 0x0, 0x0, 0xcf, 0xff, 0x50,
    0xff, 0xff, 0x10, 0x0, 0xc, 0xff, 0xf5, 0xf,
    0xff, 0xf1, 0x0, 0x0, 0xcf, 0xff, 0x50, 0xff,
    0xff, 0x10, 0x0, 0xc, 0xff, 0xf5, 0xf, 0xff,
    0xf1, 0x0, 0x0, 0xcf, 0xff, 0x50, 0xff, 0xff,
    0x10, 0x0, 0xc, 0xff, 0xf5, 0xf, 0xff, 0xf1,
    0x0, 0x0, 0xcf, 0xff, 0x50, 0xff, 0xff, 0x10,
    0x0, 0xc, 0xff, 0xf5, 0xf, 0xff, 0xf1, 0x0,
    0x0, 0xcf, 0xff, 0x50, 0xff, 0xff, 0x10, 0x0,
    0xc, 0xff, 0xf5, 0xf, 0xff, 0xf3, 0x0, 0x0,
    0xff, 0xff, 0x50, 0xff, 0xff, 0x80, 0x0, 0x4f,
    0xff, 0xf5, 0xf, 0xff, 0xff, 0x62, 0x4e, 0xff,
    0xff, 0x50, 0xff, 0xff, 0xff, 0xff, 0xff, 0xff,
    0xf6, 0xf, 0xff, 0xff, 0xff, 0xfd, 0x9f, 0xff,
    0x60, 0xff, 0xff, 0x5d, 0xfc, 0x27, 0xff, 0xf7,
    0xf, 0xff, 0xf1, 0x0, 0x0, 0x0, 0x0, 0x0,
    0xff, 0xff, 0x10, 0x0, 0x0, 0x0, 0x0, 0xf,
    0xff, 0xf1, 0x0, 0x0, 0x0, 0x0, 0x0, 0xff,
    0xff, 0x10, 0x0, 0x0, 0x0, 0x0, 0xf, 0xff,
    0xf1, 0x0, 0x0, 0x0, 0x0, 0x0, 0xff, 0xff,
    0x10, 0x0, 0x0, 0x0, 0x0,

    /* U+00B6 "¶" */
    0x0, 0x5b, 0xef, 0xff, 0xff, 0xff, 0xff, 0xb0,
    0x9f, 0xff, 0xff, 0xff, 0xff, 0xff, 0xfb, 0x5f,
    0xff, 0xff, 0xfa, 0x11, 0x8f, 0xc1, 0xb, 0xff,
    0xff, 0xff, 0xa0, 0x8, 0xfc, 0x0, 0xef, 0xff,
    0xff, 0xfa, 0x0, 0x8f, 0xc0, 0xe, 0xff, 0xff,
    0xff, 0xa0, 0x8, 0xfc, 0x0, 0xdf, 0xff, 0xff,
    0xfa, 0x0, 0x8f, 0xc0, 0x8, 0xff, 0xff, 0xff,
    0xa0, 0x8, 0xfc, 0x0, 0x1d, 0xff, 0xff, 0xfa,
    0x0, 0x8f, 0xc0, 0x0, 0x1a, 0xff, 0xff, 0xa0,
    0x8, 0xfc, 0x0, 0x0, 0x0, 0x3b, 0xfa, 0x0,
    0x8f, 0xc0, 0x0, 0x0, 0x0, 0xaf, 0xa0, 0x8,
    0xfc, 0x0, 0x0, 0x0, 0xa, 0xfa, 0x0, 0x8f,
    0xc0, 0x0, 0x0, 0x0, 0xaf, 0xa0, 0x8, 0xfc,
    0x0, 0x0, 0x0, 0xa, 0xfa, 0x0, 0x8f, 0xc0,
    0x0, 0x0, 0x0, 0xaf, 0xa0, 0x8, 0xfc, 0x0,
    0x0, 0x0, 0xa, 0xfa, 0x0, 0x8f, 0xc0, 0x0,
    0x0, 0x0, 0xaf, 0xa0, 0x8, 0xfc, 0x0, 0x0,
    0x0, 0xa, 0xfa, 0x0, 0x8f, 0xc0, 0x0, 0x0,
    0x0, 0xaf, 0xa0, 0x8, 0xfc, 0x0, 0x0, 0x0,
    0xa, 0xfa, 0x0, 0x8f, 0xc0, 0x0, 0x0, 0x0,
    0xaf, 0xa0, 0x8, 0xfc, 0x0, 0x0, 0x0, 0xa,
    0xfa, 0x0, 0x8f, 0xc0, 0x0, 0x0, 0x0, 0xaf,
    0xa0, 0x8, 0xfc, 0x0, 0x0, 0x0, 0x0, 0x10,
    0x0, 0x1, 0x0, 0x0,

    /* U+00B7 "·" */
    0x67, 0x77, 0x1f, 0xff, 0xf4, 0xff, 0xff, 0x4f,
    0xff, 0xf4, 0xff, 0xff, 0x40,

    /* U+00B8 "¸" */
    0x2, 0xfe, 0x0, 0x0, 0x8f, 0xea, 0x30, 0x6,
    0x8d, 0xff, 0x20, 0x0, 0x7f, 0xf4, 0x7b, 0xcf,
    0xfe, 0x18, 0xff, 0xd9, 0x20,

    /* U+00B9 "¹" */
    0x1, 0xaf, 0xf9, 0x0, 0x4, 0xef, 0xff, 0x90,
    0x0, 0xae, 0x6f, 0xf9, 0x0, 0x4, 0x1, 0xff,
    0x90, 0x0, 0x0, 0x1f, 0xf9, 0x0, 0x0, 0x1,
    0xff, 0x90, 0x0, 0x0, 0x1f, 0xf9, 0x0, 0x0,
    0x1, 0xff, 0x90, 0x0, 0x0, 0x1f, 0xf9, 0x0,
    0xa, 0xdd, 0xff, 0xed, 0xd0, 0xcf, 0xff, 0xff,
    0xff, 0x0,

    /* U+00BA "º" */
    0x0, 0x0, 0x2, 0x10, 0x0, 0x0, 0x4, 0xcf,
    0xff, 0xd5, 0x0, 0x4, 0xff, 0xff, 0xff, 0xf6,
    0x0, 0xdf, 0xf5, 0x4, 0xff, 0xf0, 0x3f, 0xfb,
    0x0, 0xa, 0xff, 0x45, 0xff, 0x90, 0x0, 0x8f,
    0xf6, 0x4f, 0xf9, 0x0, 0x8, 0xff, 0x62, 0xff,
    0xc0, 0x0, 0xbf, 0xf3, 0xc, 0xff, 0x72, 0x6f,
    0xfd, 0x0, 0x3f, 0xff, 0xff, 0xff, 0x30, 0x0,
    0x2a, 0xef, 0xea, 0x20, 0x0,

    /* U+00BB "»" */
    0x59, 0x99, 0x10, 0x8, 0x99, 0x70, 0x0, 0x3,
    0xff, 0xfa, 0x0, 0x7f, 0xff, 0x50, 0x0, 0x8,
    0xff, 0xf5, 0x0, 0xcf, 0xff, 0x20, 0x0, 0xc,
    0xff, 0xf1, 0x2, 0xff, 0xfc, 0x0, 0x0, 0x2f,
    0xff, 0xc0, 0x6, 0xff, 0xf7, 0x0, 0x0, 0x6f,
    0xff, 0x70, 0xa, 0xff, 0xf3, 0x0, 0x2, 0xff,
    0xf9, 0x0, 0x6f, 0xff, 0x50, 0x0, 0xcf, 0xff,
    0x20, 0x1e, 0xff, 0xc0, 0x0, 0x8f, 0xff, 0x50,
    0xc, 0xff, 0xf2, 0x0, 0x3f, 0xff, 0xa0, 0x7,
    0xff, 0xf6, 0x0, 0xd, 0xff, 0xe1, 0x3, 0xff,
    0xfa, 0x0, 0x8, 0xff, 0xf3, 0x0, 0xdf, 0xfe,
    0x0, 0x0,

    /* U+00BC "¼" */
    0x0, 0x8f, 0xfb, 0x0, 0x0, 0x0, 0x0, 0x0,
    0x3f, 0xfc, 0x0, 0x0, 0x0, 0x2, 0xdf, 0xff,
    0xb0, 0x0, 0x0, 0x0, 0x0, 0xc, 0xff, 0x20,
    0x0, 0x0, 0x0, 0x7e, 0x5e, 0xfb, 0x0, 0x0,
    0x0, 0x0, 0x7, 0xff, 0x70, 0x0, 0x0, 0x0,
    0x3, 0x10, 0xef, 0xb0, 0x0, 0x0, 0x0, 0x2,
    0xff, 0xd0, 0x0, 0x0, 0x0, 0x0, 0x0, 0xe,
    0xfb, 0x0, 0x0, 0x0, 0x0, 0xbf, 0xf3, 0x0,
    0x0, 0x0, 0x0, 0x0, 0x0, 0xef, 0xb0, 0x0,
    0x0, 0x0, 0x6f, 0xf9, 0x0, 0x0, 0x0, 0x0,
    0x0, 0x0, 0xe, 0xfb, 0x0, 0x0, 0x0, 0x1e,
    0xfe, 0x0, 0x0, 0x0, 0x0, 0x0, 0x0, 0x0,
    0xef, 0xb0, 0x0, 0x0, 0xa, 0xff, 0x40, 0x0,
    0x0, 0x0, 0x0, 0x0, 0x0, 0xe, 0xfb, 0x0,
    0x0, 0x4, 0xff, 0xa0, 0x0, 0x0, 0x0, 0x0,
    0x0, 0xa, 0xff, 0xff, 0xff, 0xf3, 0x0, 0xef,
    0xe1, 0x0, 0x0, 0x0, 0x0, 0x0, 0x0, 0x7c,
    0xcc, 0xcc, 0xcc, 0x20, 0x9f, 0xf5, 0x0, 0x0,
    0x0, 0x0, 0x0, 0x0, 0x0, 0x0, 0x0, 0x0,
    0x0, 0x3f, 0xfb, 0x0, 0x0, 0x0, 0x0, 0x0,
    0x0, 0x0, 0x0, 0x0, 0x0, 0x0, 0xd, 0xff,
    0x20, 0x0, 0x0, 0x0, 0x0, 0x0, 0x0, 0x0,
    0x0, 0x0, 0x0, 0x7, 0xff, 0x70, 0x0, 0x0,
    0x0, 0x9, 0xff, 0xf1, 0x0, 0x0, 0x0, 0x0,
    0x2, 0xff, 0xc0, 0x0, 0x0, 0x0, 0x8, 0xff,
    0xff, 0x10, 0x0, 0x0, 0x0, 0x0, 0xcf, 0xf3,
    0x0, 0x0, 0x0, 0x7, 0xfd, 0xaf, 0xf1, 0x0,
    0x0, 0x0, 0x0, 0x6f, 0xf8, 0x0, 0x0, 0x0,
    0x7, 0xfd, 0x1a, 0xff, 0x10, 0x0, 0x0, 0x0,
    0x1f, 0xfd, 0x0, 0x0, 0x0, 0x6, 0xfd, 0x10,
    0xbf, 0xf1, 0x0, 0x0, 0x0, 0xa, 0xff, 0x40,
    0x0, 0x0, 0x5, 0xfe, 0x20, 0xb, 0xff, 0x10,
    0x0, 0x0, 0x5, 0xff, 0x90, 0x0, 0x0, 0x3,
    0xff, 0xa8, 0x88, 0xdf, 0xf9, 0x80, 0x0, 0x0,
    0x68, 0x81, 0x0, 0x0, 0x0, 0x4f, 0xff, 0xff,
    0xff, 0xff, 0xff, 0x0, 0x0, 0x0, 0x0, 0x0,
    0x0, 0x0, 0x0, 0x0, 0x0, 0x0, 0xbf, 0xf1,
    0x0, 0x0, 0x0, 0x0, 0x0, 0x0, 0x0, 0x0,
    0x0, 0x0, 0x0, 0xb, 0xff, 0x10, 0x0,

    /* U+00BD "½" */
    0x0, 0x17, 0x85, 0x0, 0x0, 0x0, 0x0, 0x0,
    0x28, 0x84, 0x0, 0x0, 0x6f, 0xff, 0xb0, 0x0,
    0x0, 0x0, 0x0, 0xc, 0xff, 0x20, 0x0, 0x6f,
    0xcf, 0xfb, 0x0, 0x0, 0x0, 0x0, 0x7, 0xff,
    0x80, 0x0, 0x6, 0x60, 0xef, 0xb0, 0x0, 0x0,
    0x0, 0x1, 0xff, 0xd0, 0x0, 0x0, 0x0, 0xe,
    0xfb, 0x0, 0x0, 0x0, 0x0, 0xbf, 0xf3, 0x0,
    0x0, 0x0, 0x0, 0xef, 0xb0, 0x0, 0x0, 0x0,
    0x5f, 0xf9, 0x0, 0x0, 0x0, 0x0, 0xe, 0xfb,
    0x0, 0x0, 0x0, 0x1e, 0xfe, 0x0, 0x0, 0x0,
    0x0, 0x0, 0xef, 0xb0, 0x0, 0x0, 0xa, 0xff,
    0x40, 0x0, 0x0, 0x0, 0x0, 0xe, 0xfb, 0x0,
    0x0, 0x4, 0xff, 0xa0, 0x0, 0x0, 0x0, 0x7,
    0xcc, 0xff, 0xec, 0xc2, 0x0, 0xdf, 0xe1, 0x0,
    0x0, 0x0, 0x0, 0xaf, 0xff, 0xff, 0xff, 0x30,
    0x8f, 0xf6, 0x0, 0x7b, 0xcb, 0x60, 0x0, 0x0,
    0x0, 0x0, 0x0, 0x3f, 0xfb, 0x1, 0xdf, 0xff,
    0xff, 0xc0, 0x0, 0x0, 0x0, 0x0, 0xc, 0xff,
    0x20, 0x9f, 0xf5, 0xb, 0xff, 0x40, 0x0, 0x0,
    0x0, 0x7, 0xff, 0x70, 0x5, 0x76, 0x0, 0x8f,
    0xf6, 0x0, 0x0, 0x0, 0x2, 0xff, 0xc0, 0x0,
    0x0, 0x0, 0x1e, 0xff, 0x20, 0x0, 0x0, 0x0,
    0xbf, 0xf3, 0x0, 0x0, 0x0, 0x4e, 0xff, 0x70,
    0x0, 0x0, 0x0, 0x6f, 0xf8, 0x0, 0x0, 0x0,
    0x8f, 0xff, 0x50, 0x0, 0x0, 0x0, 0x1e, 0xfd,
    0x0, 0x0, 0x0, 0xaf, 0xfc, 0x10, 0x0, 0x0,
    0x0, 0xa, 0xff, 0x40, 0x0, 0x0, 0x8f, 0xfa,
    0x0, 0x0, 0x0, 0x0, 0x4, 0xff, 0xa0, 0x0,
    0x0, 0xf, 0xff, 0xff, 0xff, 0xf9, 0x0, 0x0,
    0xef, 0xe1, 0x0, 0x0, 0x0, 0xff, 0xff, 0xff,
    0xff, 0x90,

    /* U+00BE "¾" */
    0x0, 0x6c, 0xff, 0xd7, 0x0, 0x0, 0x0, 0x0,
    0x1b, 0xc9, 0x0, 0x0, 0x0, 0x0, 0x9f, 0xfe,
    0xff, 0xf9, 0x0, 0x0, 0x0, 0xa, 0xff, 0x40,
    0x0, 0x0, 0x0, 0x1f, 0xfa, 0x0, 0xef, 0xe0,
    0x0, 0x0, 0x5, 0xff, 0x90, 0x0, 0x0, 0x0,
    0x0, 0x0, 0x0, 0x1f, 0xfb, 0x0, 0x0, 0x1,
    0xef, 0xe1, 0x0, 0x0, 0x0, 0x0, 0x0, 0x5,
    0xdf, 0xfc, 0x20, 0x0, 0x0, 0x9f, 0xf5, 0x0,
    0x0, 0x0, 0x0, 0x0, 0x0, 0x6f, 0xff, 0xb2,
    0x0, 0x0, 0x4f, 0xfa, 0x0, 0x0, 0x0, 0x0,
    0x0, 0x0, 0x0, 0x3, 0xef, 0xe0, 0x0, 0xd,
    0xfe, 0x10, 0x0, 0x0, 0x0, 0x0, 0x2, 0x66,
    0x20, 0x9, 0xff, 0x20, 0x8, 0xff, 0x60, 0x0,
    0x0, 0x0, 0x0, 0x0, 0x3f, 0xfa, 0x11, 0xdf,
    0xf1, 0x3, 0xff, 0xb0, 0x0, 0x0, 0x0, 0x0,
    0x0, 0x0, 0xaf, 0xff, 0xff, 0xf8, 0x0, 0xdf,
    0xf2, 0x0, 0x0, 0x0, 0x0, 0x0, 0x0, 0x0,
    0x5a, 0xcc, 0xa4, 0x0, 0x7f, 0xf7, 0x0, 0x0,
    0x0, 0x0, 0x0, 0x0, 0x0, 0x0, 0x0, 0x0,
    0x0, 0x2f, 0xfc, 0x0, 0x0, 0x0, 0x0, 0x0,
    0x0, 0x0, 0x0, 0x0, 0x0, 0x0, 0xc, 0xff,
    0x20, 0x0, 0x0, 0x0, 0x0, 0x0, 0x0, 0x0,
    0x0, 0x0, 0x0, 0x6, 0xff, 0x80, 0x0, 0x0,
    0x0, 0x9, 0xff, 0xf1, 0x0, 0x0, 0x0, 0x0,
    0x1, 0xff, 0xd0, 0x0, 0x0, 0x0, 0x8, 0xff,
    0xff, 0x10, 0x0, 0x0, 0x0, 0x0, 0xbf, 0xf3,
    0x0, 0x0, 0x0, 0x8, 0xfc, 0xaf, 0xf1, 0x0,
    0x0, 0x0, 0x0, 0x5f, 0xf9, 0x0, 0x0, 0x0,
    0x7, 0xfd, 0x1a, 0xff, 0x10, 0x0, 0x0, 0x0,
    0x1e, 0xfd, 0x0, 0x0, 0x0, 0x6, 0xfd, 0x10,
    0xbf, 0xf1, 0x0, 0x0, 0x0, 0xa, 0xff, 0x40,
    0x0, 0x0, 0x6, 0xfe, 0x20, 0xb, 0xff, 0x10,
    0x0, 0x0, 0x4, 0xff, 0x90, 0x0, 0x0, 0x3,
    0xff, 0xa8, 0x88, 0xdf, 0xf9, 0x80, 0x0, 0x0,
    0x68, 0x81, 0x0, 0x0, 0x0, 0x4f, 0xff, 0xff,
    0xff, 0xff, 0xff, 0x0, 0x0, 0x0, 0x0, 0x0,
    0x0, 0x0, 0x0, 0x0, 0x0, 0x0, 0xbf, 0xf1,
    0x0, 0x0, 0x0, 0x0, 0x0, 0x0, 0x0, 0x0,
    0x0, 0x0, 0x0, 0xb, 0xff, 0x10, 0x0,

    /* U+00BF "¿" */
    0x0, 0x0, 0x0, 0x6f, 0xff, 0xd0, 0x0, 0x0,
    0x0, 0x0, 0x0, 0x6f, 0xff, 0xd0, 0x0, 0x0,
    0x0, 0x0, 0x0, 0x6f, 0xff, 0xd0, 0x0, 0x0,
    0x0, 0x0, 0x0, 0x5e, 0xee, 0xc0, 0x0, 0x0,
    0x0, 0x0, 0x0, 0x0, 0x0, 0x0, 0x0, 0x0,
    0x0, 0x0, 0x0, 0x0, 0x0, 0x0, 0x0, 0x0,
    0x0, 0x0, 0x0, 0x2c, 0xcc, 0x80, 0x0, 0x0,
    0x0, 0x0, 0x0, 0x8f, 0xff, 0x70, 0x0, 0x0,
    0x0, 0x0, 0x4, 0xff, 0xff, 0x10, 0x0, 0x0,
    0x0, 0x0, 0x7f, 0xff, 0xf6, 0x0, 0x0, 0x0,
    0x0, 0x1b, 0xff, 0xff, 0x70, 0x0, 0x0, 0x0,
    0x1, 0xdf, 0xff, 0xe4, 0x0, 0x0, 0x0, 0x0,
    0xa, 0xff, 0xfe, 0x20, 0x0, 0x0, 0x0, 0x0,
    0x1f, 0xff, 0xf3, 0x0, 0x0, 0x0, 0x0, 0x0,
    0x4f, 0xff, 0xe0, 0x0, 0x0, 0x1, 0x55, 0x54,
    0x4f, 0xff, 0xe0, 0x0, 0x0, 0x8, 0xff, 0xfb,
    0x2f, 0xff, 0xf5, 0x0, 0x0, 0x3f, 0xff, 0xf6,
    0xd, 0xff, 0xff, 0x95, 0x59, 0xff, 0xff, 0xe0,
    0x3, 0xff, 0xff, 0xff, 0xff, 0xff, 0xff, 0x40,
    0x0, 0x4e, 0xff, 0xff, 0xff, 0xff, 0xe4, 0x0,
    0x0, 0x0, 0x6b, 0xef, 0xfe, 0xb6, 0x0, 0x0,

    /* U+00C0 "À" */
    0x0, 0x0, 0x0, 0x58, 0x88, 0x20, 0x0, 0x0,
    0x0, 0x0, 0x0, 0x0, 0x0, 0x5, 0xff, 0xfd,
    0x10, 0x0, 0x0, 0x0, 0x0, 0x0, 0x0, 0x0,
    0x2, 0xdf, 0xfd, 0x10, 0x0, 0x0, 0x0, 0x0,
    0x0, 0x0, 0x0, 0x0, 0xaf, 0xfc, 0x0, 0x0,
    0x0, 0x0, 0x0, 0x0, 0x0, 0x0, 0x0, 0x6f,
    0xf9, 0x0, 0x0, 0x0, 0x0, 0x0, 0x0, 0x0,
    0x0, 0x0, 0x0, 0x0, 0x0, 0x0, 0x0, 0x0,
    0x0, 0x0, 0x0, 0x0, 0x0, 0x0, 0x0, 0x0,
    0x0, 0x0, 0x0, 0x0, 0x0, 0xe, 0xff, 0xff,
    0x80, 0x0, 0x0, 0x0, 0x0, 0x0, 0x0, 0x4,
    0xff, 0xff, 0xfe, 0x0, 0x0, 0x0, 0x0, 0x0,
    0x0, 0x0, 0xaf, 0xff, 0xff, 0xf4, 0x0, 0x0,
    0x0, 0x0, 0x0, 0x0, 0x1f, 0xff, 0xbf, 0xff,
    0xa0, 0x0, 0x0, 0x0, 0x0, 0x0, 0x6, 0xff,
    0xf5, 0xaf, 0xff, 0x10, 0x0, 0x0, 0x0, 0x0,
    0x0, 0xcf, 0xff, 0x5, 0xff, 0xf6, 0x0, 0x0,
    0x0, 0x0, 0x0, 0x2f, 0xff, 0xb0, 0xf, 0xff,
    0xc0, 0x0, 0x0, 0x0, 0x0, 0x8, 0xff, 0xf5,
    0x0, 0xaf, 0xff, 0x20, 0x0, 0x0, 0x0, 0x0,
    0xef, 0xff, 0x0, 0x5, 0xff, 0xf8, 0x0, 0x0,
    0x0, 0x0, 0x4f, 0xff, 0xa0, 0x0, 0xf, 0xff,
    0xe0, 0x0, 0x0, 0x0, 0xa, 0xff, 0xf4, 0x0,
    0x0, 0xaf, 0xff, 0x40, 0x0, 0x0, 0x1, 0xff,
    0xff, 0x33, 0x33, 0x37, 0xff, 0xfa, 0x0, 0x0,
    0x0, 0x6f, 0xff, 0xff, 0xff, 0xff, 0xff, 0xff,
    0xf1, 0x0, 0x0, 0xc, 0xff, 0xff, 0xff, 0xff,
    0xff, 0xff, 0xff, 0x60, 0x0, 0x2, 0xff, 0xff,
    0xff, 0xff, 0xff, 0xff, 0xff, 0xfc, 0x0, 0x0,
    0x8f, 0xff, 0xb0, 0x0, 0x0, 0x0, 0x1f, 0xff,
    0xf2, 0x0, 0xe, 0xff, 0xf5, 0x0, 0x0, 0x0,
    0x0, 0xbf, 0xff, 0x80, 0x4, 0xff, 0xff, 0x0,
    0x0, 0x0, 0x0, 0x5, 0xff, 0xfe, 0x0, 0xbf,
    0xff, 0x90, 0x0, 0x0, 0x0, 0x0, 0xe, 0xff,
    0xf4, 0x1f, 0xff, 0xf3, 0x0, 0x0, 0x0, 0x0,
    0x0, 0x9f, 0xff, 0xa0,

    /* U+00C1 "Á" */
    0x0, 0x0, 0x0, 0x0, 0x0, 0x1, 0x78, 0x86,
    0x0, 0x0, 0x0, 0x0, 0x0, 0x0, 0x0, 0x0,
    0xcf, 0xff, 0x60, 0x0, 0x0, 0x0, 0x0, 0x0,
    0x0, 0x0, 0xbf, 0xfe, 0x30, 0x0, 0x0, 0x0,
    0x0, 0x0, 0x0, 0x0, 0xaf, 0xfb, 0x10, 0x0,
    0x0, 0x0, 0x0, 0x0, 0x0, 0x0, 0x7f, 0xf8,
    0x0, 0x0, 0x0, 0x0, 0x0, 0x0, 0x0, 0x0,
    0x0, 0x0, 0x0, 0x0, 0x0, 0x0, 0x0, 0x0,
    0x0, 0x0, 0x0, 0x0, 0x0, 0x0, 0x0, 0x0,
    0x0, 0x0, 0x0, 0x0, 0x0, 0xe, 0xff, 0xff,
    0x80, 0x0, 0x0, 0x0, 0x0, 0x0, 0x0, 0x4,
    0xff, 0xff, 0xfe, 0x0, 0x0, 0x0, 0x0, 0x0,
    0x0, 0x0, 0xaf, 0xff, 0xff, 0xf4, 0x0, 0x0,
    0x0, 0x0, 0x0, 0x0, 0x1f, 0xff, 0xbf, 0xff,
    0xa0, 0x0, 0x0, 0x0, 0x0, 0x0, 0x6, 0xff,
    0xf5, 0xaf, 0xff, 0x10, 0x0, 0x0, 0x0, 0x0,
    0x0, 0xcf, 0xff, 0x5, 0xff, 0xf6, 0x0, 0x0,
    0x0, 0x0, 0x0, 0x2f, 0xff, 0xb0, 0xf, 0xff,
    0xc0, 0x0, 0x0, 0x0, 0x0, 0x8, 0xff, 0xf5,
    0x0, 0xaf, 0xff, 0x20, 0x0, 0x0, 0x0, 0x0,
    0xef, 0xff, 0x0, 0x5, 0xff, 0xf8, 0x0, 0x0,
    0x0, 0x0, 0x4f, 0xff, 0xa0, 0x0, 0xf, 0xff,
    0xe0, 0x0, 0x0, 0x0, 0xa, 0xff, 0xf4, 0x0,
    0x0, 0xaf, 0xff, 0x40, 0x0, 0x0, 0x1, 0xff,
    0xff, 0x33, 0x33, 0x37, 0xff, 0xfa, 0x0, 0x0,
    0x0, 0x6f, 0xff, 0xff, 0xff, 0xff, 0xff, 0xff,
    0xf1, 0x0, 0x0, 0xc, 0xff, 0xff, 0xff, 0xff,
    0xff, 0xff, 0xff, 0x60, 0x0, 0x2, 0xff, 0xff,
    0xff, 0xff, 0xff, 0xff, 0xff, 0xfc, 0x0, 0x0,
    0x8f, 0xff, 0xb0, 0x0, 0x0, 0x0, 0x1f, 0xff,
    0xf2, 0x0, 0xe, 0xff, 0xf5, 0x0, 0x0, 0x0,
    0x0, 0xbf, 0xff, 0x80, 0x4, 0xff, 0xff, 0x0,
    0x0, 0x0, 0x0, 0x5, 0xff, 0xfe, 0x0, 0xbf,
    0xff, 0x90, 0x0, 0x0, 0x0, 0x0, 0xe, 0xff,
    0xf4, 0x1f, 0xff, 0xf3, 0x0, 0x0, 0x0, 0x0,
    0x0, 0x9f, 0xff, 0xa0,

    /* U+00C2 "Â" */
    0x0, 0x0, 0x0, 0x0, 0x7, 0x88, 0x60, 0x0,
    0x0, 0x0, 0x0, 0x0, 0x0, 0x0, 0xb, 0xff,
    0xff, 0x70, 0x0, 0x0, 0x0, 0x0, 0x0, 0x0,
    0xa, 0xff, 0xef, 0xff, 0x50, 0x0, 0x0, 0x0,
    0x0, 0x0, 0x9, 0xff, 0xb1, 0x3e, 0xff, 0x40,
    0x0, 0x0, 0x0, 0x0, 0x6, 0xff, 0x70, 0x0,
    0x1b, 0xff, 0x10, 0x0, 0x0, 0x0, 0x0, 0x0,
    0x0, 0x0, 0x0, 0x0, 0x0, 0x0, 0x0, 0x0,
    0x0, 0x0, 0x0, 0x0, 0x0, 0x0, 0x0, 0x0,
    0x0, 0x0, 0x0, 0x0, 0x0, 0xe, 0xff, 0xff,
    0x80, 0x0, 0x0, 0x0, 0x0, 0x0, 0x0, 0x4,
    0xff, 0xff, 0xfe, 0x0, 0x0, 0x0, 0x0, 0x0,
    0x0, 0x0, 0xaf, 0xff, 0xff, 0xf4, 0x0, 0x0,
    0x0, 0x0, 0x0, 0x0, 0x1f, 0xff, 0xbf, 0xff,
    0xa0, 0x0, 0x0, 0x0, 0x0, 0x0, 0x6, 0xff,
    0xf5, 0xaf, 0xff, 0x10, 0x0, 0x0, 0x0, 0x0,
    0x0, 0xcf, 0xff, 0x5, 0xff, 0xf6, 0x0, 0x0,
    0x0, 0x0, 0x0, 0x2f, 0xff, 0xb0, 0xf, 0xff,
    0xc0, 0x0, 0x0, 0x0, 0x0, 0x8, 0xff, 0xf5,
    0x0, 0xaf, 0xff, 0x20, 0x0, 0x0, 0x0, 0x0,
    0xef, 0xff, 0x0, 0x5, 0xff, 0xf8, 0x0, 0x0,
    0x0, 0x0, 0x4f, 0xff, 0xa0, 0x0, 0xf, 0xff,
    0xe0, 0x0, 0x0, 0x0, 0xa, 0xff, 0xf4, 0x0,
    0x0, 0xaf, 0xff, 0x40, 0x0, 0x0, 0x1, 0xff,
    0xff, 0x33, 0x33, 0x37, 0xff, 0xfa, 0x0, 0x0,
    0x0, 0x6f, 0xff, 0xff, 0xff, 0xff, 0xff, 0xff,
    0xf1, 0x0, 0x0, 0xc, 0xff, 0xff, 0xff, 0xff,
    0xff, 0xff, 0xff, 0x60, 0x0, 0x2, 0xff, 0xff,
    0xff, 0xff, 0xff, 0xff, 0xff, 0xfc, 0x0, 0x0,
    0x8f, 0xff, 0xb0, 0x0, 0x0, 0x0, 0x1f, 0xff,
    0xf2, 0x0, 0xe, 0xff, 0xf5, 0x0, 0x0, 0x0,
    0x0, 0xbf, 0xff, 0x80, 0x4, 0xff, 0xff, 0x0,
    0x0, 0x0, 0x0, 0x5, 0xff, 0xfe, 0x0, 0xbf,
    0xff, 0x90, 0x0, 0x0, 0x0, 0x0, 0xe, 0xff,
    0xf4, 0x1f, 0xff, 0xf3, 0x0, 0x0, 0x0, 0x0,
    0x0, 0x9f, 0xff, 0xa0,

    /* U+00C3 "Ã" */
    0x0, 0x0, 0x0, 0x5, 0x63, 0x0, 0x0, 0x37,
    0x30, 0x0, 0x0, 0x0, 0x0, 0xc, 0xff, 0xfb,
    0x20, 0xb, 0xf6, 0x0, 0x0, 0x0, 0x0, 0x6,
    0xff, 0xff, 0xff, 0xa9, 0xff, 0x30, 0x0, 0x0,
    0x0, 0x0, 0xbf, 0x90, 0x5d, 0xff, 0xff, 0xd0,
    0x0, 0x0, 0x0, 0x0, 0xd, 0xf3, 0x0, 0x7,
    0xdf, 0xb2, 0x0, 0x0, 0x0, 0x0, 0x0, 0x0,
    0x0, 0x0, 0x0, 0x0, 0x0, 0x0, 0x0, 0x0,
    0x0, 0x0, 0x0, 0x0, 0x0, 0x0, 0x0, 0x0,
    0x0, 0x0, 0x0, 0x0, 0x0, 0xe, 0xff, 0xff,
    0x80, 0x0, 0x0, 0x0, 0x0, 0x0, 0x0, 0x4,
    0xff, 0xff, 0xfe, 0x0, 0x0, 0x0, 0x0, 0x0,
    0x0, 0x0, 0xaf, 0xff, 0xff, 0xf4, 0x0, 0x0,
    0x0, 0x0, 0x0, 0x0, 0x1f, 0xff, 0xbf, 0xff,
    0xa0, 0x0, 0x0, 0x0, 0x0, 0x0, 0x6, 0xff,
    0xf5, 0xaf, 0xff, 0x10, 0x0, 0x0, 0x0, 0x0,
    0x0, 0xcf, 0xff, 0x5, 0xff, 0xf6, 0x0, 0x0,
    0x0, 0x0, 0x0, 0x2f, 0xff, 0xb0, 0xf, 0xff,
    0xc0, 0x0, 0x0, 0x0, 0x0, 0x8, 0xff, 0xf5,
    0x0, 0xaf, 0xff, 0x20, 0x0, 0x0, 0x0, 0x0,
    0xef, 0xff, 0x0, 0x5, 0xff, 0xf8, 0x0, 0x0,
    0x0, 0x0, 0x4f, 0xff, 0xa0, 0x0, 0xf, 0xff,
    0xe0, 0x0, 0x0, 0x0, 0xa, 0xff, 0xf4, 0x0,
    0x0, 0xaf, 0xff, 0x40, 0x0, 0x0, 0x1, 0xff,
    0xff, 0x33, 0x33, 0x37, 0xff, 0xfa, 0x0, 0x0,
    0x0, 0x6f, 0xff, 0xff, 0xff, 0xff, 0xff, 0xff,
    0xf1, 0x0, 0x0, 0xc, 0xff, 0xff, 0xff, 0xff,
    0xff, 0xff, 0xff, 0x60, 0x0, 0x2, 0xff, 0xff,
    0xff, 0xff, 0xff, 0xff, 0xff, 0xfc, 0x0, 0x0,
    0x8f, 0xff, 0xb0, 0x0, 0x0, 0x0, 0x1f, 0xff,
    0xf2, 0x0, 0xe, 0xff, 0xf5, 0x0, 0x0, 0x0,
    0x0, 0xbf, 0xff, 0x80, 0x4, 0xff, 0xff, 0x0,
    0x0, 0x0, 0x0, 0x5, 0xff, 0xfe, 0x0, 0xbf,
    0xff, 0x90, 0x0, 0x0, 0x0, 0x0, 0xe, 0xff,
    0xf4, 0x1f, 0xff, 0xf3, 0x0, 0x0, 0x0, 0x0,
    0x0, 0x9f, 0xff, 0xa0,

    /* U+00C4 "Ä" */
    0x0, 0x0, 0x0, 0x22, 0x20, 0x0, 0x2, 0x21,
    0x0, 0x0, 0x0, 0x0, 0x0, 0xf, 0xfe, 0x0,
    0x4, 0xff, 0x90, 0x0, 0x0, 0x0, 0x0, 0x0,
    0xff, 0xe0, 0x0, 0x4f, 0xf9, 0x0, 0x0, 0x0,
    0x0, 0x0, 0xf, 0xfe, 0x0, 0x4, 0xff, 0x90,
    0x0, 0x0, 0x0, 0x0, 0x0, 0x0, 0x0, 0x0,
    0x0, 0x0, 0x0, 0x0, 0x0, 0x0, 0x0, 0x0,
    0x0, 0x0, 0x0, 0x0, 0x0, 0x0, 0x0, 0x0,
    0x0, 0x0, 0x0, 0xef, 0xff, 0xf8, 0x0, 0x0,
    0x0, 0x0, 0x0, 0x0, 0x0, 0x4f, 0xff, 0xff,
    0xe0, 0x0, 0x0, 0x0, 0x0, 0x0, 0x0, 0xa,
    0xff, 0xff, 0xff, 0x40, 0x0, 0x0, 0x0, 0x0,
    0x0, 0x1, 0xff, 0xfb, 0xff, 0xfa, 0x0, 0x0,
    0x0, 0x0, 0x0, 0x0, 0x6f, 0xff, 0x5a, 0xff,
    0xf1, 0x0, 0x0, 0x0, 0x0, 0x0, 0xc, 0xff,
    0xf0, 0x5f, 0xff, 0x60, 0x0, 0x0, 0x0, 0x0,
    0x2, 0xff, 0xfb, 0x0, 0xff, 0xfc, 0x0, 0x0,
    0x0, 0x0, 0x0, 0x8f, 0xff, 0x50, 0xa, 0xff,
    0xf2, 0x0, 0x0, 0x0, 0x0, 0xe, 0xff, 0xf0,
    0x0, 0x5f, 0xff, 0x80, 0x0, 0x0, 0x0, 0x4,
    0xff, 0xfa, 0x0, 0x0, 0xff, 0xfe, 0x0, 0x0,
    0x0, 0x0, 0xaf, 0xff, 0x40, 0x0, 0xa, 0xff,
    0xf4, 0x0, 0x0, 0x0, 0x1f, 0xff, 0xf3, 0x33,
    0x33, 0x7f, 0xff, 0xa0, 0x0, 0x0, 0x6, 0xff,
    0xff, 0xff, 0xff, 0xff, 0xff, 0xff, 0x10, 0x0,
    0x0, 0xcf, 0xff, 0xff, 0xff, 0xff, 0xff, 0xff,
    0xf6, 0x0, 0x0, 0x2f, 0xff, 0xff, 0xff, 0xff,
    0xff, 0xff, 0xff, 0xc0, 0x0, 0x8, 0xff, 0xfb,
    0x0, 0x0, 0x0, 0x1, 0xff, 0xff, 0x20, 0x0,
    0xef, 0xff, 0x50, 0x0, 0x0, 0x0, 0xb, 0xff,
    0xf8, 0x0, 0x4f, 0xff, 0xf0, 0x0, 0x0, 0x0,
    0x0, 0x5f, 0xff, 0xe0, 0xb, 0xff, 0xf9, 0x0,
    0x0, 0x0, 0x0, 0x0, 0xef, 0xff, 0x41, 0xff,
    0xff, 0x30, 0x0, 0x0, 0x0, 0x0, 0x9, 0xff,
    0xfa,

    /* U+00C5 "Å" */
    0x0, 0x0, 0x0, 0x0, 0x3b, 0xfe, 0x90, 0x0,
    0x0, 0x0, 0x0, 0x0, 0x0, 0x0, 0x2f, 0xff,
    0xff, 0xb0, 0x0, 0x0, 0x0, 0x0, 0x0, 0x0,
    0xa, 0xf9, 0x1, 0xdf, 0x40, 0x0, 0x0, 0x0,
    0x0, 0x0, 0x0, 0xdf, 0x10, 0x6, 0xf8, 0x0,
    0x0, 0x0, 0x0, 0x0, 0x0, 0xc, 0xf1, 0x0,
    0x6f, 0x70, 0x0, 0x0, 0x0, 0x0, 0x0, 0x0,
    0x7f, 0xa1, 0x3e, 0xf2, 0x0, 0x0, 0x0, 0x0,
    0x0, 0x0, 0x0, 0xff, 0xff, 0xff, 0x0, 0x0,
    0x0, 0x0, 0x0, 0x0, 0x0, 0x4f, 0xff, 0xff,
    0xe0, 0x0, 0x0, 0x0, 0x0, 0x0, 0x0, 0xa,
    0xff, 0xff, 0xff, 0x40, 0x0, 0x0, 0x0, 0x0,
    0x0, 0x1, 0xff, 0xfb, 0xff, 0xfa, 0x0, 0x0,
    0x0, 0x0, 0x0, 0x0, 0x6f, 0xff, 0x5a, 0xff,
    0xf1, 0x0, 0x0, 0x0, 0x0, 0x0, 0xc, 0xff,
    0xf0, 0x5f, 0xff, 0x60, 0x0, 0x0, 0x0, 0x0,
    0x2, 0xff, 0xfb, 0x0, 0xff, 0xfc, 0x0, 0x0,
    0x0, 0x0, 0x0, 0x8f, 0xff, 0x50, 0xa, 0xff,
    0xf2, 0x0, 0x0, 0x0, 0x0, 0xe, 0xff, 0xf0,
    0x0, 0x5f, 0xff, 0x80, 0x0, 0x0, 0x0, 0x4,
    0xff, 0xfa, 0x0, 0x0, 0xff, 0xfe, 0x0, 0x0,
    0x0, 0x0, 0xaf, 0xff, 0x40, 0x0, 0xa, 0xff,
    0xf4, 0x0, 0x0, 0x0, 0x1f, 0xff, 0xf3, 0x33,
    0x33, 0x7f, 0xff, 0xa0, 0x0, 0x0, 0x6, 0xff,
    0xff, 0xff, 0xff, 0xff, 0xff, 0xff, 0x10, 0x0,
    0x0, 0xcf, 0xff, 0xff, 0xff, 0xff, 0xff, 0xff,
    0xf6, 0x0, 0x0, 0x2f, 0xff, 0xff, 0xff, 0xff,
    0xff, 0xff, 0xff, 0xc0, 0x0, 0x8, 0xff, 0xfb,
    0x0, 0x0, 0x0, 0x1, 0xff, 0xff, 0x20, 0x0,
    0xef, 0xff, 0x50, 0x0, 0x0, 0x0, 0xb, 0xff,
    0xf8, 0x0, 0x4f, 0xff, 0xf0, 0x0, 0x0, 0x0,
    0x0, 0x5f, 0xff, 0xe0, 0xb, 0xff, 0xf9, 0x0,
    0x0, 0x0, 0x0, 0x0, 0xef, 0xff, 0x41, 0xff,
    0xff, 0x30, 0x0, 0x0, 0x0, 0x0, 0x9, 0xff,
    0xfa,

    /* U+00C6 "Æ" */
    0x0, 0x0, 0x0, 0x0, 0x0, 0xef, 0xff, 0xff,
    0xff, 0xff, 0xff, 0xff, 0xff, 0xff, 0x30, 0x0,
    0x0, 0x0, 0x0, 0x7f, 0xff, 0xff, 0xff, 0xff,
    0xff, 0xff, 0xff, 0xff, 0xf3, 0x0, 0x0, 0x0,
    0x0, 0xe, 0xff, 0xff, 0xff, 0xff, 0xff, 0xff,
    0xff, 0xff, 0xff, 0x30, 0x0, 0x0, 0x0, 0x7,
    0xff, 0xfb, 0x8f, 0xff, 0xf4, 0x44, 0x44, 0x44,
    0x44, 0x41, 0x0, 0x0, 0x0, 0x0, 0xef, 0xff,
    0x25, 0xff, 0xff, 0x0, 0x0, 0x0, 0x0, 0x0,
    0x0, 0x0, 0x0, 0x0, 0x8f, 0xff, 0xa0, 0x5f,
    0xff, 0xf0, 0x0, 0x0, 0x0, 0x0, 0x0, 0x0,
    0x0, 0x0, 0x1f, 0xff, 0xf3, 0x5, 0xff, 0xff,
    0x0, 0x0, 0x0, 0x0, 0x0, 0x0, 0x0, 0x0,
    0x8, 0xff, 0xfb, 0x0, 0x5f, 0xff, 0xf0, 0x0,
    0x0, 0x0, 0x0, 0x0, 0x0, 0x0, 0x1, 0xff,
    0xff, 0x30, 0x5, 0xff, 0xff, 0xff, 0xff, 0xff,
    0xff, 0xf5, 0x0, 0x0, 0x0, 0x8f, 0xff, 0xb0,
    0x0, 0x5f, 0xff, 0xff, 0xff, 0xff, 0xff, 0xff,
    0x50, 0x0, 0x0, 0x1f, 0xff, 0xf3, 0x0, 0x5,
    0xff, 0xff, 0xff, 0xff, 0xff, 0xff, 0xf5, 0x0,
    0x0, 0x9, 0xff, 0xfc, 0x33, 0x33, 0x7f, 0xff,
    0xf3, 0x33, 0x33, 0x33, 0x33, 0x10, 0x0, 0x1,
    0xff, 0xff, 0xff, 0xff, 0xff, 0xff, 0xff, 0x0,
    0x0, 0x0, 0x0, 0x0, 0x0, 0x0, 0x9f, 0xff,
    0xff, 0xff, 0xff, 0xff, 0xff, 0xf0, 0x0, 0x0,
    0x0, 0x0, 0x0, 0x0, 0x2f, 0xff, 0xff, 0xff,
    0xff, 0xff, 0xff, 0xff, 0x0, 0x0, 0x0, 0x0,
    0x0, 0x0, 0xa, 0xff, 0xfc, 0x0, 0x0, 0x0,
    0x5f, 0xff, 0xf0, 0x0, 0x0, 0x0, 0x0, 0x0,
    0x2, 0xff, 0xff, 0x40, 0x0, 0x0, 0x5, 0xff,
    0xff, 0x44, 0x44, 0x44, 0x44, 0x44, 0x30, 0xaf,
    0xff, 0xc0, 0x0, 0x0, 0x0, 0x5f, 0xff, 0xff,
    0xff, 0xff, 0xff, 0xff, 0xfd, 0x2f, 0xff, 0xf4,
    0x0, 0x0, 0x0, 0x5, 0xff, 0xff, 0xff, 0xff,
    0xff, 0xff, 0xff, 0xda, 0xff, 0xfc, 0x0, 0x0,
    0x0, 0x0, 0x5f, 0xff, 0xff, 0xff, 0xff, 0xff,
    0xff, 0xfd,

    /* U+00C7 "Ç" */
    0x0, 0x0, 0x1, 0x7b, 0xde, 0xff, 0xda, 0x61,
    0x0, 0x0, 0x0, 0x1, 0x9f, 0xff, 0xff, 0xff,
    0xff, 0xff, 0x70, 0x0, 0x0, 0x2d, 0xff, 0xff,
    0xff, 0xff, 0xff, 0xff, 0xfb, 0x0, 0x0, 0xdf,
    0xff, 0xff, 0xa7, 0x67, 0xaf, 0xff, 0xff, 0x80,
    0x8, 0xff, 0xff, 0xa1, 0x0, 0x0, 0x1, 0xbf,
    0xff, 0xf2, 0xf, 0xff, 0xfc, 0x0, 0x0, 0x0,
    0x0, 0xc, 0xff, 0xc4, 0x5f, 0xff, 0xf3, 0x0,
    0x0, 0x0, 0x0, 0x2, 0x41, 0x0, 0x8f, 0xff,
    0xd0, 0x0, 0x0, 0x0, 0x0, 0x0, 0x0, 0x0,
    0xaf, 0xff, 0xa0, 0x0, 0x0, 0x0, 0x0, 0x0,
    0x0, 0x0, 0xbf, 0xff, 0x90, 0x0, 0x0, 0x0,
    0x0, 0x0, 0x0, 0x0, 0xbf, 0xff, 0x90, 0x0,
    0x0, 0x0, 0x0, 0x0, 0x0, 0x0, 0xaf, 0xff,
    0xb0, 0x0, 0x0, 0x0, 0x0, 0x0, 0x0, 0x0,
    0x8f, 0xff, 0xe0, 0x0, 0x0, 0x0, 0x0, 0x0,
    0x0, 0x0, 0x4f, 0xff, 0xf4, 0x0, 0x0, 0x0,
    0x0, 0x3, 0xd7, 0x20, 0xe, 0xff, 0xfd, 0x0,
    0x0, 0x0, 0x0, 0xc, 0xff, 0xf9, 0x6, 0xff,
    0xff, 0xc1, 0x0, 0x0, 0x1, 0xbf, 0xff, 0xf3,
    0x0, 0xbf, 0xff, 0xff, 0xa7, 0x67, 0xaf, 0xff,
    0xff, 0x90, 0x0, 0x1c, 0xff, 0xff, 0xff, 0xff,
    0xff, 0xff, 0xfa, 0x0, 0x0, 0x0, 0x7f, 0xff,
    0xff, 0xff, 0xff, 0xfe, 0x60, 0x0, 0x0, 0x0,
    0x0, 0x6a, 0xdf, 0xff, 0xda, 0x60, 0x0, 0x0,
    0x0, 0x0, 0x0, 0x0, 0x1f, 0xe0, 0x0, 0x0,
    0x0, 0x0, 0x0, 0x0, 0x0, 0x0, 0x7f, 0xff,
    0x90, 0x0, 0x0, 0x0, 0x0, 0x0, 0x0, 0x0,
    0x24, 0xaf, 0xf5, 0x0, 0x0, 0x0, 0x0, 0x0,
    0x0, 0x0, 0x0, 0x4f, 0xf7, 0x0, 0x0, 0x0,
    0x0, 0x0, 0x0, 0x5, 0xbc, 0xff, 0xf2, 0x0,
    0x0, 0x0, 0x0, 0x0, 0x0, 0x6, 0xff, 0xea,
    0x20, 0x0, 0x0, 0x0,

    /* U+00C8 "È" */
    0x0, 0x1, 0x88, 0x86, 0x0, 0x0, 0x0, 0x0,
    0x0, 0x0, 0xb, 0xff, 0xf7, 0x0, 0x0, 0x0,
    0x0, 0x0, 0x0, 0x7, 0xff, 0xf6, 0x0, 0x0,
    0x0, 0x0, 0x0, 0x0, 0x4, 0xef, 0xf5, 0x0,
    0x0, 0x0, 0x0, 0x0, 0x0, 0x1, 0xcf, 0xf2,
    0x0, 0x0, 0x0, 0x0, 0x0, 0x0, 0x0, 0x0,
    0x0, 0x0, 0x0, 0x0, 0x0, 0x0, 0x0, 0x0,
    0x0, 0x0, 0x0, 0xf, 0xff, 0xff, 0xff, 0xff,
    0xff, 0xff, 0xff, 0xf3, 0xff, 0xff, 0xff, 0xff,
    0xff, 0xff, 0xff, 0xff, 0x3f, 0xff, 0xff, 0xff,
    0xff, 0xff, 0xff, 0xff, 0xf3, 0xff, 0xff, 0x84,
    0x44, 0x44, 0x44, 0x44, 0x44, 0x1f, 0xff, 0xf5,
    0x0, 0x0, 0x0, 0x0, 0x0, 0x0, 0xff, 0xff,
    0x50, 0x0, 0x0, 0x0, 0x0, 0x0, 0xf, 0xff,
    0xf5, 0x0, 0x0, 0x0, 0x0, 0x0, 0x0, 0xff,
    0xff, 0x50, 0x0, 0x0, 0x0, 0x0, 0x0, 0xf,
    0xff, 0xff, 0xff, 0xff, 0xff, 0xff, 0xff, 0x50,
    0xff, 0xff, 0xff, 0xff, 0xff, 0xff, 0xff, 0xf5,
    0xf, 0xff, 0xff, 0xff, 0xff, 0xff, 0xff, 0xff,
    0x50, 0xff, 0xff, 0x85, 0x55, 0x55, 0x55, 0x55,
    0x51, 0xf, 0xff, 0xf5, 0x0, 0x0, 0x0, 0x0,
    0x0, 0x0, 0xff, 0xff, 0x50, 0x0, 0x0, 0x0,
    0x0, 0x0, 0xf, 0xff, 0xf5, 0x0, 0x0, 0x0,
    0x0, 0x0, 0x0, 0xff, 0xff, 0x50, 0x0, 0x0,
    0x0, 0x0, 0x0, 0xf, 0xff, 0xf8, 0x55, 0x55,
    0x55, 0x55, 0x55, 0x54, 0xff, 0xff, 0xff, 0xff,
    0xff, 0xff, 0xff, 0xff, 0xdf, 0xff, 0xff, 0xff,
    0xff, 0xff, 0xff, 0xff, 0xfd, 0xff, 0xff, 0xff,
    0xff, 0xff, 0xff, 0xff, 0xff, 0xd0,

    /* U+00C9 "É" */
    0x0, 0x0, 0x0, 0x0, 0x7, 0x88, 0x80, 0x0,
    0x0, 0x0, 0x0, 0x0, 0xa, 0xff, 0xf9, 0x0,
    0x0, 0x0, 0x0, 0x0, 0x9, 0xff, 0xf5, 0x0,
    0x0, 0x0, 0x0, 0x0, 0x7, 0xff, 0xd2, 0x0,
    0x0, 0x0, 0x0, 0x0, 0x4, 0xff, 0xa0, 0x0,
    0x0, 0x0, 0x0, 0x0, 0x0, 0x0, 0x0, 0x0,
    0x0, 0x0, 0x0, 0x0, 0x0, 0x0, 0x0, 0x0,
    0x0, 0x0, 0x0, 0xf, 0xff, 0xff, 0xff, 0xff,
    0xff, 0xff, 0xff, 0xf3, 0xff, 0xff, 0xff, 0xff,
    0xff, 0xff, 0xff, 0xff, 0x3f, 0xff, 0xff, 0xff,
    0xff, 0xff, 0xff, 0xff, 0xf3, 0xff, 0xff, 0x84,
    0x44, 0x44, 0x44, 0x44, 0x44, 0x1f, 0xff, 0xf5,
    0x0, 0x0, 0x0, 0x0, 0x0, 0x0, 0xff, 0xff,
    0x50, 0x0, 0x0, 0x0, 0x0, 0x0, 0xf, 0xff,
    0xf5, 0x0, 0x0, 0x0, 0x0, 0x0, 0x0, 0xff,
    0xff, 0x50, 0x0, 0x0, 0x0, 0x0, 0x0, 0xf,
    0xff, 0xff, 0xff, 0xff, 0xff, 0xff, 0xff, 0x50,
    0xff, 0xff, 0xff, 0xff, 0xff, 0xff, 0xff, 0xf5,
    0xf, 0xff, 0xff, 0xff, 0xff, 0xff, 0xff, 0xff,
    0x50, 0xff, 0xff, 0x85, 0x55, 0x55, 0x55, 0x55,
    0x51, 0xf, 0xff, 0xf5, 0x0, 0x0, 0x0, 0x0,
    0x0, 0x0, 0xff, 0xff, 0x50, 0x0, 0x0, 0x0,
    0x0, 0x0, 0xf, 0xff, 0xf5, 0x0, 0x0, 0x0,
    0x0, 0x0, 0x0, 0xff, 0xff, 0x50, 0x0, 0x0,
    0x0, 0x0, 0x0, 0xf, 0xff, 0xf8, 0x55, 0x55,
    0x55, 0x55, 0x55, 0x54, 0xff, 0xff, 0xff, 0xff,
    0xff, 0xff, 0xff, 0xff, 0xdf, 0xff, 0xff, 0xff,
    0xff, 0xff, 0xff, 0xff, 0xfd, 0xff, 0xff, 0xff,
    0xff, 0xff, 0xff, 0xff, 0xff, 0xd0,

    /* U+00CA "Ê" */
    0x0, 0x0, 0x0, 0x38, 0x88, 0x30, 0x0, 0x0,
    0x0, 0x0, 0x0, 0x2e, 0xff, 0xfe, 0x20, 0x0,
    0x0, 0x0, 0x0, 0x2e, 0xff, 0xef, 0xfd, 0x10,
    0x0, 0x0, 0x0, 0x1d, 0xff, 0x70, 0x7f, 0xfc,
    0x0, 0x0, 0x0, 0xc, 0xfd, 0x30, 0x0, 0x4e,
    0xfa, 0x0, 0x0, 0x0, 0x0, 0x0, 0x0, 0x0,
    0x0, 0x0, 0x0, 0x0, 0x0, 0x0, 0x0, 0x0,
    0x0, 0x0, 0x0, 0xf, 0xff, 0xff, 0xff, 0xff,
    0xff, 0xff, 0xff, 0xf3, 0xff, 0xff, 0xff, 0xff,
    0xff, 0xff, 0xff, 0xff, 0x3f, 0xff, 0xff, 0xff,
    0xff, 0xff, 0xff, 0xff, 0xf3, 0xff, 0xff, 0x84,
    0x44, 0x44, 0x44, 0x44, 0x44, 0x1f, 0xff, 0xf5,
    0x0, 0x0, 0x0, 0x0, 0x0, 0x0, 0xff, 0xff,
    0x50, 0x0, 0x0, 0x0, 0x0, 0x0, 0xf, 0xff,
    0xf5, 0x0, 0x0, 0x0, 0x0, 0x0, 0x0, 0xff,
    0xff, 0x50, 0x0, 0x0, 0x0, 0x0, 0x0, 0xf,
    0xff, 0xff, 0xff, 0xff, 0xff, 0xff, 0xff, 0x50,
    0xff, 0xff, 0xff, 0xff, 0xff, 0xff, 0xff, 0xf5,
    0xf, 0xff, 0xff, 0xff, 0xff, 0xff, 0xff, 0xff,
    0x50, 0xff, 0xff, 0x85, 0x55, 0x55, 0x55, 0x55,
    0x51, 0xf, 0xff, 0xf5, 0x0, 0x0, 0x0, 0x0,
    0x0, 0x0, 0xff, 0xff, 0x50, 0x0, 0x0, 0x0,
    0x0, 0x0, 0xf, 0xff, 0xf5, 0x0, 0x0, 0x0,
    0x0, 0x0, 0x0, 0xff, 0xff, 0x50, 0x0, 0x0,
    0x0, 0x0, 0x0, 0xf, 0xff, 0xf8, 0x55, 0x55,
    0x55, 0x55, 0x55, 0x54, 0xff, 0xff, 0xff, 0xff,
    0xff, 0xff, 0xff, 0xff, 0xdf, 0xff, 0xff, 0xff,
    0xff, 0xff, 0xff, 0xff, 0xfd, 0xff, 0xff, 0xff,
    0xff, 0xff, 0xff, 0xff, 0xff, 0xd0,

    /* U+00CB "Ë" */
    0x0, 0x0, 0x22, 0x10, 0x0, 0x12, 0x20, 0x0,
    0x0, 0x0, 0x5f, 0xf8, 0x0, 0xb, 0xff, 0x30,
    0x0, 0x0, 0x5, 0xff, 0x80, 0x0, 0xbf, 0xf3,
    0x0, 0x0, 0x0, 0x5f, 0xf8, 0x0, 0xb, 0xff,
    0x30, 0x0, 0x0, 0x0, 0x0, 0x0, 0x0, 0x0,
    0x0, 0x0, 0x0, 0x0, 0x0, 0x0, 0x0, 0x0,
    0x0, 0x0, 0x0, 0xff, 0xff, 0xff, 0xff, 0xff,
    0xff, 0xff, 0xff, 0x3f, 0xff, 0xff, 0xff, 0xff,
    0xff, 0xff, 0xff, 0xf3, 0xff, 0xff, 0xff, 0xff,
    0xff, 0xff, 0xff, 0xff, 0x3f, 0xff, 0xf8, 0x44,
    0x44, 0x44, 0x44, 0x44, 0x41, 0xff, 0xff, 0x50,
    0x0, 0x0, 0x0, 0x0, 0x0, 0xf, 0xff, 0xf5,
    0x0, 0x0, 0x0, 0x0, 0x0, 0x0, 0xff, 0xff,
    0x50, 0x0, 0x0, 0x0, 0x0, 0x0, 0xf, 0xff,
    0xf5, 0x0, 0x0, 0x0, 0x0, 0x0, 0x0, 0xff,
    0xff, 0xff, 0xff, 0xff, 0xff, 0xff, 0xf5, 0xf,
    0xff, 0xff, 0xff, 0xff, 0xff, 0xff, 0xff, 0x50,
    0xff, 0xff, 0xff, 0xff, 0xff, 0xff, 0xff, 0xf5,
    0xf, 0xff, 0xf8, 0x55, 0x55, 0x55, 0x55, 0x55,
    0x10, 0xff, 0xff, 0x50, 0x0, 0x0, 0x0, 0x0,
    0x0, 0xf, 0xff, 0xf5, 0x0, 0x0, 0x0, 0x0,
    0x0, 0x0, 0xff, 0xff, 0x50, 0x0, 0x0, 0x0,
    0x0, 0x0, 0xf, 0xff, 0xf5, 0x0, 0x0, 0x0,
    0x0, 0x0, 0x0, 0xff, 0xff, 0x85, 0x55, 0x55,
    0x55, 0x55, 0x55, 0x4f, 0xff, 0xff, 0xff, 0xff,
    0xff, 0xff, 0xff, 0xfd, 0xff, 0xff, 0xff, 0xff,
    0xff, 0xff, 0xff, 0xff, 0xdf, 0xff, 0xff, 0xff,
    0xff, 0xff, 0xff, 0xff, 0xfd,

    /* U+00CC "Ì" */
    0x48, 0x88, 0x30, 0x0, 0x3e, 0xff, 0xe2, 0x0,
    0x1, 0xcf, 0xfe, 0x20, 0x0, 0x8, 0xff, 0xd1,
    0x0, 0x0, 0x5f, 0xfc, 0x0, 0x0, 0x0, 0x0,
    0x0, 0x0, 0x0, 0x0, 0x0, 0xf, 0xff, 0xf5,
    0x0, 0xf, 0xff, 0xf5, 0x0, 0xf, 0xff, 0xf5,
    0x0, 0xf, 0xff, 0xf5, 0x0, 0xf, 0xff, 0xf5,
    0x0, 0xf, 0xff, 0xf5, 0x0, 0xf, 0xff, 0xf5,
    0x0, 0xf, 0xff, 0xf5, 0x0, 0xf, 0xff, 0xf5,
    0x0, 0xf, 0xff, 0xf5, 0x0, 0xf, 0xff, 0xf5,
    0x0, 0xf, 0xff, 0xf5, 0x0, 0xf, 0xff, 0xf5,
    0x0, 0xf, 0xff, 0xf5, 0x0, 0xf, 0xff, 0xf5,
    0x0, 0xf, 0xff, 0xf5, 0x0, 0xf, 0xff, 0xf5,
    0x0, 0xf, 0xff, 0xf5, 0x0, 0xf, 0xff, 0xf5,
    0x0, 0xf, 0xff, 0xf5,

    /* U+00CD "Í" */
    0x0, 0x0, 0x78, 0x88, 0x0, 0xa, 0xff, 0xf8,
    0x0, 0x9f, 0xff, 0x50, 0x8, 0xff, 0xd2, 0x0,
    0x5f, 0xfa, 0x0, 0x0, 0x0, 0x0, 0x0, 0x0,
    0x0, 0x0, 0x0, 0x0, 0xf, 0xff, 0xf5, 0x0,
    0xf, 0xff, 0xf5, 0x0, 0xf, 0xff, 0xf5, 0x0,
    0xf, 0xff, 0xf5, 0x0, 0xf, 0xff, 0xf5, 0x0,
    0xf, 0xff, 0xf5, 0x0, 0xf, 0xff, 0xf5, 0x0,
    0xf, 0xff, 0xf5, 0x0, 0xf, 0xff, 0xf5, 0x0,
    0xf, 0xff, 0xf5, 0x0, 0xf, 0xff, 0xf5, 0x0,
    0xf, 0xff, 0xf5, 0x0, 0xf, 0xff, 0xf5, 0x0,
    0xf, 0xff, 0xf5, 0x0, 0xf, 0xff, 0xf5, 0x0,
    0xf, 0xff, 0xf5, 0x0, 0xf, 0xff, 0xf5, 0x0,
    0xf, 0xff, 0xf5, 0x0, 0xf, 0xff, 0xf5, 0x0,
    0xf, 0xff, 0xf5, 0x0,

    /* U+00CE "Î" */
    0x0, 0x0, 0x58, 0x87, 0x10, 0x0, 0x0, 0x6,
    0xff, 0xff, 0xc0, 0x0, 0x0, 0x5f, 0xff, 0xef,
    0xfa, 0x0, 0x4, 0xff, 0xe4, 0x1b, 0xff, 0x90,
    0x2f, 0xfb, 0x10, 0x0, 0x7f, 0xf6, 0x0, 0x0,
    0x0, 0x0, 0x0, 0x0, 0x0, 0x0, 0x0, 0x0,
    0x0, 0x0, 0x0, 0x0, 0xff, 0xff, 0x50, 0x0,
    0x0, 0x0, 0xff, 0xff, 0x50, 0x0, 0x0, 0x0,
    0xff, 0xff, 0x50, 0x0, 0x0, 0x0, 0xff, 0xff,
    0x50, 0x0, 0x0, 0x0, 0xff, 0xff, 0x50, 0x0,
    0x0, 0x0, 0xff, 0xff, 0x50, 0x0, 0x0, 0x0,
    0xff, 0xff, 0x50, 0x0, 0x0, 0x0, 0xff, 0xff,
    0x50, 0x0, 0x0, 0x0, 0xff, 0xff, 0x50, 0x0,
    0x0, 0x0, 0xff, 0xff, 0x50, 0x0, 0x0, 0x0,
    0xff, 0xff, 0x50, 0x0, 0x0, 0x0, 0xff, 0xff,
    0x50, 0x0, 0x0, 0x0, 0xff, 0xff, 0x50, 0x0,
    0x0, 0x0, 0xff, 0xff, 0x50, 0x0, 0x0, 0x0,
    0xff, 0xff, 0x50, 0x0, 0x0, 0x0, 0xff, 0xff,
    0x50, 0x0, 0x0, 0x0, 0xff, 0xff, 0x50, 0x0,
    0x0, 0x0, 0xff, 0xff, 0x50, 0x0, 0x0, 0x0,
    0xff, 0xff, 0x50, 0x0, 0x0, 0x0, 0xff, 0xff,
    0x50, 0x0,

    /* U+00CF "Ï" */
    0x12, 0x20, 0x0, 0x2, 0x22, 0x9f, 0xf3, 0x0,
    0xf, 0xff, 0x9f, 0xf3, 0x0, 0xf, 0xff, 0x9f,
    0xf3, 0x0, 0xf, 0xff, 0x0, 0x0, 0x0, 0x0,
    0x0, 0x0, 0x0, 0x0, 0x0, 0x0, 0x0, 0xf,
    0xff, 0xf5, 0x0, 0x0, 0xf, 0xff, 0xf5, 0x0,
    0x0, 0xf, 0xff, 0xf5, 0x0, 0x0, 0xf, 0xff,
    0xf5, 0x0, 0x0, 0xf, 0xff, 0xf5, 0x0, 0x0,
    0xf, 0xff, 0xf5, 0x0, 0x0, 0xf, 0xff, 0xf5,
    0x0, 0x0, 0xf, 0xff, 0xf5, 0x0, 0x0, 0xf,
    0xff, 0xf5, 0x0, 0x0, 0xf, 0xff, 0xf5, 0x0,
    0x0, 0xf, 0xff, 0xf5, 0x0, 0x0, 0xf, 0xff,
    0xf5, 0x0, 0x0, 0xf, 0xff, 0xf5, 0x0, 0x0,
    0xf, 0xff, 0xf5, 0x0, 0x0, 0xf, 0xff, 0xf5,
    0x0, 0x0, 0xf, 0xff, 0xf5, 0x0, 0x0, 0xf,
    0xff, 0xf5, 0x0, 0x0, 0xf, 0xff, 0xf5, 0x0,
    0x0, 0xf, 0xff, 0xf5, 0x0, 0x0, 0xf, 0xff,
    0xf5, 0x0,

    /* U+00D0 "Ð" */
    0x0, 0xff, 0xff, 0xff, 0xff, 0xed, 0xb7, 0x30,
    0x0, 0x0, 0x0, 0xf, 0xff, 0xff, 0xff, 0xff,
    0xff, 0xff, 0xc3, 0x0, 0x0, 0x0, 0xff, 0xff,
    0xff, 0xff, 0xff, 0xff, 0xff, 0xf7, 0x0, 0x0,
    0xf, 0xff, 0xf8, 0x55, 0x56, 0x9d, 0xff, 0xff,
    0xf6, 0x0, 0x0, 0xff, 0xff, 0x50, 0x0, 0x0,
    0x6, 0xff, 0xff, 0xf1, 0x0, 0xf, 0xff, 0xf5,
    0x0, 0x0, 0x0, 0x4, 0xff, 0xff, 0x90, 0x0,
    0xff, 0xff, 0x50, 0x0, 0x0, 0x0, 0xa, 0xff,
    0xfe, 0x0, 0xf, 0xff, 0xf5, 0x0, 0x0, 0x0,
    0x0, 0x4f, 0xff, 0xf2, 0xef, 0xff, 0xff, 0xff,
    0xff, 0xf8, 0x0, 0x0, 0xff, 0xff, 0x4e, 0xff,
    0xff, 0xff, 0xff, 0xff, 0x80, 0x0, 0xf, 0xff,
    0xf6, 0xef, 0xff, 0xff, 0xff, 0xff, 0xf8, 0x0,
    0x0, 0xff, 0xff, 0x52, 0x3f, 0xff, 0xf7, 0x33,
    0x33, 0x10, 0x0, 0x1f, 0xff, 0xf4, 0x0, 0xff,
    0xff, 0x50, 0x0, 0x0, 0x0, 0x5, 0xff, 0xff,
    0x20, 0xf, 0xff, 0xf5, 0x0, 0x0, 0x0, 0x0,
    0xbf, 0xff, 0xd0, 0x0, 0xff, 0xff, 0x50, 0x0,
    0x0, 0x0, 0x5f, 0xff, 0xf7, 0x0, 0xf, 0xff,
    0xf5, 0x0, 0x0, 0x0, 0x6f, 0xff, 0xfe, 0x10,
    0x0, 0xff, 0xff, 0x95, 0x55, 0x68, 0xdf, 0xff,
    0xff, 0x50, 0x0, 0xf, 0xff, 0xff, 0xff, 0xff,
    0xff, 0xff, 0xff, 0x60, 0x0, 0x0, 0xff, 0xff,
    0xff, 0xff, 0xff, 0xff, 0xfd, 0x30, 0x0, 0x0,
    0xf, 0xff, 0xff, 0xff, 0xff, 0xfc, 0x94, 0x0,
    0x0, 0x0,

    /* U+00D1 "Ñ" */
    0x0, 0x0, 0x5, 0x63, 0x0, 0x0, 0x37, 0x30,
    0x0, 0x0, 0x0, 0xcf, 0xff, 0xb2, 0x0, 0xbf,
    0x70, 0x0, 0x0, 0x6, 0xff, 0xff, 0xff, 0xa9,
    0xff, 0x40, 0x0, 0x0, 0xb, 0xfa, 0x4, 0xdf,
    0xff, 0xfd, 0x0, 0x0, 0x0, 0xd, 0xf3, 0x0,
    0x7, 0xdf, 0xc2, 0x0, 0x0, 0x0, 0x0, 0x0,
    0x0, 0x0, 0x0, 0x0, 0x0, 0x0, 0x0, 0x0,
    0x0, 0x0, 0x0, 0x0, 0x0, 0x0, 0x0, 0xff,
    0xff, 0xf3, 0x0, 0x0, 0x0, 0x3, 0xff, 0xfa,
    0xff, 0xff, 0xfc, 0x0, 0x0, 0x0, 0x3, 0xff,
    0xfa, 0xff, 0xff, 0xff, 0x60, 0x0, 0x0, 0x3,
    0xff, 0xfa, 0xff, 0xff, 0xff, 0xe1, 0x0, 0x0,
    0x3, 0xff, 0xfa, 0xff, 0xff, 0xff, 0xf9, 0x0,
    0x0, 0x3, 0xff, 0xfa, 0xff, 0xfb, 0xdf, 0xff,
    0x20, 0x0, 0x3, 0xff, 0xfa, 0xff, 0xfc, 0x4f,
    0xff, 0xc0, 0x0, 0x3, 0xff, 0xfa, 0xff, 0xfd,
    0xb, 0xff, 0xf5, 0x0, 0x3, 0xff, 0xfa, 0xff,
    0xfd, 0x2, 0xff, 0xfe, 0x0, 0x3, 0xff, 0xfa,
    0xff, 0xfd, 0x0, 0x8f, 0xff, 0x80, 0x3, 0xff,
    0xfa, 0xff, 0xfd, 0x0, 0xe, 0xff, 0xf2, 0x3,
    0xff, 0xfa, 0xff, 0xfd, 0x0, 0x6, 0xff, 0xfb,
    0x2, 0xff, 0xfa, 0xff, 0xfd, 0x0, 0x0, 0xcf,
    0xff, 0x42, 0xff, 0xfa, 0xff, 0xfd, 0x0, 0x0,
    0x3f, 0xff, 0xd2, 0xff, 0xfa, 0xff, 0xfd, 0x0,
    0x0, 0xa, 0xff, 0xf7, 0xff, 0xfa, 0xff, 0xfd,
    0x0, 0x0, 0x1, 0xff, 0xff, 0xff, 0xfa, 0xff,
    0xfd, 0x0, 0x0, 0x0, 0x7f, 0xff, 0xff, 0xfa,
    0xff, 0xfd, 0x0, 0x0, 0x0, 0xd, 0xff, 0xff,
    0xfa, 0xff, 0xfd, 0x0, 0x0, 0x0, 0x4, 0xff,
    0xff, 0xfa, 0xff, 0xfd, 0x0, 0x0, 0x0, 0x0,
    0xbf, 0xff, 0xfa,

    /* U+00D2 "Ò" */
    0x0, 0x0, 0x0, 0x7, 0x88, 0x70, 0x0, 0x0,
    0x0, 0x0, 0x0, 0x0, 0x0, 0x0, 0x7, 0xff,
    0xfc, 0x0, 0x0, 0x0, 0x0, 0x0, 0x0, 0x0,
    0x0, 0x0, 0x2c, 0xff, 0xc1, 0x0, 0x0, 0x0,
    0x0, 0x0, 0x0, 0x0, 0x0, 0x0, 0x7f, 0xfc,
    0x10, 0x0, 0x0, 0x0, 0x0, 0x0, 0x0, 0x0,
    0x0, 0x2, 0x88, 0x30, 0x0, 0x0, 0x0, 0x0,
    0x0, 0x0, 0x0, 0x0, 0x0, 0x0, 0x0, 0x0,
    0x0, 0x0, 0x0, 0x0, 0x0, 0x0, 0x0, 0x0,
    0x0, 0x0, 0x0, 0x0, 0x0, 0x0, 0x0, 0x0,
    0x6a, 0xde, 0xfe, 0xdb, 0x71, 0x0, 0x0, 0x0,
    0x0, 0x0, 0x7e, 0xff, 0xff, 0xff, 0xff, 0xff,
    0xa1, 0x0, 0x0, 0x0, 0x1c, 0xff, 0xff, 0xff,
    0xff, 0xff, 0xff, 0xfe, 0x30, 0x0, 0x0, 0xbf,
    0xff, 0xff, 0xb7, 0x67, 0xae, 0xff, 0xff, 0xe1,
    0x0, 0x7, 0xff, 0xff, 0xc2, 0x0, 0x0, 0x0,
    0x9f, 0xff, 0xfb, 0x0, 0xe, 0xff, 0xfd, 0x0,
    0x0, 0x0, 0x0, 0xa, 0xff, 0xff, 0x30, 0x4f,
    0xff, 0xf4, 0x0, 0x0, 0x0, 0x0, 0x1, 0xff,
    0xff, 0x90, 0x8f, 0xff, 0xe0, 0x0, 0x0, 0x0,
    0x0, 0x0, 0xaf, 0xff, 0xd0, 0xaf, 0xff, 0xb0,
    0x0, 0x0, 0x0, 0x0, 0x0, 0x7f, 0xff, 0xf0,
    0xbf, 0xff, 0x90, 0x0, 0x0, 0x0, 0x0, 0x0,
    0x5f, 0xff, 0xf0, 0xbf, 0xff, 0x90, 0x0, 0x0,
    0x0, 0x0, 0x0, 0x5f, 0xff, 0xf0, 0xaf, 0xff,
    0xb0, 0x0, 0x0, 0x0, 0x0, 0x0, 0x7f, 0xff,
    0xf0, 0x7f, 0xff, 0xe0, 0x0, 0x0, 0x0, 0x0,
    0x0, 0xaf, 0xff, 0xc0, 0x3f, 0xff, 0xf5, 0x0,
    0x0, 0x0, 0x0, 0x1, 0xff, 0xff, 0x80, 0xd,
    0xff, 0xfe, 0x10, 0x0, 0x0, 0x0, 0xa, 0xff,
    0xff, 0x20, 0x6, 0xff, 0xff, 0xd2, 0x0, 0x0,
    0x0, 0x9f, 0xff, 0xfa, 0x0, 0x0, 0xaf, 0xff,
    0xff, 0xb7, 0x67, 0xae, 0xff, 0xff, 0xd1, 0x0,
    0x0, 0xb, 0xff, 0xff, 0xff, 0xff, 0xff, 0xff,
    0xfd, 0x20, 0x0, 0x0, 0x0, 0x7e, 0xff, 0xff,
    0xff, 0xff, 0xff, 0x90, 0x0, 0x0, 0x0, 0x0,
    0x0, 0x5a, 0xde, 0xff, 0xdb, 0x61, 0x0, 0x0,
    0x0,

    /* U+00D3 "Ó" */
    0x0, 0x0, 0x0, 0x0, 0x0, 0x3, 0x88, 0x85,
    0x0, 0x0, 0x0, 0x0, 0x0, 0x0, 0x0, 0x0,
    0x3f, 0xff, 0xd3, 0x0, 0x0, 0x0, 0x0, 0x0,
    0x0, 0x0, 0x4, 0xff, 0xf8, 0x0, 0x0, 0x0,
    0x0, 0x0, 0x0, 0x0, 0x0, 0x4f, 0xfd, 0x30,
    0x0, 0x0, 0x0, 0x0, 0x0, 0x0, 0x0, 0x0,
    0x68, 0x70, 0x0, 0x0, 0x0, 0x0, 0x0, 0x0,
    0x0, 0x0, 0x0, 0x0, 0x0, 0x0, 0x0, 0x0,
    0x0, 0x0, 0x0, 0x0, 0x0, 0x0, 0x0, 0x0,
    0x0, 0x0, 0x0, 0x0, 0x0, 0x0, 0x0, 0x0,
    0x6a, 0xde, 0xfe, 0xdb, 0x71, 0x0, 0x0, 0x0,
    0x0, 0x0, 0x7e, 0xff, 0xff, 0xff, 0xff, 0xff,
    0xa1, 0x0, 0x0, 0x0, 0x1c, 0xff, 0xff, 0xff,
    0xff, 0xff, 0xff, 0xfe, 0x30, 0x0, 0x0, 0xbf,
    0xff, 0xff, 0xb7, 0x67, 0xae, 0xff, 0xff, 0xe1,
    0x0, 0x7, 0xff, 0xff, 0xc2, 0x0, 0x0, 0x0,
    0x9f, 0xff, 0xfb, 0x0, 0xe, 0xff, 0xfd, 0x0,
    0x0, 0x0, 0x0, 0xa, 0xff, 0xff, 0x30, 0x4f,
    0xff, 0xf4, 0x0, 0x0, 0x0, 0x0, 0x1, 0xff,
    0xff, 0x90, 0x8f, 0xff, 0xe0, 0x0, 0x0, 0x0,
    0x0, 0x0, 0xaf, 0xff, 0xd0, 0xaf, 0xff, 0xb0,
    0x0, 0x0, 0x0, 0x0, 0x0, 0x7f, 0xff, 0xf0,
    0xbf, 0xff, 0x90, 0x0, 0x0, 0x0, 0x0, 0x0,
    0x5f, 0xff, 0xf0, 0xbf, 0xff, 0x90, 0x0, 0x0,
    0x0, 0x0, 0x0, 0x5f, 0xff, 0xf0, 0xaf, 0xff,
    0xb0, 0x0, 0x0, 0x0, 0x0, 0x0, 0x7f, 0xff,
    0xf0, 0x7f, 0xff, 0xe0, 0x0, 0x0, 0x0, 0x0,
    0x0, 0xaf, 0xff, 0xc0, 0x3f, 0xff, 0xf5, 0x0,
    0x0, 0x0, 0x0, 0x1, 0xff, 0xff, 0x80, 0xd,
    0xff, 0xfe, 0x10, 0x0, 0x0, 0x0, 0xa, 0xff,
    0xff, 0x20, 0x6, 0xff, 0xff, 0xd2, 0x0, 0x0,
    0x0, 0x9f, 0xff, 0xfa, 0x0, 0x0, 0xaf, 0xff,
    0xff, 0xb7, 0x67, 0xae, 0xff, 0xff, 0xd1, 0x0,
    0x0, 0xb, 0xff, 0xff, 0xff, 0xff, 0xff, 0xff,
    0xfd, 0x20, 0x0, 0x0, 0x0, 0x7e, 0xff, 0xff,
    0xff, 0xff, 0xff, 0x90, 0x0, 0x0, 0x0, 0x0,
    0x0, 0x5a, 0xde, 0xff, 0xdb, 0x61, 0x0, 0x0,
    0x0,

    /* U+00D4 "Ô" */
    0x0, 0x0, 0x0, 0x0, 0x7f, 0xff, 0xc0, 0x0,
    0x0, 0x0, 0x0, 0x0, 0x0, 0x0, 0x6, 0xff,
    0xff, 0xfb, 0x0, 0x0, 0x0, 0x0, 0x0, 0x0,
    0x0, 0x5f, 0xff, 0x7c, 0xff, 0x90, 0x0, 0x0,
    0x0, 0x0, 0x0, 0x4, 0xff, 0xc2, 0x0, 0x9f,
    0xf8, 0x0, 0x0, 0x0, 0x0, 0x0, 0x6, 0x86,
    0x0, 0x0, 0x5, 0x87, 0x0, 0x0, 0x0, 0x0,
    0x0, 0x0, 0x0, 0x0, 0x0, 0x0, 0x0, 0x0,
    0x0, 0x0, 0x0, 0x0, 0x0, 0x0, 0x0, 0x0,
    0x0, 0x0, 0x0, 0x0, 0x0, 0x0, 0x0, 0x0,
    0x6a, 0xde, 0xfe, 0xdb, 0x71, 0x0, 0x0, 0x0,
    0x0, 0x0, 0x7e, 0xff, 0xff, 0xff, 0xff, 0xff,
    0xa1, 0x0, 0x0, 0x0, 0x1c, 0xff, 0xff, 0xff,
    0xff, 0xff, 0xff, 0xfe, 0x30, 0x0, 0x0, 0xbf,
    0xff, 0xff, 0xb7, 0x67, 0xae, 0xff, 0xff, 0xe1,
    0x0, 0x7, 0xff, 0xff, 0xc2, 0x0, 0x0, 0x0,
    0x9f, 0xff, 0xfb, 0x0, 0xe, 0xff, 0xfd, 0x0,
    0x0, 0x0, 0x0, 0xa, 0xff, 0xff, 0x30, 0x4f,
    0xff, 0xf4, 0x0, 0x0, 0x0, 0x0, 0x1, 0xff,
    0xff, 0x90, 0x8f, 0xff, 0xe0, 0x0, 0x0, 0x0,
    0x0, 0x0, 0xaf, 0xff, 0xd0, 0xaf, 0xff, 0xb0,
    0x0, 0x0, 0x0, 0x0, 0x0, 0x7f, 0xff, 0xf0,
    0xbf, 0xff, 0x90, 0x0, 0x0, 0x0, 0x0, 0x0,
    0x5f, 0xff, 0xf0, 0xbf, 0xff, 0x90, 0x0, 0x0,
    0x0, 0x0, 0x0, 0x5f, 0xff, 0xf0, 0xaf, 0xff,
    0xb0, 0x0, 0x0, 0x0, 0x0, 0x0, 0x7f, 0xff,
    0xf0, 0x7f, 0xff, 0xe0, 0x0, 0x0, 0x0, 0x0,
    0x0, 0xaf, 0xff, 0xc0, 0x3f, 0xff, 0xf5, 0x0,
    0x0, 0x0, 0x0, 0x1, 0xff, 0xff, 0x80, 0xd,
    0xff, 0xfe, 0x10, 0x0, 0x0, 0x0, 0xa, 0xff,
    0xff, 0x20, 0x6, 0xff, 0xff, 0xd2, 0x0, 0x0,
    0x0, 0x9f, 0xff, 0xfa, 0x0, 0x0, 0xaf, 0xff,
    0xff, 0xb7, 0x67, 0xae, 0xff, 0xff, 0xd1, 0x0,
    0x0, 0xb, 0xff, 0xff, 0xff, 0xff, 0xff, 0xff,
    0xfd, 0x20, 0x0, 0x0, 0x0, 0x7e, 0xff, 0xff,
    0xff, 0xff, 0xff, 0x90, 0x0, 0x0, 0x0, 0x0,
    0x0, 0x5a, 0xde, 0xff, 0xdb, 0x61, 0x0, 0x0,
    0x0,

    /* U+00D5 "Õ" */
    0x0, 0x0, 0x0, 0x8e, 0xfa, 0x20, 0x0, 0xdf,
    0x30, 0x0, 0x0, 0x0, 0x0, 0x7, 0xff, 0xff,
    0xf8, 0x14, 0xff, 0x10, 0x0, 0x0, 0x0, 0x0,
    0xd, 0xfc, 0x8e, 0xff, 0xff, 0xfc, 0x0, 0x0,
    0x0, 0x0, 0x0, 0x1f, 0xf1, 0x0, 0x8f, 0xff,
    0xf3, 0x0, 0x0, 0x0, 0x0, 0x0, 0x17, 0x60,
    0x0, 0x1, 0x66, 0x10, 0x0, 0x0, 0x0, 0x0,
    0x0, 0x0, 0x0, 0x0, 0x0, 0x0, 0x0, 0x0,
    0x0, 0x0, 0x0, 0x0, 0x0, 0x0, 0x0, 0x0,
    0x0, 0x0, 0x0, 0x0, 0x0, 0x0, 0x0, 0x0,
    0x6a, 0xde, 0xfe, 0xdb, 0x71, 0x0, 0x0, 0x0,
    0x0, 0x0, 0x7e, 0xff, 0xff, 0xff, 0xff, 0xff,
    0xa1, 0x0, 0x0, 0x0, 0x1c, 0xff, 0xff, 0xff,
    0xff, 0xff, 0xff, 0xfe, 0x30, 0x0, 0x0, 0xbf,
    0xff, 0xff, 0xb7, 0x67, 0xae, 0xff, 0xff, 0xe1,
    0x0, 0x7, 0xff, 0xff, 0xc2, 0x0, 0x0, 0x0,
    0x9f, 0xff, 0xfb, 0x0, 0xe, 0xff, 0xfd, 0x0,
    0x0, 0x0, 0x0, 0xa, 0xff, 0xff, 0x30, 0x4f,
    0xff, 0xf4, 0x0, 0x0, 0x0, 0x0, 0x1, 0xff,
    0xff, 0x90, 0x8f, 0xff, 0xe0, 0x0, 0x0, 0x0,
    0x0, 0x0, 0xaf, 0xff, 0xd0, 0xaf, 0xff, 0xb0,
    0x0, 0x0, 0x0, 0x0, 0x0, 0x7f, 0xff, 0xf0,
    0xbf, 0xff, 0x90, 0x0, 0x0, 0x0, 0x0, 0x0,
    0x5f, 0xff, 0xf0, 0xbf, 0xff, 0x90, 0x0, 0x0,
    0x0, 0x0, 0x0, 0x5f, 0xff, 0xf0, 0xaf, 0xff,
    0xb0, 0x0, 0x0, 0x0, 0x0, 0x0, 0x7f, 0xff,
    0xf0, 0x7f, 0xff, 0xe0, 0x0, 0x0, 0x0, 0x0,
    0x0, 0xaf, 0xff, 0xc0, 0x3f, 0xff, 0xf5, 0x0,
    0x0, 0x0, 0x0, 0x1, 0xff, 0xff, 0x80, 0xd,
    0xff, 0xfe, 0x10, 0x0, 0x0, 0x0, 0xa, 0xff,
    0xff, 0x20, 0x6, 0xff, 0xff, 0xd2, 0x0, 0x0,
    0x0, 0x9f, 0xff, 0xfa, 0x0, 0x0, 0xaf, 0xff,
    0xff, 0xb7, 0x67, 0xae, 0xff, 0xff, 0xd1, 0x0,
    0x0, 0xb, 0xff, 0xff, 0xff, 0xff, 0xff, 0xff,
    0xfd, 0x20, 0x0, 0x0, 0x0, 0x7e, 0xff, 0xff,
    0xff, 0xff, 0xff, 0x90, 0x0, 0x0, 0x0, 0x0,
    0x0, 0x5a, 0xde, 0xff, 0xdb, 0x61, 0x0, 0x0,
    0x0,

    /* U+00D6 "Ö" */
    0x0, 0x0, 0x2, 0xff, 0xb0, 0x0, 0x7f, 0xf6,
    0x0, 0x0, 0x0, 0x0, 0x0, 0x2, 0xff, 0xb0,
    0x0, 0x7f, 0xf6, 0x0, 0x0, 0x0, 0x0, 0x0,
    0x2, 0xff, 0xb0, 0x0, 0x7f, 0xf6, 0x0, 0x0,
    0x0, 0x0, 0x0, 0x0, 0x22, 0x10, 0x0, 0x12,
    0x21, 0x0, 0x0, 0x0, 0x0, 0x0, 0x0, 0x0,
    0x0, 0x0, 0x0, 0x0, 0x0, 0x0, 0x0, 0x0,
    0x0, 0x0, 0x0, 0x0, 0x0, 0x0, 0x0, 0x0,
    0x0, 0x0, 0x0, 0x0, 0x0, 0x6a, 0xde, 0xfe,
    0xdb, 0x71, 0x0, 0x0, 0x0, 0x0, 0x0, 0x7e,
    0xff, 0xff, 0xff, 0xff, 0xff, 0xa1, 0x0, 0x0,
    0x0, 0x1c, 0xff, 0xff, 0xff, 0xff, 0xff, 0xff,
    0xfe, 0x30, 0x0, 0x0, 0xbf, 0xff, 0xff, 0xb7,
    0x67, 0xae, 0xff, 0xff, 0xe1, 0x0, 0x7, 0xff,
    0xff, 0xc2, 0x0, 0x0, 0x0, 0x9f, 0xff, 0xfb,
    0x0, 0xe, 0xff, 0xfd, 0x0, 0x0, 0x0, 0x0,
    0xa, 0xff, 0xff, 0x30, 0x4f, 0xff, 0xf4, 0x0,
    0x0, 0x0, 0x0, 0x1, 0xff, 0xff, 0x90, 0x8f,
    0xff, 0xe0, 0x0, 0x0, 0x0, 0x0, 0x0, 0xaf,
    0xff, 0xd0, 0xaf, 0xff, 0xb0, 0x0, 0x0, 0x0,
    0x0, 0x0, 0x7f, 0xff, 0xf0, 0xbf, 0xff, 0x90,
    0x0, 0x0, 0x0, 0x0, 0x0, 0x5f, 0xff, 0xf0,
    0xbf, 0xff, 0x90, 0x0, 0x0, 0x0, 0x0, 0x0,
    0x5f, 0xff, 0xf0, 0xaf, 0xff, 0xb0, 0x0, 0x0,
    0x0, 0x0, 0x0, 0x7f, 0xff, 0xf0, 0x7f, 0xff,
    0xe0, 0x0, 0x0, 0x0, 0x0, 0x0, 0xaf, 0xff,
    0xc0, 0x3f, 0xff, 0xf5, 0x0, 0x0, 0x0, 0x0,
    0x1, 0xff, 0xff, 0x80, 0xd, 0xff, 0xfe, 0x10,
    0x0, 0x0, 0x0, 0xa, 0xff, 0xff, 0x20, 0x6,
    0xff, 0xff, 0xd2, 0x0, 0x0, 0x0, 0x9f, 0xff,
    0xfa, 0x0, 0x0, 0xaf, 0xff, 0xff, 0xb7, 0x67,
    0xae, 0xff, 0xff, 0xd1, 0x0, 0x0, 0xb, 0xff,
    0xff, 0xff, 0xff, 0xff, 0xff, 0xfd, 0x20, 0x0,
    0x0, 0x0, 0x7e, 0xff, 0xff, 0xff, 0xff, 0xff,
    0x90, 0x0, 0x0, 0x0, 0x0, 0x0, 0x5a, 0xde,
    0xff, 0xdb, 0x61, 0x0, 0x0, 0x0,

    /* U+00D7 "×" */
    0x0, 0x10, 0x0, 0x0, 0x0, 0x0, 0x10, 0x0,
    0x3, 0xf7, 0x0, 0x0, 0x0, 0x1, 0xdc, 0x0,
    0x4f, 0xff, 0x70, 0x0, 0x0, 0x1d, 0xff, 0xc0,
    0x3e, 0xff, 0xf7, 0x0, 0x1, 0xdf, 0xff, 0xb0,
    0x3, 0xef, 0xff, 0x80, 0x1d, 0xff, 0xfb, 0x0,
    0x0, 0x3e, 0xff, 0xf9, 0xdf, 0xff, 0xb0, 0x0,
    0x0, 0x2, 0xef, 0xff, 0xff, 0xfa, 0x0, 0x0,
    0x0, 0x0, 0x2e, 0xff, 0xff, 0xa0, 0x0, 0x0,
    0x0, 0x0, 0x1d, 0xff, 0xff, 0x80, 0x0, 0x0,
    0x0, 0x1, 0xdf, 0xff, 0xff, 0xf8, 0x0, 0x0,
    0x0, 0x1d, 0xff, 0xfa, 0xef, 0xff, 0x80, 0x0,
    0x1, 0xdf, 0xff, 0xa0, 0x2e, 0xff, 0xf9, 0x0,
    0x1d, 0xff, 0xfa, 0x0, 0x2, 0xef, 0xff, 0x90,
    0x6f, 0xff, 0xa0, 0x0, 0x0, 0x2e, 0xff, 0xd1,
    0x7, 0xfa, 0x0, 0x0, 0x0, 0x2, 0xed, 0x10,
    0x0, 0x40, 0x0, 0x0, 0x0, 0x0, 0x21, 0x0,

    /* U+00D8 "Ø" */
    0x0, 0x0, 0x0, 0x0, 0x0, 0x0, 0x0, 0x0,
    0x2f, 0xf9, 0x0, 0x0, 0x0, 0x0, 0x0, 0x0,
    0x0, 0x0, 0x0, 0x8f, 0xf2, 0x0, 0x0, 0x0,
    0x0, 0x6a, 0xde, 0xff, 0xdb, 0x61, 0xef, 0xa0,
    0x0, 0x0, 0x0, 0x7f, 0xff, 0xff, 0xff, 0xff,
    0xff, 0xff, 0x20, 0x0, 0x0, 0x1c, 0xff, 0xff,
    0xff, 0xff, 0xff, 0xff, 0xfe, 0x10, 0x0, 0x0,
    0xbf, 0xff, 0xff, 0xb7, 0x67, 0xaf, 0xff, 0xff,
    0xd1, 0x0, 0x7, 0xff, 0xff, 0xc2, 0x0, 0x0,
    0xa, 0xff, 0xff, 0xfa, 0x0, 0xe, 0xff, 0xfd,
    0x0, 0x0, 0x0, 0x6f, 0xfd, 0xff, 0xff, 0x30,
    0x4f, 0xff, 0xf4, 0x0, 0x0, 0x3, 0xff, 0xa1,
    0xff, 0xff, 0x80, 0x8f, 0xff, 0xe0, 0x0, 0x0,
    0x1d, 0xfd, 0x0, 0xaf, 0xff, 0xd0, 0xaf, 0xff,
    0xb0, 0x0, 0x0, 0xbf, 0xf3, 0x0, 0x6f, 0xff,
    0xf0, 0xbf, 0xff, 0x90, 0x0, 0x7, 0xff, 0x60,
    0x0, 0x5f, 0xff, 0xf0, 0xbf, 0xff, 0x90, 0x0,
    0x3f, 0xfa, 0x0, 0x0, 0x5f, 0xff, 0xf1, 0xaf,
    0xff, 0xb0, 0x1, 0xef, 0xd0, 0x0, 0x0, 0x7f,
    0xff, 0xf0, 0x7f, 0xff, 0xe0, 0xb, 0xff, 0x20,
    0x0, 0x0, 0xaf, 0xff, 0xd0, 0x3f, 0xff, 0xf5,
    0x8f, 0xf5, 0x0, 0x0, 0x1, 0xff, 0xff, 0x80,
    0xd, 0xff, 0xfe, 0xff, 0x90, 0x0, 0x0, 0x9,
    0xff, 0xff, 0x20, 0x5, 0xff, 0xff, 0xfc, 0x0,
    0x0, 0x0, 0x9f, 0xff, 0xfa, 0x0, 0x0, 0x9f,
    0xff, 0xff, 0xb7, 0x66, 0x9e, 0xff, 0xff, 0xe1,
    0x0, 0x0, 0xc, 0xff, 0xff, 0xff, 0xff, 0xff,
    0xff, 0xfd, 0x20, 0x0, 0x0, 0x3f, 0xff, 0xff,
    0xff, 0xff, 0xff, 0xff, 0x90, 0x0, 0x0, 0x0,
    0xdf, 0xe1, 0x5a, 0xdf, 0xff, 0xdb, 0x71, 0x0,
    0x0, 0x0, 0x8, 0xff, 0x50, 0x0, 0x0, 0x0,
    0x0, 0x0, 0x0, 0x0, 0x0,

    /* U+00D9 "Ù" */
    0x0, 0x0, 0x7, 0x88, 0x71, 0x0, 0x0, 0x0,
    0x0, 0x0, 0x0, 0x0, 0x6f, 0xff, 0xd1, 0x0,
    0x0, 0x0, 0x0, 0x0, 0x0, 0x0, 0x1b, 0xff,
    0xd1, 0x0, 0x0, 0x0, 0x0, 0x0, 0x0, 0x0,
    0x6, 0xff, 0xd1, 0x0, 0x0, 0x0, 0x0, 0x0,
    0x0, 0x0, 0x2, 0x78, 0x40, 0x0, 0x0, 0x0,
    0x0, 0x0, 0x0, 0x0, 0x0, 0x0, 0x0, 0x0,
    0x0, 0x0, 0x0, 0x0, 0x0, 0x0, 0x0, 0x0,
    0x0, 0x0, 0x3, 0xff, 0xff, 0x20, 0x0, 0x0,
    0x0, 0x7, 0xff, 0xfd, 0x3f, 0xff, 0xf2, 0x0,
    0x0, 0x0, 0x0, 0x7f, 0xff, 0xd3, 0xff, 0xff,
    0x20, 0x0, 0x0, 0x0, 0x7, 0xff, 0xfd, 0x3f,
    0xff, 0xf2, 0x0, 0x0, 0x0, 0x0, 0x7f, 0xff,
    0xd3, 0xff, 0xff, 0x20, 0x0, 0x0, 0x0, 0x7,
    0xff, 0xfd, 0x3f, 0xff, 0xf2, 0x0, 0x0, 0x0,
    0x0, 0x7f, 0xff, 0xd3, 0xff, 0xff, 0x20, 0x0,
    0x0, 0x0, 0x7, 0xff, 0xfd, 0x3f, 0xff, 0xf2,
    0x0, 0x0, 0x0, 0x0, 0x7f, 0xff, 0xd3, 0xff,
    0xff, 0x20, 0x0, 0x0, 0x0, 0x7, 0xff, 0xfd,
    0x3f, 0xff, 0xf2, 0x0, 0x0, 0x0, 0x0, 0x7f,
    0xff, 0xd3, 0xff, 0xff, 0x20, 0x0, 0x0, 0x0,
    0x7, 0xff, 0xfd, 0x3f, 0xff, 0xf2, 0x0, 0x0,
    0x0, 0x0, 0x7f, 0xff, 0xd2, 0xff, 0xff, 0x20,
    0x0, 0x0, 0x0, 0x8, 0xff, 0xfc, 0x1f, 0xff,
    0xf4, 0x0, 0x0, 0x0, 0x0, 0xbf, 0xff, 0xb0,
    0xef, 0xff, 0xa0, 0x0, 0x0, 0x0, 0x2f, 0xff,
    0xf7, 0xa, 0xff, 0xff, 0x60, 0x0, 0x0, 0x1c,
    0xff, 0xff, 0x20, 0x2f, 0xff, 0xff, 0xc7, 0x66,
    0x9f, 0xff, 0xff, 0x90, 0x0, 0x6f, 0xff, 0xff,
    0xff, 0xff, 0xff, 0xff, 0xc0, 0x0, 0x0, 0x5e,
    0xff, 0xff, 0xff, 0xff, 0xff, 0x80, 0x0, 0x0,
    0x0, 0x5, 0xad, 0xef, 0xfd, 0xb7, 0x10, 0x0,
    0x0,

    /* U+00DA "Ú" */
    0x0, 0x0, 0x0, 0x0, 0x0, 0x7, 0x88, 0x81,
    0x0, 0x0, 0x0, 0x0, 0x0, 0x0, 0xa, 0xff,
    0xf8, 0x0, 0x0, 0x0, 0x0, 0x0, 0x0, 0xa,
    0xff, 0xd3, 0x0, 0x0, 0x0, 0x0, 0x0, 0x0,
    0xb, 0xff, 0x90, 0x0, 0x0, 0x0, 0x0, 0x0,
    0x0, 0x2, 0x88, 0x40, 0x0, 0x0, 0x0, 0x0,
    0x0, 0x0, 0x0, 0x0, 0x0, 0x0, 0x0, 0x0,
    0x0, 0x0, 0x0, 0x0, 0x0, 0x0, 0x0, 0x0,
    0x0, 0x0, 0x3, 0xff, 0xff, 0x20, 0x0, 0x0,
    0x0, 0x7, 0xff, 0xfd, 0x3f, 0xff, 0xf2, 0x0,
    0x0, 0x0, 0x0, 0x7f, 0xff, 0xd3, 0xff, 0xff,
    0x20, 0x0, 0x0, 0x0, 0x7, 0xff, 0xfd, 0x3f,
    0xff, 0xf2, 0x0, 0x0, 0x0, 0x0, 0x7f, 0xff,
    0xd3, 0xff, 0xff, 0x20, 0x0, 0x0, 0x0, 0x7,
    0xff, 0xfd, 0x3f, 0xff, 0xf2, 0x0, 0x0, 0x0,
    0x0, 0x7f, 0xff, 0xd3, 0xff, 0xff, 0x20, 0x0,
    0x0, 0x0, 0x7, 0xff, 0xfd, 0x3f, 0xff, 0xf2,
    0x0, 0x0, 0x0, 0x0, 0x7f, 0xff, 0xd3, 0xff,
    0xff, 0x20, 0x0, 0x0, 0x0, 0x7, 0xff, 0xfd,
    0x3f, 0xff, 0xf2, 0x0, 0x0, 0x0, 0x0, 0x7f,
    0xff, 0xd3, 0xff, 0xff, 0x20, 0x0, 0x0, 0x0,
    0x7, 0xff, 0xfd, 0x3f, 0xff, 0xf2, 0x0, 0x0,
    0x0, 0x0, 0x7f, 0xff, 0xd2, 0xff, 0xff, 0x20,
    0x0, 0x0, 0x0, 0x8, 0xff, 0xfc, 0x1f, 0xff,
    0xf4, 0x0, 0x0, 0x0, 0x0, 0xbf, 0xff, 0xb0,
    0xef, 0xff, 0xa0, 0x0, 0x0, 0x0, 0x2f, 0xff,
    0xf7, 0xa, 0xff, 0xff, 0x60, 0x0, 0x0, 0x1c,
    0xff, 0xff, 0x20, 0x2f, 0xff, 0xff, 0xc7, 0x66,
    0x9f, 0xff, 0xff, 0x90, 0x0, 0x6f, 0xff, 0xff,
    0xff, 0xff, 0xff, 0xff, 0xc0, 0x0, 0x0, 0x5e,
    0xff, 0xff, 0xff, 0xff, 0xff, 0x80, 0x0, 0x0,
    0x0, 0x5, 0xad, 0xef, 0xfd, 0xb7, 0x10, 0x0,
    0x0,

    /* U+00DB "Û" */
    0x0, 0x0, 0x0, 0x4, 0xff, 0xfe, 0x10, 0x0,
    0x0, 0x0, 0x0, 0x0, 0x4, 0xff, 0xff, 0xfd,
    0x0, 0x0, 0x0, 0x0, 0x0, 0x3, 0xff, 0xf8,
    0xbf, 0xfb, 0x0, 0x0, 0x0, 0x0, 0x2, 0xef,
    0xe3, 0x0, 0x7f, 0xfa, 0x0, 0x0, 0x0, 0x0,
    0x48, 0x71, 0x0, 0x0, 0x38, 0x81, 0x0, 0x0,
    0x0, 0x0, 0x0, 0x0, 0x0, 0x0, 0x0, 0x0,
    0x0, 0x0, 0x0, 0x0, 0x0, 0x0, 0x0, 0x0,
    0x0, 0x0, 0x3, 0xff, 0xff, 0x20, 0x0, 0x0,
    0x0, 0x7, 0xff, 0xfd, 0x3f, 0xff, 0xf2, 0x0,
    0x0, 0x0, 0x0, 0x7f, 0xff, 0xd3, 0xff, 0xff,
    0x20, 0x0, 0x0, 0x0, 0x7, 0xff, 0xfd, 0x3f,
    0xff, 0xf2, 0x0, 0x0, 0x0, 0x0, 0x7f, 0xff,
    0xd3, 0xff, 0xff, 0x20, 0x0, 0x0, 0x0, 0x7,
    0xff, 0xfd, 0x3f, 0xff, 0xf2, 0x0, 0x0, 0x0,
    0x0, 0x7f, 0xff, 0xd3, 0xff, 0xff, 0x20, 0x0,
    0x0, 0x0, 0x7, 0xff, 0xfd, 0x3f, 0xff, 0xf2,
    0x0, 0x0, 0x0, 0x0, 0x7f, 0xff, 0xd3, 0xff,
    0xff, 0x20, 0x0, 0x0, 0x0, 0x7, 0xff, 0xfd,
    0x3f, 0xff, 0xf2, 0x0, 0x0, 0x0, 0x0, 0x7f,
    0xff, 0xd3, 0xff, 0xff, 0x20, 0x0, 0x0, 0x0,
    0x7, 0xff, 0xfd, 0x3f, 0xff, 0xf2, 0x0, 0x0,
    0x0, 0x0, 0x7f, 0xff, 0xd2, 0xff, 0xff, 0x20,
    0x0, 0x0, 0x0, 0x8, 0xff, 0xfc, 0x1f, 0xff,
    0xf4, 0x0, 0x0, 0x0, 0x0, 0xbf, 0xff, 0xb0,
    0xef, 0xff, 0xa0, 0x0, 0x0, 0x0, 0x2f, 0xff,
    0xf7, 0xa, 0xff, 0xff, 0x60, 0x0, 0x0, 0x1c,
    0xff, 0xff, 0x20, 0x2f, 0xff, 0xff, 0xc7, 0x66,
    0x9f, 0xff, 0xff, 0x90, 0x0, 0x6f, 0xff, 0xff,
    0xff, 0xff, 0xff, 0xff, 0xc0, 0x0, 0x0, 0x5e,
    0xff, 0xff, 0xff, 0xff, 0xff, 0x80, 0x0, 0x0,
    0x0, 0x5, 0xad, 0xef, 0xfd, 0xb7, 0x10, 0x0,
    0x0,

    /* U+00DC "Ü" */
    0x0, 0x0, 0xf, 0xfe, 0x0, 0x4, 0xff, 0x90,
    0x0, 0x0, 0x0, 0x0, 0xff, 0xe0, 0x0, 0x4f,
    0xf9, 0x0, 0x0, 0x0, 0x0, 0xf, 0xfe, 0x0,
    0x4, 0xff, 0x90, 0x0, 0x0, 0x0, 0x0, 0x22,
    0x20, 0x0, 0x2, 0x21, 0x0, 0x0, 0x0, 0x0,
    0x0, 0x0, 0x0, 0x0, 0x0, 0x0, 0x0, 0x0,
    0x0, 0x0, 0x0, 0x0, 0x0, 0x0, 0x0, 0x0,
    0x0, 0x3f, 0xff, 0xf2, 0x0, 0x0, 0x0, 0x0,
    0x7f, 0xff, 0xd3, 0xff, 0xff, 0x20, 0x0, 0x0,
    0x0, 0x7, 0xff, 0xfd, 0x3f, 0xff, 0xf2, 0x0,
    0x0, 0x0, 0x0, 0x7f, 0xff, 0xd3, 0xff, 0xff,
    0x20, 0x0, 0x0, 0x0, 0x7, 0xff, 0xfd, 0x3f,
    0xff, 0xf2, 0x0, 0x0, 0x0, 0x0, 0x7f, 0xff,
    0xd3, 0xff, 0xff, 0x20, 0x0, 0x0, 0x0, 0x7,
    0xff, 0xfd, 0x3f, 0xff, 0xf2, 0x0, 0x0, 0x0,
    0x0, 0x7f, 0xff, 0xd3, 0xff, 0xff, 0x20, 0x0,
    0x0, 0x0, 0x7, 0xff, 0xfd, 0x3f, 0xff, 0xf2,
    0x0, 0x0, 0x0, 0x0, 0x7f, 0xff, 0xd3, 0xff,
    0xff, 0x20, 0x0, 0x0, 0x0, 0x7, 0xff, 0xfd,
    0x3f, 0xff, 0xf2, 0x0, 0x0, 0x0, 0x0, 0x7f,
    0xff, 0xd3, 0xff, 0xff, 0x20, 0x0, 0x0, 0x0,
    0x7, 0xff, 0xfd, 0x2f, 0xff, 0xf2, 0x0, 0x0,
    0x0, 0x0, 0x8f, 0xff, 0xc1, 0xff, 0xff, 0x40,
    0x0, 0x0, 0x0, 0xb, 0xff, 0xfb, 0xe, 0xff,
    0xfa, 0x0, 0x0, 0x0, 0x2, 0xff, 0xff, 0x70,
    0xaf, 0xff, 0xf6, 0x0, 0x0, 0x1, 0xcf, 0xff,
    0xf2, 0x2, 0xff, 0xff, 0xfc, 0x76, 0x69, 0xff,
    0xff, 0xf9, 0x0, 0x6, 0xff, 0xff, 0xff, 0xff,
    0xff, 0xff, 0xfc, 0x0, 0x0, 0x5, 0xef, 0xff,
    0xff, 0xff, 0xff, 0xf8, 0x0, 0x0, 0x0, 0x0,
    0x5a, 0xde, 0xff, 0xdb, 0x71, 0x0, 0x0,

    /* U+00DD "Ý" */
    0x0, 0x0, 0x0, 0x0, 0x0, 0x4, 0x55, 0x50,
    0x0, 0x0, 0x0, 0x0, 0x0, 0x0, 0x0, 0x6f,
    0xff, 0xc0, 0x0, 0x0, 0x0, 0x0, 0x0, 0x0,
    0x5, 0xff, 0xf9, 0x0, 0x0, 0x0, 0x0, 0x0,
    0x0, 0x0, 0x4f, 0xff, 0x50, 0x0, 0x0, 0x0,
    0x0, 0x0, 0x0, 0x2, 0xff, 0xc2, 0x0, 0x0,
    0x0, 0x0, 0x0, 0x0, 0x0, 0x0, 0x11, 0x0,
    0x0, 0x0, 0x0, 0x0, 0x0, 0x0, 0x0, 0x0,
    0x0, 0x0, 0x0, 0x0, 0x0, 0x0, 0x3f, 0xff,
    0xf5, 0x0, 0x0, 0x0, 0x0, 0x4f, 0xff, 0xf3,
    0x8, 0xff, 0xfe, 0x0, 0x0, 0x0, 0x0, 0xdf,
    0xff, 0x90, 0x0, 0xef, 0xff, 0x80, 0x0, 0x0,
    0x7, 0xff, 0xfe, 0x10, 0x0, 0x4f, 0xff, 0xf1,
    0x0, 0x0, 0x1f, 0xff, 0xf5, 0x0, 0x0, 0xa,
    0xff, 0xfa, 0x0, 0x0, 0xaf, 0xff, 0xb0, 0x0,
    0x0, 0x1, 0xff, 0xff, 0x40, 0x4, 0xff, 0xff,
    0x20, 0x0, 0x0, 0x0, 0x7f, 0xff, 0xd0, 0xd,
    0xff, 0xf7, 0x0, 0x0, 0x0, 0x0, 0xc, 0xff,
    0xf6, 0x7f, 0xff, 0xd0, 0x0, 0x0, 0x0, 0x0,
    0x3, 0xff, 0xfe, 0xff, 0xff, 0x30, 0x0, 0x0,
    0x0, 0x0, 0x0, 0x9f, 0xff, 0xff, 0xf9, 0x0,
    0x0, 0x0, 0x0, 0x0, 0x0, 0xe, 0xff, 0xff,
    0xe1, 0x0, 0x0, 0x0, 0x0, 0x0, 0x0, 0x5,
    0xff, 0xff, 0x50, 0x0, 0x0, 0x0, 0x0, 0x0,
    0x0, 0x2, 0xff, 0xff, 0x20, 0x0, 0x0, 0x0,
    0x0, 0x0, 0x0, 0x2, 0xff, 0xff, 0x20, 0x0,
    0x0, 0x0, 0x0, 0x0, 0x0, 0x2, 0xff, 0xff,
    0x20, 0x0, 0x0, 0x0, 0x0, 0x0, 0x0, 0x2,
    0xff, 0xff, 0x20, 0x0, 0x0, 0x0, 0x0, 0x0,
    0x0, 0x2, 0xff, 0xff, 0x20, 0x0, 0x0, 0x0,
    0x0, 0x0, 0x0, 0x2, 0xff, 0xff, 0x20, 0x0,
    0x0, 0x0, 0x0, 0x0, 0x0, 0x2, 0xff, 0xff,
    0x20, 0x0, 0x0, 0x0, 0x0, 0x0, 0x0, 0x2,
    0xff, 0xff, 0x20, 0x0, 0x0, 0x0,

    /* U+00DE "Þ" */
    0xff, 0xff, 0x50, 0x0, 0x0, 0x0, 0x0, 0x0,
    0xf, 0xff, 0xf5, 0x0, 0x0, 0x0, 0x0, 0x0,
    0x0, 0xff, 0xff, 0x50, 0x0, 0x0, 0x0, 0x0,
    0x0, 0xf, 0xff, 0xff, 0xff, 0xff, 0xff, 0xd9,
    0x30, 0x0, 0xff, 0xff, 0xff, 0xff, 0xff, 0xff,
    0xff, 0xb0, 0xf, 0xff, 0xff, 0xff, 0xff, 0xff,
    0xff, 0xff, 0xc0, 0xff, 0xff, 0x50, 0x0, 0x1,
    0x4d, 0xff, 0xff, 0x6f, 0xff, 0xf5, 0x0, 0x0,
    0x0, 0xe, 0xff, 0xfb, 0xff, 0xff, 0x50, 0x0,
    0x0, 0x0, 0x8f, 0xff, 0xef, 0xff, 0xf5, 0x0,
    0x0, 0x0, 0x6, 0xff, 0xff, 0xff, 0xff, 0x50,
    0x0, 0x0, 0x0, 0x8f, 0xff, 0xdf, 0xff, 0xf5,
    0x0, 0x0, 0x0, 0x1e, 0xff, 0xfa, 0xff, 0xff,
    0x50, 0x0, 0x1, 0x5d, 0xff, 0xff, 0x3f, 0xff,
    0xff, 0xff, 0xff, 0xff, 0xff, 0xff, 0x80, 0xff,
    0xff, 0xff, 0xff, 0xff, 0xff, 0xff, 0x80, 0xf,
    0xff, 0xff, 0xff, 0xff, 0xfe, 0xc8, 0x20, 0x0,
    0xff, 0xff, 0x50, 0x0, 0x0, 0x0, 0x0, 0x0,
    0xf, 0xff, 0xf5, 0x0, 0x0, 0x0, 0x0, 0x0,
    0x0, 0xff, 0xff, 0x50, 0x0, 0x0, 0x0, 0x0,
    0x0, 0xf, 0xff, 0xf5, 0x0, 0x0, 0x0, 0x0,
    0x0, 0x0,

    /* U+00DF "ß" */
    0x0, 0x3, 0x9d, 0xff, 0xec, 0x71, 0x0, 0x0,
    0x0, 0x9f, 0xff, 0xff, 0xff, 0xff, 0x50, 0x0,
    0x9, 0xff, 0xff, 0xff, 0xff, 0xff, 0xf2, 0x0,
    0x3f, 0xff, 0xf8, 0x10, 0x2c, 0xff, 0xf9, 0x0,
    0x8f, 0xff, 0xa0, 0x0, 0x2, 0xff, 0xfc, 0x0,
    0xcf, 0xff, 0x50, 0x0, 0x2, 0xff, 0xfb, 0x0,
    0xdf, 0xff, 0x30, 0x0, 0x9, 0xff, 0xf7, 0x0,
    0xef, 0xff, 0x30, 0x0, 0x7f, 0xff, 0xd0, 0x0,
    0xef, 0xff, 0x30, 0x7, 0xff, 0xfd, 0x20, 0x0,
    0xef, 0xff, 0x30, 0x1f, 0xff, 0xe1, 0x0, 0x0,
    0xef, 0xff, 0x30, 0x4f, 0xff, 0xa0, 0x0, 0x0,
    0xef, 0xff, 0x30, 0x2f, 0xff, 0xf7, 0x0, 0x0,
    0xef, 0xff, 0x30, 0xc, 0xff, 0xff, 0xb1, 0x0,
    0xef, 0xff, 0x30, 0x1, 0xdf, 0xff, 0xfd, 0x10,
    0xef, 0xff, 0x30, 0x0, 0xa, 0xff, 0xff, 0xb0,
    0xef, 0xff, 0x30, 0x0, 0x0, 0x7f, 0xff, 0xf2,
    0xef, 0xff, 0x30, 0x0, 0x0, 0xa, 0xff, 0xf6,
    0xef, 0xff, 0x30, 0x0, 0x0, 0x6, 0xff, 0xf6,
    0xef, 0xff, 0x30, 0x61, 0x0, 0xb, 0xff, 0xf4,
    0xef, 0xff, 0x30, 0xff, 0xdc, 0xef, 0xff, 0xe0,
    0xef, 0xff, 0x30, 0xff, 0xff, 0xff, 0xff, 0x40,
    0xef, 0xff, 0x30, 0xbd, 0xff, 0xfd, 0x92, 0x0,

    /* U+00E0 "à" */
    0x0, 0x6, 0xff, 0xfb, 0x0, 0x0, 0x0, 0x0,
    0x0, 0x0, 0x7, 0xff, 0xf9, 0x0, 0x0, 0x0,
    0x0, 0x0, 0x0, 0x4, 0xff, 0xf6, 0x0, 0x0,
    0x0, 0x0, 0x0, 0x0, 0x2, 0xef, 0xf4, 0x0,
    0x0, 0x0, 0x0, 0x0, 0x0, 0x1, 0xbc, 0xb0,
    0x0, 0x0, 0x0, 0x0, 0x0, 0x0, 0x0, 0x0,
    0x0, 0x0, 0x0, 0x0, 0x0, 0x5a, 0xdf, 0xfe,
    0xb6, 0x0, 0x0, 0x0, 0x1, 0xcf, 0xff, 0xff,
    0xff, 0xfd, 0x10, 0x0, 0x0, 0xbf, 0xff, 0xfb,
    0xbe, 0xff, 0xfc, 0x0, 0x0, 0x3f, 0xff, 0xf2,
    0x0, 0x1f, 0xff, 0xf3, 0x0, 0x3, 0x77, 0x76,
    0x0, 0x0, 0xaf, 0xff, 0x70, 0x0, 0x0, 0x0,
    0x0, 0x0, 0x9, 0xff, 0xf8, 0x0, 0x0, 0x5,
    0xbe, 0xff, 0xff, 0xff, 0xff, 0x80, 0x0, 0xb,
    0xff, 0xff, 0xff, 0xff, 0xff, 0xf8, 0x0, 0x9,
    0xff, 0xff, 0x84, 0x44, 0xaf, 0xff, 0x80, 0x0,
    0xff, 0xff, 0x50, 0x0, 0x9, 0xff, 0xf8, 0x0,
    0x2f, 0xff, 0xf1, 0x0, 0x0, 0xcf, 0xff, 0x80,
    0x3, 0xff, 0xff, 0x10, 0x0, 0x3f, 0xff, 0xf9,
    0x0, 0x1f, 0xff, 0xf7, 0x0, 0x2d, 0xff, 0xff,
    0xb0, 0x0, 0xcf, 0xff, 0xfb, 0xbf, 0xf6, 0xef,
    0xff, 0xb8, 0x2, 0xff, 0xff, 0xff, 0xf8, 0x9,
    0xff, 0xff, 0xc0, 0x2, 0x9e, 0xfe, 0xb4, 0x0,
    0xa, 0xef, 0xd7,

    /* U+00E1 "á" */
    0x0, 0x0, 0x0, 0x0, 0x4f, 0xff, 0xe0, 0x0,
    0x0, 0x0, 0x0, 0x0, 0x2e, 0xff, 0xd1, 0x0,
    0x0, 0x0, 0x0, 0x0, 0x1d, 0xff, 0xb0, 0x0,
    0x0, 0x0, 0x0, 0x0, 0xc, 0xff, 0x80, 0x0,
    0x0, 0x0, 0x0, 0x0, 0x5, 0xcc, 0x50, 0x0,
    0x0, 0x0, 0x0, 0x0, 0x0, 0x0, 0x0, 0x0,
    0x0, 0x0, 0x0, 0x0, 0x0, 0x5a, 0xdf, 0xfe,
    0xb6, 0x0, 0x0, 0x0, 0x1, 0xcf, 0xff, 0xff,
    0xff, 0xfd, 0x10, 0x0, 0x0, 0xbf, 0xff, 0xfb,
    0xbe, 0xff, 0xfc, 0x0, 0x0, 0x3f, 0xff, 0xf2,
    0x0, 0x1f, 0xff, 0xf3, 0x0, 0x3, 0x77, 0x76,
    0x0, 0x0, 0xaf, 0xff, 0x70, 0x0, 0x0, 0x0,
    0x0, 0x0, 0x9, 0xff, 0xf8, 0x0, 0x0, 0x5,
    0xbe, 0xff, 0xff, 0xff, 0xff, 0x80, 0x0, 0xb,
    0xff, 0xff, 0xff, 0xff, 0xff, 0xf8, 0x0, 0x9,
    0xff, 0xff, 0x84, 0x44, 0xaf, 0xff, 0x80, 0x0,
    0xff, 0xff, 0x50, 0x0, 0x9, 0xff, 0xf8, 0x0,
    0x2f, 0xff, 0xf1, 0x0, 0x0, 0xcf, 0xff, 0x80,
    0x3, 0xff, 0xff, 0x10, 0x0, 0x3f, 0xff, 0xf9,
    0x0, 0x1f, 0xff, 0xf7, 0x0, 0x2d, 0xff, 0xff,
    0xb0, 0x0, 0xcf, 0xff, 0xfb, 0xbf, 0xf6, 0xef,
    0xff, 0xb8, 0x2, 0xff, 0xff, 0xff, 0xf8, 0x9,
    0xff, 0xff, 0xc0, 0x2, 0x9e, 0xfe, 0xb4, 0x0,
    0xa, 0xef, 0xd7,

    /* U+00E2 "â" */
    0x0, 0x0, 0x0, 0x48, 0x88, 0x10, 0x0, 0x0,
    0x0, 0x0, 0x0, 0x2f, 0xff, 0xfc, 0x0, 0x0,
    0x0, 0x0, 0x0, 0x1d, 0xff, 0xef, 0xfa, 0x0,
    0x0, 0x0, 0x0, 0xc, 0xff, 0x70, 0xbf, 0xf7,
    0x0, 0x0, 0x0, 0x9, 0xff, 0x60, 0x0, 0xaf,
    0xf4, 0x0, 0x0, 0x0, 0x88, 0x40, 0x0, 0x0,
    0x68, 0x50, 0x0, 0x0, 0x0, 0x0, 0x0, 0x0,
    0x0, 0x0, 0x0, 0x0, 0x0, 0x5, 0xad, 0xff,
    0xeb, 0x60, 0x0, 0x0, 0x0, 0x1c, 0xff, 0xff,
    0xff, 0xff, 0xd1, 0x0, 0x0, 0xb, 0xff, 0xff,
    0xbb, 0xef, 0xff, 0xc0, 0x0, 0x3, 0xff, 0xff,
    0x20, 0x1, 0xff, 0xff, 0x30, 0x0, 0x37, 0x77,
    0x60, 0x0, 0xa, 0xff, 0xf7, 0x0, 0x0, 0x0,
    0x0, 0x0, 0x0, 0x9f, 0xff, 0x80, 0x0, 0x0,
    0x5b, 0xef, 0xff, 0xff, 0xff, 0xf8, 0x0, 0x0,
    0xbf, 0xff, 0xff, 0xff, 0xff, 0xff, 0x80, 0x0,
    0x9f, 0xff, 0xf8, 0x44, 0x4a, 0xff, 0xf8, 0x0,
    0xf, 0xff, 0xf5, 0x0, 0x0, 0x9f, 0xff, 0x80,
    0x2, 0xff, 0xff, 0x10, 0x0, 0xc, 0xff, 0xf8,
    0x0, 0x3f, 0xff, 0xf1, 0x0, 0x3, 0xff, 0xff,
    0x90, 0x1, 0xff, 0xff, 0x70, 0x2, 0xdf, 0xff,
    0xfb, 0x0, 0xc, 0xff, 0xff, 0xbb, 0xff, 0x6e,
    0xff, 0xfb, 0x80, 0x2f, 0xff, 0xff, 0xff, 0x80,
    0x9f, 0xff, 0xfc, 0x0, 0x29, 0xef, 0xeb, 0x40,
    0x0, 0xae, 0xfd, 0x70,

    /* U+00E3 "ã" */
    0x0, 0x2, 0xcf, 0xd6, 0x0, 0x4, 0xfc, 0x0,
    0x0, 0x0, 0xef, 0xff, 0xfd, 0x40, 0xbf, 0xa0,
    0x0, 0x0, 0x5f, 0xf8, 0xaf, 0xff, 0xff, 0xf5,
    0x0, 0x0, 0x8, 0xf9, 0x0, 0x3c, 0xff, 0xfc,
    0x0, 0x0, 0x0, 0x47, 0x30, 0x0, 0x3, 0x75,
    0x0, 0x0, 0x0, 0x0, 0x0, 0x0, 0x0, 0x0,
    0x0, 0x0, 0x0, 0x0, 0x0, 0x5a, 0xdf, 0xfe,
    0xb6, 0x0, 0x0, 0x0, 0x1, 0xcf, 0xff, 0xff,
    0xff, 0xfd, 0x10, 0x0, 0x0, 0xbf, 0xff, 0xfb,
    0xbe, 0xff, 0xfc, 0x0, 0x0, 0x3f, 0xff, 0xf2,
    0x0, 0x1f, 0xff, 0xf3, 0x0, 0x3, 0x77, 0x76,
    0x0, 0x0, 0xaf, 0xff, 0x70, 0x0, 0x0, 0x0,
    0x0, 0x0, 0x9, 0xff, 0xf8, 0x0, 0x0, 0x5,
    0xbe, 0xff, 0xff, 0xff, 0xff, 0x80, 0x0, 0xb,
    0xff, 0xff, 0xff, 0xff, 0xff, 0xf8, 0x0, 0x9,
    0xff, 0xff, 0x84, 0x44, 0xaf, 0xff, 0x80, 0x0,
    0xff, 0xff, 0x50, 0x0, 0x9, 0xff, 0xf8, 0x0,
    0x2f, 0xff, 0xf1, 0x0, 0x0, 0xcf, 0xff, 0x80,
    0x3, 0xff, 0xff, 0x10, 0x0, 0x3f, 0xff, 0xf9,
    0x0, 0x1f, 0xff, 0xf7, 0x0, 0x2d, 0xff, 0xff,
    0xb0, 0x0, 0xcf, 0xff, 0xfb, 0xbf, 0xf6, 0xef,
    0xff, 0xb8, 0x2, 0xff, 0xff, 0xff, 0xf8, 0x9,
    0xff, 0xff, 0xc0, 0x2, 0x9e, 0xfe, 0xb4, 0x0,
    0xa, 0xef, 0xd7,

    /* U+00E4 "ä" */
    0x0, 0x9, 0xff, 0x80, 0x4, 0xff, 0xe0, 0x0,
    0x0, 0x0, 0x9f, 0xf8, 0x0, 0x4f, 0xfe, 0x0,
    0x0, 0x0, 0x9, 0xff, 0x80, 0x4, 0xff, 0xe0,
    0x0, 0x0, 0x0, 0x13, 0x31, 0x0, 0x3, 0x32,
    0x0, 0x0, 0x0, 0x0, 0x5a, 0xdf, 0xfe, 0xb6,
    0x0, 0x0, 0x0, 0x1, 0xcf, 0xff, 0xff, 0xff,
    0xfd, 0x10, 0x0, 0x0, 0xbf, 0xff, 0xfb, 0xbe,
    0xff, 0xfc, 0x0, 0x0, 0x3f, 0xff, 0xf2, 0x0,
    0x1f, 0xff, 0xf3, 0x0, 0x3, 0x77, 0x76, 0x0,
    0x0, 0xaf, 0xff, 0x70, 0x0, 0x0, 0x0, 0x0,
    0x0, 0x9, 0xff, 0xf8, 0x0, 0x0, 0x5, 0xbe,
    0xff, 0xff, 0xff, 0xff, 0x80, 0x0, 0xb, 0xff,
    0xff, 0xff, 0xff, 0xff, 0xf8, 0x0, 0x9, 0xff,
    0xff, 0x84, 0x44, 0xaf, 0xff, 0x80, 0x0, 0xff,
    0xff, 0x50, 0x0, 0x9, 0xff, 0xf8, 0x0, 0x2f,
    0xff, 0xf1, 0x0, 0x0, 0xcf, 0xff, 0x80, 0x3,
    0xff, 0xff, 0x10, 0x0, 0x3f, 0xff, 0xf9, 0x0,
    0x1f, 0xff, 0xf7, 0x0, 0x2d, 0xff, 0xff, 0xb0,
    0x0, 0xcf, 0xff, 0xfb, 0xbf, 0xf6, 0xef, 0xff,
    0xb8, 0x2, 0xff, 0xff, 0xff, 0xf8, 0x9, 0xff,
    0xff, 0xc0, 0x2, 0x9e, 0xfe, 0xb4, 0x0, 0xa,
    0xef, 0xd7,

    /* U+00E5 "å" */
    0x0, 0x0, 0x0, 0x6c, 0xd9, 0x10, 0x0, 0x0,
    0x0, 0x0, 0x0, 0x9f, 0xff, 0xfe, 0x10, 0x0,
    0x0, 0x0, 0x0, 0x3f, 0xe3, 0x1a, 0xf9, 0x0,
    0x0, 0x0, 0x0, 0x7, 0xf7, 0x0, 0xf, 0xd0,
    0x0, 0x0, 0x0, 0x0, 0x7f, 0x70, 0x0, 0xfd,
    0x0, 0x0, 0x0, 0x0, 0x3, 0xfe, 0x31, 0xaf,
    0x90, 0x0, 0x0, 0x0, 0x0, 0x9, 0xff, 0xff,
    0xe1, 0x0, 0x0, 0x0, 0x0, 0x0, 0x6, 0xbc,
    0x91, 0x0, 0x0, 0x0, 0x0, 0x0, 0x0, 0x0,
    0x0, 0x0, 0x0, 0x0, 0x0, 0x0, 0x5, 0xad,
    0xff, 0xeb, 0x60, 0x0, 0x0, 0x0, 0x1c, 0xff,
    0xff, 0xff, 0xff, 0xd1, 0x0, 0x0, 0xb, 0xff,
    0xff, 0xbb, 0xef, 0xff, 0xc0, 0x0, 0x3, 0xff,
    0xff, 0x20, 0x1, 0xff, 0xff, 0x30, 0x0, 0x37,
    0x77, 0x60, 0x0, 0xa, 0xff, 0xf7, 0x0, 0x0,
    0x0, 0x0, 0x0, 0x0, 0x9f, 0xff, 0x80, 0x0,
    0x0, 0x5b, 0xef, 0xff, 0xff, 0xff, 0xf8, 0x0,
    0x0, 0xbf, 0xff, 0xff, 0xff, 0xff, 0xff, 0x80,
    0x0, 0x9f, 0xff, 0xf8, 0x44, 0x4a, 0xff, 0xf8,
    0x0, 0xf, 0xff, 0xf5, 0x0, 0x0, 0x9f, 0xff,
    0x80, 0x2, 0xff, 0xff, 0x10, 0x0, 0xc, 0xff,
    0xf8, 0x0, 0x3f, 0xff, 0xf1, 0x0, 0x3, 0xff,
    0xff, 0x90, 0x1, 0xff, 0xff, 0x70, 0x2, 0xdf,
    0xff, 0xfb, 0x0, 0xc, 0xff, 0xff, 0xbb, 0xff,
    0x6e, 0xff, 0xfb, 0x80, 0x2f, 0xff, 0xff, 0xff,
    0x80, 0x9f, 0xff, 0xfc, 0x0, 0x29, 0xef, 0xeb,
    0x40, 0x0, 0xae, 0xfd, 0x70,

    /* U+00E6 "æ" */
    0x0, 0x0, 0x39, 0xdf, 0xff, 0xc8, 0x20, 0x28,
    0xcf, 0xfe, 0xb6, 0x0, 0x0, 0x0, 0x9, 0xff,
    0xff, 0xff, 0xff, 0xf9, 0xff, 0xff, 0xff, 0xff,
    0xd1, 0x0, 0x0, 0x8f, 0xff, 0xfc, 0xad, 0xff,
    0xff, 0xff, 0xfc, 0xbd, 0xff, 0xfd, 0x0, 0x1,
    0xff, 0xff, 0x50, 0x0, 0x9f, 0xff, 0xff, 0x40,
    0x0, 0x9f, 0xff, 0x70, 0x1, 0x77, 0x77, 0x0,
    0x0, 0x2f, 0xff, 0xf9, 0x0, 0x0, 0xe, 0xff,
    0xd0, 0x0, 0x0, 0x0, 0x0, 0x0, 0x1f, 0xff,
    0xf6, 0x0, 0x0, 0xa, 0xff, 0xf2, 0x0, 0x3,
    0x9d, 0xff, 0xff, 0xff, 0xff, 0xff, 0xff, 0xff,
    0xff, 0xff, 0xf4, 0x0, 0x8f, 0xff, 0xff, 0xff,
    0xff, 0xff, 0xff, 0xff, 0xff, 0xff, 0xff, 0xf6,
    0x6, 0xff, 0xff, 0xc7, 0x66, 0x7f, 0xff, 0xf9,
    0x66, 0x66, 0x66, 0x66, 0x62, 0xc, 0xff, 0xfa,
    0x0, 0x0, 0x2f, 0xff, 0xf5, 0x0, 0x0, 0x0,
    0x0, 0x0, 0xf, 0xff, 0xf5, 0x0, 0x0, 0x5f,
    0xff, 0xf8, 0x0, 0x0, 0x0, 0x0, 0x0, 0xf,
    0xff, 0xf5, 0x0, 0x0, 0xcf, 0xff, 0xfd, 0x0,
    0x0, 0x9, 0x98, 0x60, 0xd, 0xff, 0xfb, 0x0,
    0x1a, 0xff, 0xff, 0xff, 0x90, 0x0, 0x6f, 0xff,
    0xc0, 0x8, 0xff, 0xff, 0xec, 0xff, 0xf5, 0x6f,
    0xff, 0xfe, 0xce, 0xff, 0xff, 0x30, 0x0, 0xdf,
    0xff, 0xff, 0xff, 0x60, 0x6, 0xff, 0xff, 0xff,
    0xff, 0xe4, 0x0, 0x0, 0x8, 0xdf, 0xfd, 0x82,
    0x0, 0x0, 0x28, 0xce, 0xfe, 0xc7, 0x0, 0x0,

    /* U+00E7 "ç" */
    0x0, 0x0, 0x6b, 0xef, 0xfd, 0x92, 0x0, 0x0,
    0x3, 0xef, 0xff, 0xff, 0xff, 0xf7, 0x0, 0x2,
    0xff, 0xff, 0xfd, 0xef, 0xff, 0xf7, 0x0, 0xcf,
    0xff, 0xc1, 0x0, 0x6f, 0xff, 0xf1, 0x3f, 0xff,
    0xf1, 0x0, 0x0, 0xbf, 0xff, 0x78, 0xff, 0xfc,
    0x0, 0x0, 0x2, 0x44, 0x42, 0xbf, 0xff, 0x90,
    0x0, 0x0, 0x0, 0x0, 0xc, 0xff, 0xf8, 0x0,
    0x0, 0x0, 0x0, 0x0, 0xcf, 0xff, 0x80, 0x0,
    0x0, 0x0, 0x0, 0xb, 0xff, 0xf9, 0x0, 0x0,
    0x0, 0x0, 0x0, 0x8f, 0xff, 0xc0, 0x0, 0x0,
    0x38, 0x88, 0x64, 0xff, 0xff, 0x20, 0x0, 0xa,
    0xff, 0xf8, 0xd, 0xff, 0xfc, 0x10, 0x6, 0xff,
    0xff, 0x20, 0x3f, 0xff, 0xff, 0xde, 0xff, 0xff,
    0x70, 0x0, 0x3e, 0xff, 0xff, 0xff, 0xff, 0x70,
    0x0, 0x0, 0x7, 0xbf, 0xff, 0xc8, 0x20, 0x0,
    0x0, 0x0, 0x0, 0xff, 0x10, 0x0, 0x0, 0x0,
    0x0, 0x0, 0x5f, 0xff, 0xa0, 0x0, 0x0, 0x0,
    0x0, 0x2, 0x49, 0xff, 0x70, 0x0, 0x0, 0x0,
    0x0, 0x0, 0x3f, 0xf8, 0x0, 0x0, 0x0, 0x0,
    0x4b, 0xcf, 0xff, 0x30, 0x0, 0x0, 0x0, 0x4,
    0xff, 0xea, 0x30, 0x0, 0x0,

    /* U+00E8 "è" */
    0x0, 0xb, 0xff, 0xf6, 0x0, 0x0, 0x0, 0x0,
    0x0, 0xb, 0xff, 0xf4, 0x0, 0x0, 0x0, 0x0,
    0x0, 0x8, 0xff, 0xf2, 0x0, 0x0, 0x0, 0x0,
    0x0, 0x6, 0xff, 0xd1, 0x0, 0x0, 0x0, 0x0,
    0x0, 0x3, 0xcc, 0x70, 0x0, 0x0, 0x0, 0x0,
    0x0, 0x0, 0x0, 0x0, 0x0, 0x0, 0x0, 0x7c,
    0xef, 0xec, 0x70, 0x0, 0x0, 0x4, 0xef, 0xff,
    0xff, 0xff, 0xe3, 0x0, 0x3, 0xff, 0xff, 0xc9,
    0xbf, 0xff, 0xf1, 0x0, 0xdf, 0xff, 0x60, 0x0,
    0x4f, 0xff, 0xa0, 0x4f, 0xff, 0xc0, 0x0, 0x0,
    0xaf, 0xff, 0x19, 0xff, 0xf9, 0x0, 0x0, 0x6,
    0xff, 0xf5, 0xbf, 0xff, 0xff, 0xff, 0xff, 0xff,
    0xff, 0x8c, 0xff, 0xff, 0xff, 0xff, 0xff, 0xff,
    0xf9, 0xcf, 0xff, 0xc8, 0x88, 0x88, 0x88, 0x88,
    0x5b, 0xff, 0xf8, 0x0, 0x0, 0x0, 0x0, 0x0,
    0x8f, 0xff, 0xb0, 0x0, 0x0, 0x0, 0x0, 0x4,
    0xff, 0xff, 0x10, 0x0, 0x6, 0x87, 0x61, 0xd,
    0xff, 0xfb, 0x10, 0x3, 0xff, 0xff, 0x10, 0x3f,
    0xff, 0xff, 0xcd, 0xff, 0xff, 0x60, 0x0, 0x4f,
    0xff, 0xff, 0xff, 0xff, 0x60, 0x0, 0x0, 0x17,
    0xce, 0xff, 0xd8, 0x20, 0x0,

    /* U+00E9 "é" */
    0x0, 0x0, 0x0, 0x0, 0x9f, 0xff, 0x80, 0x0,
    0x0, 0x0, 0x0, 0x7f, 0xff, 0x80, 0x0, 0x0,
    0x0, 0x0, 0x5f, 0xff, 0x60, 0x0, 0x0, 0x0,
    0x0, 0x3f, 0xfe, 0x30, 0x0, 0x0, 0x0, 0x0,
    0xa, 0xcb, 0x20, 0x0, 0x0, 0x0, 0x0, 0x0,
    0x0, 0x0, 0x0, 0x0, 0x0, 0x0, 0x0, 0x7c,
    0xef, 0xec, 0x70, 0x0, 0x0, 0x4, 0xef, 0xff,
    0xff, 0xff, 0xe3, 0x0, 0x3, 0xff, 0xff, 0xc9,
    0xbf, 0xff, 0xf1, 0x0, 0xdf, 0xff, 0x60, 0x0,
    0x4f, 0xff, 0xa0, 0x4f, 0xff, 0xc0, 0x0, 0x0,
    0xaf, 0xff, 0x19, 0xff, 0xf9, 0x0, 0x0, 0x6,
    0xff, 0xf5, 0xbf, 0xff, 0xff, 0xff, 0xff, 0xff,
    0xff, 0x8c, 0xff, 0xff, 0xff, 0xff, 0xff, 0xff,
    0xf9, 0xcf, 0xff, 0xc8, 0x88, 0x88, 0x88, 0x88,
    0x5b, 0xff, 0xf8, 0x0, 0x0, 0x0, 0x0, 0x0,
    0x8f, 0xff, 0xb0, 0x0, 0x0, 0x0, 0x0, 0x4,
    0xff, 0xff, 0x10, 0x0, 0x6, 0x87, 0x61, 0xd,
    0xff, 0xfb, 0x10, 0x3, 0xff, 0xff, 0x10, 0x3f,
    0xff, 0xff, 0xcd, 0xff, 0xff, 0x60, 0x0, 0x4f,
    0xff, 0xff, 0xff, 0xff, 0x60, 0x0, 0x0, 0x17,
    0xce, 0xff, 0xd8, 0x20, 0x0,

    /* U+00EA "ê" */
    0x0, 0x0, 0x1, 0x78, 0x84, 0x0, 0x0, 0x0,
    0x0, 0x0, 0xcf, 0xff, 0xf3, 0x0, 0x0, 0x0,
    0x0, 0x9f, 0xfe, 0xff, 0xe1, 0x0, 0x0, 0x0,
    0x6f, 0xfc, 0x16, 0xff, 0xc0, 0x0, 0x0, 0x4f,
    0xfa, 0x0, 0x5, 0xff, 0x90, 0x0, 0x5, 0x86,
    0x0, 0x0, 0x4, 0x87, 0x0, 0x0, 0x0, 0x0,
    0x0, 0x0, 0x0, 0x0, 0x0, 0x0, 0x7, 0xce,
    0xfe, 0xc7, 0x0, 0x0, 0x0, 0x4e, 0xff, 0xff,
    0xff, 0xfe, 0x30, 0x0, 0x3f, 0xff, 0xfc, 0x9b,
    0xff, 0xff, 0x10, 0xd, 0xff, 0xf6, 0x0, 0x4,
    0xff, 0xfa, 0x4, 0xff, 0xfc, 0x0, 0x0, 0xa,
    0xff, 0xf1, 0x9f, 0xff, 0x90, 0x0, 0x0, 0x6f,
    0xff, 0x5b, 0xff, 0xff, 0xff, 0xff, 0xff, 0xff,
    0xf8, 0xcf, 0xff, 0xff, 0xff, 0xff, 0xff, 0xff,
    0x9c, 0xff, 0xfc, 0x88, 0x88, 0x88, 0x88, 0x85,
    0xbf, 0xff, 0x80, 0x0, 0x0, 0x0, 0x0, 0x8,
    0xff, 0xfb, 0x0, 0x0, 0x0, 0x0, 0x0, 0x4f,
    0xff, 0xf1, 0x0, 0x0, 0x68, 0x76, 0x10, 0xdf,
    0xff, 0xb1, 0x0, 0x3f, 0xff, 0xf1, 0x3, 0xff,
    0xff, 0xfc, 0xdf, 0xff, 0xf6, 0x0, 0x4, 0xff,
    0xff, 0xff, 0xff, 0xf6, 0x0, 0x0, 0x1, 0x7c,
    0xef, 0xfd, 0x82, 0x0, 0x0,

    /* U+00EB "ë" */
    0x0, 0x3f, 0xff, 0x0, 0xd, 0xff, 0x50, 0x0,
    0x3, 0xff, 0xf0, 0x0, 0xdf, 0xf5, 0x0, 0x0,
    0x3f, 0xff, 0x0, 0xd, 0xff, 0x50, 0x0, 0x0,
    0x33, 0x20, 0x0, 0x23, 0x31, 0x0, 0x0, 0x0,
    0x7c, 0xef, 0xec, 0x70, 0x0, 0x0, 0x4, 0xef,
    0xff, 0xff, 0xff, 0xe3, 0x0, 0x3, 0xff, 0xff,
    0xc9, 0xbf, 0xff, 0xf1, 0x0, 0xdf, 0xff, 0x60,
    0x0, 0x4f, 0xff, 0xa0, 0x4f, 0xff, 0xc0, 0x0,
    0x0, 0xaf, 0xff, 0x19, 0xff, 0xf9, 0x0, 0x0,
    0x6, 0xff, 0xf5, 0xbf, 0xff, 0xff, 0xff, 0xff,
    0xff, 0xff, 0x8c, 0xff, 0xff, 0xff, 0xff, 0xff,
    0xff, 0xf9, 0xcf, 0xff, 0xc8, 0x88, 0x88, 0x88,
    0x88, 0x5b, 0xff, 0xf8, 0x0, 0x0, 0x0, 0x0,
    0x0, 0x8f, 0xff, 0xb0, 0x0, 0x0, 0x0, 0x0,
    0x4, 0xff, 0xff, 0x10, 0x0, 0x6, 0x87, 0x61,
    0xd, 0xff, 0xfb, 0x10, 0x3, 0xff, 0xff, 0x10,
    0x3f, 0xff, 0xff, 0xcd, 0xff, 0xff, 0x60, 0x0,
    0x4f, 0xff, 0xff, 0xff, 0xff, 0x60, 0x0, 0x0,
    0x17, 0xce, 0xff, 0xd8, 0x20, 0x0,

    /* U+00EC "ì" */
    0xdf, 0xff, 0x40, 0x0, 0x1b, 0xff, 0xf3, 0x0,
    0x0, 0x8f, 0xfe, 0x20, 0x0, 0x5, 0xff, 0xd1,
    0x0, 0x0, 0x28, 0x94, 0x0, 0x0, 0x0, 0x0,
    0x0, 0xe, 0xff, 0xf3, 0x0, 0xe, 0xff, 0xf3,
    0x0, 0xe, 0xff, 0xf3, 0x0, 0xe, 0xff, 0xf3,
    0x0, 0xe, 0xff, 0xf3, 0x0, 0xe, 0xff, 0xf3,
    0x0, 0xe, 0xff, 0xf3, 0x0, 0xe, 0xff, 0xf3,
    0x0, 0xe, 0xff, 0xf3, 0x0, 0xe, 0xff, 0xf3,
    0x0, 0xe, 0xff, 0xf3, 0x0, 0xe, 0xff, 0xf3,
    0x0, 0xe, 0xff, 0xf3, 0x0, 0xe, 0xff, 0xf3,
    0x0, 0xe, 0xff, 0xf3, 0x0, 0xe, 0xff, 0xf3,

    /* U+00ED "í" */
    0x0, 0x2, 0xef, 0xff, 0x10, 0x1, 0xef, 0xfd,
    0x20, 0x0, 0xdf, 0xfb, 0x0, 0x0, 0xbf, 0xf7,
    0x0, 0x0, 0x29, 0x94, 0x0, 0x0, 0x0, 0x0,
    0x0, 0x0, 0x0, 0xe, 0xff, 0xf3, 0x0, 0x0,
    0xef, 0xff, 0x30, 0x0, 0xe, 0xff, 0xf3, 0x0,
    0x0, 0xef, 0xff, 0x30, 0x0, 0xe, 0xff, 0xf3,
    0x0, 0x0, 0xef, 0xff, 0x30, 0x0, 0xe, 0xff,
    0xf3, 0x0, 0x0, 0xef, 0xff, 0x30, 0x0, 0xe,
    0xff, 0xf3, 0x0, 0x0, 0xef, 0xff, 0x30, 0x0,
    0xe, 0xff, 0xf3, 0x0, 0x0, 0xef, 0xff, 0x30,
    0x0, 0xe, 0xff, 0xf3, 0x0, 0x0, 0xef, 0xff,
    0x30, 0x0, 0xe, 0xff, 0xf3, 0x0, 0x0, 0xef,
    0xff, 0x30, 0x0,

    /* U+00EE "î" */
    0x0, 0x0, 0xcf, 0xff, 0x50, 0x0, 0x0, 0xa,
    0xff, 0xff, 0xf2, 0x0, 0x0, 0x7f, 0xfc, 0x7f,
    0xfd, 0x0, 0x5, 0xff, 0xb0, 0x5, 0xff, 0xb0,
    0x1f, 0xfa, 0x0, 0x0, 0x5f, 0xf7, 0x0, 0x0,
    0x0, 0x0, 0x0, 0x0, 0x0, 0x0, 0xef, 0xff,
    0x30, 0x0, 0x0, 0x0, 0xef, 0xff, 0x30, 0x0,
    0x0, 0x0, 0xef, 0xff, 0x30, 0x0, 0x0, 0x0,
    0xef, 0xff, 0x30, 0x0, 0x0, 0x0, 0xef, 0xff,
    0x30, 0x0, 0x0, 0x0, 0xef, 0xff, 0x30, 0x0,
    0x0, 0x0, 0xef, 0xff, 0x30, 0x0, 0x0, 0x0,
    0xef, 0xff, 0x30, 0x0, 0x0, 0x0, 0xef, 0xff,
    0x30, 0x0, 0x0, 0x0, 0xef, 0xff, 0x30, 0x0,
    0x0, 0x0, 0xef, 0xff, 0x30, 0x0, 0x0, 0x0,
    0xef, 0xff, 0x30, 0x0, 0x0, 0x0, 0xef, 0xff,
    0x30, 0x0, 0x0, 0x0, 0xef, 0xff, 0x30, 0x0,
    0x0, 0x0, 0xef, 0xff, 0x30, 0x0, 0x0, 0x0,
    0xef, 0xff, 0x30, 0x0,

    /* U+00EF "ï" */
    0x9f, 0xf8, 0x0, 0x3f, 0xff, 0x9f, 0xf8, 0x0,
    0x3f, 0xff, 0x9f, 0xf8, 0x0, 0x3f, 0xff, 0x13,
    0x31, 0x0, 0x3, 0x32, 0x0, 0xe, 0xff, 0xf3,
    0x0, 0x0, 0xe, 0xff, 0xf3, 0x0, 0x0, 0xe,
    0xff, 0xf3, 0x0, 0x0, 0xe, 0xff, 0xf3, 0x0,
    0x0, 0xe, 0xff, 0xf3, 0x0, 0x0, 0xe, 0xff,
    0xf3, 0x0, 0x0, 0xe, 0xff, 0xf3, 0x0, 0x0,
    0xe, 0xff, 0xf3, 0x0, 0x0, 0xe, 0xff, 0xf3,
    0x0, 0x0, 0xe, 0xff, 0xf3, 0x0, 0x0, 0xe,
    0xff, 0xf3, 0x0, 0x0, 0xe, 0xff, 0xf3, 0x0,
    0x0, 0xe, 0xff, 0xf3, 0x0, 0x0, 0xe, 0xff,
    0xf3, 0x0, 0x0, 0xe, 0xff, 0xf3, 0x0, 0x0,
    0xe, 0xff, 0xf3, 0x0,

    /* U+00F0 "ð" */
    0x0, 0x0, 0x0, 0x0, 0x0, 0x0, 0x1, 0x0,
    0x0, 0x0, 0x8f, 0xff, 0xb2, 0x1, 0x7e, 0x50,
    0x0, 0x0, 0x0, 0x3d, 0xff, 0xfa, 0xff, 0xf5,
    0x0, 0x0, 0x0, 0x0, 0x1d, 0xff, 0xff, 0xfe,
    0x30, 0x0, 0x0, 0x0, 0x5c, 0xff, 0xff, 0xfd,
    0x0, 0x0, 0x0, 0x0, 0xe, 0xff, 0xff, 0xff,
    0xf9, 0x0, 0x0, 0x0, 0x0, 0xef, 0xa3, 0x2f,
    0xff, 0xf5, 0x0, 0x0, 0x0, 0x7, 0x10, 0x0,
    0x7f, 0xff, 0xe1, 0x0, 0x0, 0x0, 0x0, 0x0,
    0x0, 0xef, 0xff, 0x90, 0x0, 0x0, 0x6, 0xae,
    0xff, 0xdd, 0xff, 0xff, 0x10, 0x0, 0x4e, 0xff,
    0xff, 0xff, 0xff, 0xff, 0xf7, 0x0, 0x5f, 0xff,
    0xff, 0xdd, 0xff, 0xff, 0xff, 0xb0, 0x1e, 0xff,
    0xfc, 0x20, 0x0, 0x8f, 0xff, 0xff, 0x6, 0xff,
    0xff, 0x10, 0x0, 0x0, 0xaf, 0xff, 0xf1, 0xbf,
    0xff, 0xa0, 0x0, 0x0, 0x4, 0xff, 0xff, 0x2c,
    0xff, 0xf8, 0x0, 0x0, 0x0, 0x3f, 0xff, 0xf1,
    0xcf, 0xff, 0x80, 0x0, 0x0, 0x2, 0xff, 0xff,
    0xa, 0xff, 0xfb, 0x0, 0x0, 0x0, 0x5f, 0xff,
    0xd0, 0x6f, 0xff, 0xf1, 0x0, 0x0, 0xa, 0xff,
    0xf8, 0x0, 0xef, 0xff, 0xb1, 0x0, 0x8, 0xff,
    0xff, 0x10, 0x4, 0xff, 0xff, 0xfd, 0xdf, 0xff,
    0xff, 0x50, 0x0, 0x4, 0xef, 0xff, 0xff, 0xff,
    0xfe, 0x40, 0x0, 0x0, 0x0, 0x6a, 0xef, 0xfe,
    0xb7, 0x0, 0x0, 0x0,

    /* U+00F1 "ñ" */
    0x0, 0x0, 0x9e, 0xe7, 0x0, 0x0, 0xff, 0x10,
    0x0, 0x8, 0xff, 0xff, 0xc1, 0x3, 0xff, 0x0,
    0x0, 0xe, 0xfb, 0x9f, 0xfe, 0x8d, 0xfc, 0x0,
    0x0, 0x2f, 0xf0, 0x2, 0xdf, 0xff, 0xf5, 0x0,
    0x0, 0x4f, 0xc0, 0x0, 0x8, 0xfe, 0x70, 0x0,
    0x0, 0x0, 0x0, 0x0, 0x0, 0x0, 0x0, 0x0,
    0xf, 0xff, 0xf0, 0x4, 0xbe, 0xfd, 0x91, 0x0,
    0xf, 0xff, 0xf0, 0x8f, 0xff, 0xff, 0xfe, 0x20,
    0xe, 0xff, 0xf5, 0xff, 0xff, 0xff, 0xff, 0xb0,
    0xe, 0xff, 0xfe, 0xd4, 0x13, 0xdf, 0xff, 0xf2,
    0xe, 0xff, 0xff, 0x10, 0x0, 0x2f, 0xff, 0xf5,
    0xe, 0xff, 0xf9, 0x0, 0x0, 0xd, 0xff, 0xf6,
    0xe, 0xff, 0xf5, 0x0, 0x0, 0xa, 0xff, 0xf7,
    0xe, 0xff, 0xf3, 0x0, 0x0, 0xa, 0xff, 0xf7,
    0xe, 0xff, 0xf3, 0x0, 0x0, 0xa, 0xff, 0xf7,
    0xe, 0xff, 0xf3, 0x0, 0x0, 0xa, 0xff, 0xf7,
    0xe, 0xff, 0xf3, 0x0, 0x0, 0xa, 0xff, 0xf7,
    0xe, 0xff, 0xf3, 0x0, 0x0, 0xa, 0xff, 0xf7,
    0xe, 0xff, 0xf3, 0x0, 0x0, 0xa, 0xff, 0xf7,
    0xe, 0xff, 0xf3, 0x0, 0x0, 0xa, 0xff, 0xf7,
    0xe, 0xff, 0xf3, 0x0, 0x0, 0xa, 0xff, 0xf7,
    0xe, 0xff, 0xf3, 0x0, 0x0, 0xa, 0xff, 0xf7,

    /* U+00F2 "ò" */
    0x0, 0x2, 0xff, 0xfe, 0x10, 0x0, 0x0, 0x0,
    0x0, 0x0, 0x3, 0xef, 0xfc, 0x0, 0x0, 0x0,
    0x0, 0x0, 0x0, 0x2, 0xdf, 0xfb, 0x0, 0x0,
    0x0, 0x0, 0x0, 0x0, 0x0, 0xbf, 0xf8, 0x0,
    0x0, 0x0, 0x0, 0x0, 0x0, 0x0, 0x8c, 0xc2,
    0x0, 0x0, 0x0, 0x0, 0x0, 0x0, 0x0, 0x0,
    0x0, 0x0, 0x0, 0x0, 0x0, 0x4a, 0xdf, 0xfe,
    0xc7, 0x10, 0x0, 0x0, 0x1, 0xcf, 0xff, 0xff,
    0xff, 0xff, 0x60, 0x0, 0x1, 0xef, 0xff, 0xfe,
    0xdf, 0xff, 0xff, 0x70, 0x0, 0xbf, 0xff, 0xe3,
    0x0, 0x9, 0xff, 0xff, 0x20, 0x3f, 0xff, 0xf3,
    0x0, 0x0, 0xd, 0xff, 0xf9, 0x8, 0xff, 0xfc,
    0x0, 0x0, 0x0, 0x7f, 0xff, 0xd0, 0xbf, 0xff,
    0x90, 0x0, 0x0, 0x4, 0xff, 0xff, 0xc, 0xff,
    0xf8, 0x0, 0x0, 0x0, 0x2f, 0xff, 0xf1, 0xcf,
    0xff, 0x80, 0x0, 0x0, 0x2, 0xff, 0xff, 0x1b,
    0xff, 0xf9, 0x0, 0x0, 0x0, 0x4f, 0xff, 0xf0,
    0x8f, 0xff, 0xc0, 0x0, 0x0, 0x7, 0xff, 0xfd,
    0x3, 0xff, 0xff, 0x30, 0x0, 0x0, 0xdf, 0xff,
    0x80, 0xb, 0xff, 0xfd, 0x20, 0x1, 0xaf, 0xff,
    0xf1, 0x0, 0x1e, 0xff, 0xff, 0xdd, 0xff, 0xff,
    0xf5, 0x0, 0x0, 0x1c, 0xff, 0xff, 0xff, 0xff,
    0xe4, 0x0, 0x0, 0x0, 0x5, 0xad, 0xff, 0xeb,
    0x60, 0x0, 0x0,

    /* U+00F3 "ó" */
    0x0, 0x0, 0x0, 0x0, 0x1d, 0xff, 0xf3, 0x0,
    0x0, 0x0, 0x0, 0x0, 0xc, 0xff, 0xf4, 0x0,
    0x0, 0x0, 0x0, 0x0, 0xa, 0xff, 0xd2, 0x0,
    0x0, 0x0, 0x0, 0x0, 0x7, 0xff, 0xc1, 0x0,
    0x0, 0x0, 0x0, 0x0, 0x1, 0xcc, 0x90, 0x0,
    0x0, 0x0, 0x0, 0x0, 0x0, 0x0, 0x0, 0x0,
    0x0, 0x0, 0x0, 0x0, 0x0, 0x4a, 0xdf, 0xfe,
    0xc7, 0x10, 0x0, 0x0, 0x1, 0xcf, 0xff, 0xff,
    0xff, 0xff, 0x60, 0x0, 0x1, 0xef, 0xff, 0xfe,
    0xdf, 0xff, 0xff, 0x70, 0x0, 0xbf, 0xff, 0xe3,
    0x0, 0x9, 0xff, 0xff, 0x20, 0x3f, 0xff, 0xf3,
    0x0, 0x0, 0xd, 0xff, 0xf9, 0x8, 0xff, 0xfc,
    0x0, 0x0, 0x0, 0x7f, 0xff, 0xd0, 0xbf, 0xff,
    0x90, 0x0, 0x0, 0x4, 0xff, 0xff, 0xc, 0xff,
    0xf8, 0x0, 0x0, 0x0, 0x2f, 0xff, 0xf1, 0xcf,
    0xff, 0x80, 0x0, 0x0, 0x2, 0xff, 0xff, 0x1b,
    0xff, 0xf9, 0x0, 0x0, 0x0, 0x4f, 0xff, 0xf0,
    0x8f, 0xff, 0xc0, 0x0, 0x0, 0x7, 0xff, 0xfd,
    0x3, 0xff, 0xff, 0x30, 0x0, 0x0, 0xdf, 0xff,
    0x80, 0xb, 0xff, 0xfd, 0x20, 0x1, 0xaf, 0xff,
    0xf1, 0x0, 0x1e, 0xff, 0xff, 0xdd, 0xff, 0xff,
    0xf5, 0x0, 0x0, 0x1c, 0xff, 0xff, 0xff, 0xff,
    0xe4, 0x0, 0x0, 0x0, 0x5, 0xad, 0xff, 0xeb,
    0x60, 0x0, 0x0,

    /* U+00F4 "ô" */
    0x0, 0x0, 0x0, 0x58, 0x87, 0x0, 0x0, 0x0,
    0x0, 0x0, 0x0, 0x4f, 0xff, 0xfa, 0x0, 0x0,
    0x0, 0x0, 0x0, 0x2f, 0xff, 0xef, 0xf7, 0x0,
    0x0, 0x0, 0x0, 0x1d, 0xff, 0x51, 0xdf, 0xf4,
    0x0, 0x0, 0x0, 0xb, 0xff, 0x40, 0x1, 0xcf,
    0xe2, 0x0, 0x0, 0x1, 0x88, 0x20, 0x0, 0x0,
    0x78, 0x40, 0x0, 0x0, 0x0, 0x0, 0x0, 0x0,
    0x0, 0x0, 0x0, 0x0, 0x0, 0x4, 0xad, 0xff,
    0xec, 0x71, 0x0, 0x0, 0x0, 0x1c, 0xff, 0xff,
    0xff, 0xff, 0xf6, 0x0, 0x0, 0x1e, 0xff, 0xff,
    0xed, 0xff, 0xff, 0xf7, 0x0, 0xb, 0xff, 0xfe,
    0x30, 0x0, 0x9f, 0xff, 0xf2, 0x3, 0xff, 0xff,
    0x30, 0x0, 0x0, 0xdf, 0xff, 0x90, 0x8f, 0xff,
    0xc0, 0x0, 0x0, 0x7, 0xff, 0xfd, 0xb, 0xff,
    0xf9, 0x0, 0x0, 0x0, 0x4f, 0xff, 0xf0, 0xcf,
    0xff, 0x80, 0x0, 0x0, 0x2, 0xff, 0xff, 0x1c,
    0xff, 0xf8, 0x0, 0x0, 0x0, 0x2f, 0xff, 0xf1,
    0xbf, 0xff, 0x90, 0x0, 0x0, 0x4, 0xff, 0xff,
    0x8, 0xff, 0xfc, 0x0, 0x0, 0x0, 0x7f, 0xff,
    0xd0, 0x3f, 0xff, 0xf3, 0x0, 0x0, 0xd, 0xff,
    0xf8, 0x0, 0xbf, 0xff, 0xd2, 0x0, 0x1a, 0xff,
    0xff, 0x10, 0x1, 0xef, 0xff, 0xfd, 0xdf, 0xff,
    0xff, 0x50, 0x0, 0x1, 0xcf, 0xff, 0xff, 0xff,
    0xfe, 0x40, 0x0, 0x0, 0x0, 0x5a, 0xdf, 0xfe,
    0xb6, 0x0, 0x0, 0x0,

    /* U+00F5 "õ" */
    0x0, 0x2, 0xbf, 0xd7, 0x0, 0x3, 0xfc, 0x0,
    0x0, 0x0, 0xdf, 0xff, 0xfd, 0x40, 0xaf, 0xa0,
    0x0, 0x0, 0x4f, 0xf9, 0xaf, 0xff, 0xff, 0xf6,
    0x0, 0x0, 0x7, 0xfa, 0x0, 0x2b, 0xff, 0xfc,
    0x0, 0x0, 0x0, 0x47, 0x30, 0x0, 0x3, 0x75,
    0x0, 0x0, 0x0, 0x0, 0x0, 0x0, 0x0, 0x0,
    0x0, 0x0, 0x0, 0x0, 0x0, 0x4a, 0xdf, 0xfe,
    0xc7, 0x10, 0x0, 0x0, 0x1, 0xcf, 0xff, 0xff,
    0xff, 0xff, 0x60, 0x0, 0x1, 0xef, 0xff, 0xfe,
    0xdf, 0xff, 0xff, 0x70, 0x0, 0xbf, 0xff, 0xe3,
    0x0, 0x9, 0xff, 0xff, 0x20, 0x3f, 0xff, 0xf3,
    0x0, 0x0, 0xd, 0xff, 0xf9, 0x8, 0xff, 0xfc,
    0x0, 0x0, 0x0, 0x7f, 0xff, 0xd0, 0xbf, 0xff,
    0x90, 0x0, 0x0, 0x4, 0xff, 0xff, 0xc, 0xff,
    0xf8, 0x0, 0x0, 0x0, 0x2f, 0xff, 0xf1, 0xcf,
    0xff, 0x80, 0x0, 0x0, 0x2, 0xff, 0xff, 0x1b,
    0xff, 0xf9, 0x0, 0x0, 0x0, 0x4f, 0xff, 0xf0,
    0x8f, 0xff, 0xc0, 0x0, 0x0, 0x7, 0xff, 0xfd,
    0x3, 0xff, 0xff, 0x30, 0x0, 0x0, 0xdf, 0xff,
    0x80, 0xb, 0xff, 0xfd, 0x20, 0x1, 0xaf, 0xff,
    0xf1, 0x0, 0x1e, 0xff, 0xff, 0xdd, 0xff, 0xff,
    0xf5, 0x0, 0x0, 0x1c, 0xff, 0xff, 0xff, 0xff,
    0xe4, 0x0, 0x0, 0x0, 0x5, 0xad, 0xff, 0xeb,
    0x60, 0x0, 0x0,

    /* U+00F6 "ö" */
    0x0, 0x9, 0xff, 0x80, 0x4, 0xff, 0xf0, 0x0,
    0x0, 0x0, 0x9f, 0xf8, 0x0, 0x4f, 0xff, 0x0,
    0x0, 0x0, 0x9, 0xff, 0x80, 0x4, 0xff, 0xf0,
    0x0, 0x0, 0x0, 0x13, 0x31, 0x0, 0x3, 0x32,
    0x0, 0x0, 0x0, 0x0, 0x4a, 0xdf, 0xfe, 0xc7,
    0x10, 0x0, 0x0, 0x1, 0xcf, 0xff, 0xff, 0xff,
    0xff, 0x60, 0x0, 0x1, 0xef, 0xff, 0xfe, 0xdf,
    0xff, 0xff, 0x70, 0x0, 0xbf, 0xff, 0xe3, 0x0,
    0x9, 0xff, 0xff, 0x20, 0x3f, 0xff, 0xf3, 0x0,
    0x0, 0xd, 0xff, 0xf9, 0x8, 0xff, 0xfc, 0x0,
    0x0, 0x0, 0x7f, 0xff, 0xd0, 0xbf, 0xff, 0x90,
    0x0, 0x0, 0x4, 0xff, 0xff, 0xc, 0xff, 0xf8,
    0x0, 0x0, 0x0, 0x2f, 0xff, 0xf1, 0xcf, 0xff,
    0x80, 0x0, 0x0, 0x2, 0xff, 0xff, 0x1b, 0xff,
    0xf9, 0x0, 0x0, 0x0, 0x4f, 0xff, 0xf0, 0x8f,
    0xff, 0xc0, 0x0, 0x0, 0x7, 0xff, 0xfd, 0x3,
    0xff, 0xff, 0x30, 0x0, 0x0, 0xdf, 0xff, 0x80,
    0xb, 0xff, 0xfd, 0x20, 0x1, 0xaf, 0xff, 0xf1,
    0x0, 0x1e, 0xff, 0xff, 0xdd, 0xff, 0xff, 0xf5,
    0x0, 0x0, 0x1c, 0xff, 0xff, 0xff, 0xff, 0xe4,
    0x0, 0x0, 0x0, 0x5, 0xad, 0xff, 0xeb, 0x60,
    0x0, 0x0,

    /* U+00F7 "÷" */
    0x0, 0x0, 0x0, 0x8f, 0xff, 0x0, 0x0, 0x0,
    0x0, 0x0, 0x0, 0x8f, 0xff, 0x0, 0x0, 0x0,
    0x0, 0x0, 0x0, 0x8f, 0xff, 0x0, 0x0, 0x0,
    0x0, 0x0, 0x0, 0x36, 0x66, 0x0, 0x0, 0x0,
    0x0, 0x0, 0x0, 0x0, 0x0, 0x0, 0x0, 0x0,
    0x0, 0x0, 0x0, 0x0, 0x0, 0x0, 0x0, 0x0,
    0x4f, 0xff, 0xff, 0xff, 0xff, 0xff, 0xff, 0xfc,
    0x4f, 0xff, 0xff, 0xff, 0xff, 0xff, 0xff, 0xfc,
    0x4f, 0xff, 0xff, 0xff, 0xff, 0xff, 0xff, 0xfc,
    0x14, 0x44, 0x44, 0x44, 0x44, 0x44, 0x44, 0x43,
    0x0, 0x0, 0x0, 0x0, 0x0, 0x0, 0x0, 0x0,
    0x0, 0x0, 0x0, 0x36, 0x66, 0x0, 0x0, 0x0,
    0x0, 0x0, 0x0, 0x8f, 0xff, 0x0, 0x0, 0x0,
    0x0, 0x0, 0x0, 0x8f, 0xff, 0x0, 0x0, 0x0,
    0x0, 0x0, 0x0, 0x8f, 0xff, 0x0, 0x0, 0x0,

    /* U+00F8 "ø" */
    0x0, 0x0, 0x0, 0x0, 0x0, 0x0, 0x0, 0xd,
    0xfc, 0x0, 0x0, 0x0, 0x5a, 0xdf, 0xfe, 0xc7,
    0x18, 0xfe, 0x10, 0x0, 0x2, 0xcf, 0xff, 0xff,
    0xff, 0xff, 0xff, 0x40, 0x0, 0x1, 0xef, 0xff,
    0xfe, 0xdf, 0xff, 0xff, 0xa0, 0x0, 0x0, 0xbf,
    0xff, 0xe3, 0x0, 0xb, 0xff, 0xff, 0x20, 0x0,
    0x3f, 0xff, 0xf3, 0x0, 0x1, 0xdf, 0xff, 0xf9,
    0x0, 0x8, 0xff, 0xfc, 0x0, 0x0, 0xdf, 0xff,
    0xff, 0xd0, 0x0, 0xbf, 0xff, 0x90, 0x0, 0xcf,
    0xc5, 0xff, 0xff, 0x0, 0xc, 0xff, 0xf8, 0x0,
    0xbf, 0xd1, 0x2f, 0xff, 0xf1, 0x0, 0xcf, 0xff,
    0x80, 0x9f, 0xe2, 0x2, 0xff, 0xff, 0x10, 0xb,
    0xff, 0xf9, 0x8f, 0xe2, 0x0, 0x4f, 0xff, 0xf0,
    0x0, 0x8f, 0xff, 0xff, 0xf3, 0x0, 0x7, 0xff,
    0xfd, 0x0, 0x2, 0xff, 0xff, 0xf4, 0x0, 0x0,
    0xdf, 0xff, 0x80, 0x0, 0xa, 0xff, 0xfe, 0x20,
    0x1, 0xbf, 0xff, 0xf1, 0x0, 0x0, 0x5f, 0xff,
    0xff, 0xdd, 0xff, 0xff, 0xf5, 0x0, 0x0, 0x3f,
    0xfe, 0xff, 0xff, 0xff, 0xff, 0xe4, 0x0, 0x0,
    0x2e, 0xf9, 0x4, 0xad, 0xff, 0xeb, 0x60, 0x0,
    0x0, 0x6, 0x87, 0x0, 0x0, 0x0, 0x0, 0x0,
    0x0, 0x0, 0x0,

    /* U+00F9 "ù" */
    0x0, 0xc, 0xff, 0xf5, 0x0, 0x0, 0x0, 0x0,
    0x0, 0x0, 0xaf, 0xff, 0x40, 0x0, 0x0, 0x0,
    0x0, 0x0, 0x7, 0xff, 0xf3, 0x0, 0x0, 0x0,
    0x0, 0x0, 0x0, 0x4e, 0xfe, 0x20, 0x0, 0x0,
    0x0, 0x0, 0x0, 0x2, 0x89, 0x50, 0x0, 0x0,
    0x0, 0x0, 0x0, 0x0, 0x0, 0x0, 0x0, 0x0,
    0x2f, 0xff, 0xf0, 0x0, 0x0, 0xe, 0xff, 0xf3,
    0x2f, 0xff, 0xf0, 0x0, 0x0, 0xe, 0xff, 0xf3,
    0x2f, 0xff, 0xf0, 0x0, 0x0, 0xe, 0xff, 0xf3,
    0x2f, 0xff, 0xf0, 0x0, 0x0, 0xe, 0xff, 0xf3,
    0x2f, 0xff, 0xf0, 0x0, 0x0, 0xe, 0xff, 0xf3,
    0x2f, 0xff, 0xf0, 0x0, 0x0, 0xe, 0xff, 0xf3,
    0x2f, 0xff, 0xf0, 0x0, 0x0, 0xe, 0xff, 0xf3,
    0x2f, 0xff, 0xf0, 0x0, 0x0, 0xe, 0xff, 0xf3,
    0x2f, 0xff, 0xf0, 0x0, 0x0, 0xe, 0xff, 0xf3,
    0x2f, 0xff, 0xf0, 0x0, 0x0, 0xf, 0xff, 0xf3,
    0x1f, 0xff, 0xf2, 0x0, 0x0, 0x4f, 0xff, 0xf3,
    0xf, 0xff, 0xf7, 0x0, 0x0, 0xbf, 0xff, 0xf3,
    0xc, 0xff, 0xff, 0x61, 0x2a, 0xfe, 0xff, 0xf3,
    0x6, 0xff, 0xff, 0xff, 0xff, 0x9b, 0xff, 0xf3,
    0x0, 0xbf, 0xff, 0xff, 0xfc, 0x1a, 0xff, 0xf4,
    0x0, 0x6, 0xcf, 0xfc, 0x70, 0x9, 0xff, 0xf5,

    /* U+00FA "ú" */
    0x0, 0x0, 0x0, 0x0, 0x1e, 0xff, 0xf2, 0x0,
    0x0, 0x0, 0x0, 0x0, 0xdf, 0xfe, 0x30, 0x0,
    0x0, 0x0, 0x0, 0xb, 0xff, 0xc1, 0x0, 0x0,
    0x0, 0x0, 0x0, 0xaf, 0xf9, 0x0, 0x0, 0x0,
    0x0, 0x0, 0x1, 0x99, 0x50, 0x0, 0x0, 0x0,
    0x0, 0x0, 0x0, 0x0, 0x0, 0x0, 0x0, 0x0,
    0x2f, 0xff, 0xf0, 0x0, 0x0, 0xe, 0xff, 0xf3,
    0x2f, 0xff, 0xf0, 0x0, 0x0, 0xe, 0xff, 0xf3,
    0x2f, 0xff, 0xf0, 0x0, 0x0, 0xe, 0xff, 0xf3,
    0x2f, 0xff, 0xf0, 0x0, 0x0, 0xe, 0xff, 0xf3,
    0x2f, 0xff, 0xf0, 0x0, 0x0, 0xe, 0xff, 0xf3,
    0x2f, 0xff, 0xf0, 0x0, 0x0, 0xe, 0xff, 0xf3,
    0x2f, 0xff, 0xf0, 0x0, 0x0, 0xe, 0xff, 0xf3,
    0x2f, 0xff, 0xf0, 0x0, 0x0, 0xe, 0xff, 0xf3,
    0x2f, 0xff, 0xf0, 0x0, 0x0, 0xe, 0xff, 0xf3,
    0x2f, 0xff, 0xf0, 0x0, 0x0, 0xf, 0xff, 0xf3,
    0x1f, 0xff, 0xf2, 0x0, 0x0, 0x4f, 0xff, 0xf3,
    0xf, 0xff, 0xf7, 0x0, 0x0, 0xbf, 0xff, 0xf3,
    0xc, 0xff, 0xff, 0x61, 0x2a, 0xfe, 0xff, 0xf3,
    0x6, 0xff, 0xff, 0xff, 0xff, 0x9b, 0xff, 0xf3,
    0x0, 0xbf, 0xff, 0xff, 0xfc, 0x1a, 0xff, 0xf4,
    0x0, 0x6, 0xcf, 0xfc, 0x70, 0x9, 0xff, 0xf5,

    /* U+00FB "û" */
    0x0, 0x0, 0x0, 0x58, 0x87, 0x0, 0x0, 0x0,
    0x0, 0x0, 0x5, 0xff, 0xff, 0x90, 0x0, 0x0,
    0x0, 0x0, 0x3f, 0xff, 0xef, 0xf6, 0x0, 0x0,
    0x0, 0x1, 0xef, 0xf4, 0x1d, 0xff, 0x30, 0x0,
    0x0, 0xc, 0xfe, 0x30, 0x1, 0xdf, 0xe1, 0x0,
    0x0, 0x28, 0x82, 0x0, 0x0, 0x17, 0x83, 0x0,
    0x0, 0x0, 0x0, 0x0, 0x0, 0x0, 0x0, 0x0,
    0x2f, 0xff, 0xf0, 0x0, 0x0, 0xe, 0xff, 0xf3,
    0x2f, 0xff, 0xf0, 0x0, 0x0, 0xe, 0xff, 0xf3,
    0x2f, 0xff, 0xf0, 0x0, 0x0, 0xe, 0xff, 0xf3,
    0x2f, 0xff, 0xf0, 0x0, 0x0, 0xe, 0xff, 0xf3,
    0x2f, 0xff, 0xf0, 0x0, 0x0, 0xe, 0xff, 0xf3,
    0x2f, 0xff, 0xf0, 0x0, 0x0, 0xe, 0xff, 0xf3,
    0x2f, 0xff, 0xf0, 0x0, 0x0, 0xe, 0xff, 0xf3,
    0x2f, 0xff, 0xf0, 0x0, 0x0, 0xe, 0xff, 0xf3,
    0x2f, 0xff, 0xf0, 0x0, 0x0, 0xe, 0xff, 0xf3,
    0x2f, 0xff, 0xf0, 0x0, 0x0, 0xf, 0xff, 0xf3,
    0x1f, 0xff, 0xf2, 0x0, 0x0, 0x4f, 0xff, 0xf3,
    0xf, 0xff, 0xf7, 0x0, 0x0, 0xbf, 0xff, 0xf3,
    0xc, 0xff, 0xff, 0x61, 0x2a, 0xfe, 0xff, 0xf3,
    0x6, 0xff, 0xff, 0xff, 0xff, 0x9b, 0xff, 0xf3,
    0x0, 0xbf, 0xff, 0xff, 0xfc, 0x1a, 0xff, 0xf4,
    0x0, 0x6, 0xcf, 0xfc, 0x70, 0x9, 0xff, 0xf5,

    /* U+00FC "ü" */
    0x0, 0xa, 0xff, 0x80, 0x4, 0xff, 0xe0, 0x0,
    0x0, 0xa, 0xff, 0x80, 0x4, 0xff, 0xe0, 0x0,
    0x0, 0xa, 0xff, 0x80, 0x4, 0xff, 0xe0, 0x0,
    0x0, 0x1, 0x33, 0x10, 0x0, 0x33, 0x20, 0x0,
    0x2f, 0xff, 0xf0, 0x0, 0x0, 0xe, 0xff, 0xf3,
    0x2f, 0xff, 0xf0, 0x0, 0x0, 0xe, 0xff, 0xf3,
    0x2f, 0xff, 0xf0, 0x0, 0x0, 0xe, 0xff, 0xf3,
    0x2f, 0xff, 0xf0, 0x0, 0x0, 0xe, 0xff, 0xf3,
    0x2f, 0xff, 0xf0, 0x0, 0x0, 0xe, 0xff, 0xf3,
    0x2f, 0xff, 0xf0, 0x0, 0x0, 0xe, 0xff, 0xf3,
    0x2f, 0xff, 0xf0, 0x0, 0x0, 0xe, 0xff, 0xf3,
    0x2f, 0xff, 0xf0, 0x0, 0x0, 0xe, 0xff, 0xf3,
    0x2f, 0xff, 0xf0, 0x0, 0x0, 0xe, 0xff, 0xf3,
    0x2f, 0xff, 0xf0, 0x0, 0x0, 0xf, 0xff, 0xf3,
    0x1f, 0xff, 0xf2, 0x0, 0x0, 0x4f, 0xff, 0xf3,
    0xf, 0xff, 0xf7, 0x0, 0x0, 0xbf, 0xff, 0xf3,
    0xc, 0xff, 0xff, 0x61, 0x2a, 0xfe, 0xff, 0xf3,
    0x6, 0xff, 0xff, 0xff, 0xff, 0x9b, 0xff, 0xf3,
    0x0, 0xbf, 0xff, 0xff, 0xfc, 0x1a, 0xff, 0xf4,
    0x0, 0x6, 0xcf, 0xfc, 0x70, 0x9, 0xff, 0xf5,

    /* U+00FD "ý" */
    0x0, 0x0, 0x0, 0x0, 0xb, 0xff, 0xf6, 0x0,
    0x0, 0x0, 0x0, 0x0, 0x9, 0xff, 0xf6, 0x0,
    0x0, 0x0, 0x0, 0x0, 0x8, 0xff, 0xe3, 0x0,
    0x0, 0x0, 0x0, 0x0, 0x6, 0xff, 0xc1, 0x0,
    0x0, 0x0, 0x0, 0x0, 0x0, 0x89, 0x70, 0x0,
    0x0, 0x0, 0x0, 0x0, 0x0, 0x0, 0x0, 0x0,
    0x0, 0x0, 0x0, 0x9f, 0xff, 0xb0, 0x0, 0x0,
    0x0, 0xef, 0xff, 0x52, 0xff, 0xff, 0x10, 0x0,
    0x0, 0x4f, 0xff, 0xe0, 0xc, 0xff, 0xf6, 0x0,
    0x0, 0x9, 0xff, 0xf9, 0x0, 0x5f, 0xff, 0xc0,
    0x0, 0x0, 0xef, 0xff, 0x30, 0x0, 0xef, 0xff,
    0x10, 0x0, 0x3f, 0xff, 0xd0, 0x0, 0x9, 0xff,
    0xf6, 0x0, 0x8, 0xff, 0xf7, 0x0, 0x0, 0x2f,
    0xff, 0xc0, 0x0, 0xdf, 0xff, 0x10, 0x0, 0x0,
    0xcf, 0xff, 0x10, 0x2f, 0xff, 0xb0, 0x0, 0x0,
    0x5, 0xff, 0xf7, 0x6, 0xff, 0xf5, 0x0, 0x0,
    0x0, 0xe, 0xff, 0xc0, 0xbf, 0xfe, 0x0, 0x0,
    0x0, 0x0, 0x8f, 0xff, 0x1f, 0xff, 0x90, 0x0,
    0x0, 0x0, 0x2, 0xff, 0xf9, 0xff, 0xf2, 0x0,
    0x0, 0x0, 0x0, 0xc, 0xff, 0xff, 0xfc, 0x0,
    0x0, 0x0, 0x0, 0x0, 0x5f, 0xff, 0xff, 0x60,
    0x0, 0x0, 0x0, 0x0, 0x0, 0xef, 0xff, 0xf1,
    0x0, 0x0, 0x0, 0x0, 0x0, 0x9, 0xff, 0xfa,
    0x0, 0x0, 0x0, 0x0, 0x0, 0x0, 0xdf, 0xff,
    0x40, 0x0, 0x0, 0x0, 0x0, 0x0, 0x5f, 0xff,
    0xd0, 0x0, 0x0, 0x0, 0x0, 0x0, 0x5f, 0xff,
    0xf5, 0x0, 0x0, 0x0, 0x0, 0x7f, 0xff, 0xff,
    0xfb, 0x0, 0x0, 0x0, 0x0, 0x7, 0xff, 0xff,
    0xfd, 0x10, 0x0, 0x0, 0x0, 0x0, 0x6e, 0xff,
    0xd8, 0x0, 0x0, 0x0, 0x0, 0x0,

    /* U+00FE "þ" */
    0xef, 0xff, 0x30, 0x0, 0x0, 0x0, 0x0, 0x0,
    0xef, 0xff, 0x30, 0x0, 0x0, 0x0, 0x0, 0x0,
    0xef, 0xff, 0x30, 0x0, 0x0, 0x0, 0x0, 0x0,
    0xef, 0xff, 0x30, 0x0, 0x0, 0x0, 0x0, 0x0,
    0xef, 0xff, 0x30, 0x0, 0x0, 0x0, 0x0, 0x0,
    0xef, 0xff, 0x30, 0x0, 0x0, 0x0, 0x0, 0x0,
    0xef, 0xff, 0x30, 0x6c, 0xef, 0xd8, 0x10, 0x0,
    0xef, 0xff, 0x3b, 0xff, 0xff, 0xff, 0xe2, 0x0,
    0xef, 0xff, 0xaf, 0xfd, 0xff, 0xff, 0xfc, 0x0,
    0xef, 0xff, 0xfa, 0x10, 0x9, 0xff, 0xff, 0x50,
    0xef, 0xff, 0xd0, 0x0, 0x0, 0xdf, 0xff, 0xa0,
    0xef, 0xff, 0x70, 0x0, 0x0, 0x7f, 0xff, 0xd0,
    0xef, 0xff, 0x40, 0x0, 0x0, 0x4f, 0xff, 0xf0,
    0xef, 0xff, 0x20, 0x0, 0x0, 0x3f, 0xff, 0xf1,
    0xef, 0xff, 0x20, 0x0, 0x0, 0x3f, 0xff, 0xf0,
    0xef, 0xff, 0x40, 0x0, 0x0, 0x4f, 0xff, 0xf0,
    0xef, 0xff, 0x70, 0x0, 0x0, 0x7f, 0xff, 0xd0,
    0xef, 0xff, 0xd0, 0x0, 0x0, 0xdf, 0xff, 0xa0,
    0xef, 0xff, 0xf9, 0x0, 0x9, 0xff, 0xff, 0x40,
    0xef, 0xff, 0xbf, 0xfd, 0xff, 0xff, 0xfb, 0x0,
    0xef, 0xff, 0x3c, 0xff, 0xff, 0xff, 0xd1, 0x0,
    0xef, 0xff, 0x30, 0x6c, 0xff, 0xd7, 0x0, 0x0,
    0xef, 0xff, 0x30, 0x0, 0x0, 0x0, 0x0, 0x0,
    0xef, 0xff, 0x30, 0x0, 0x0, 0x0, 0x0, 0x0,
    0xef, 0xff, 0x30, 0x0, 0x0, 0x0, 0x0, 0x0,
    0xef, 0xff, 0x30, 0x0, 0x0, 0x0, 0x0, 0x0,
    0xef, 0xff, 0x30, 0x0, 0x0, 0x0, 0x0, 0x0,
    0xef, 0xff, 0x30, 0x0, 0x0, 0x0, 0x0, 0x0,

    /* U+00FF "ÿ" */
    0x0, 0x3, 0xff, 0xe0, 0x0, 0xef, 0xf4, 0x0,
    0x0, 0x0, 0x3f, 0xfe, 0x0, 0xe, 0xff, 0x40,
    0x0, 0x0, 0x3, 0xff, 0xe0, 0x0, 0xef, 0xf4,
    0x0, 0x0, 0x0, 0x3, 0x32, 0x0, 0x2, 0x33,
    0x0, 0x0, 0x9f, 0xff, 0xb0, 0x0, 0x0, 0x0,
    0xef, 0xff, 0x52, 0xff, 0xff, 0x10, 0x0, 0x0,
    0x4f, 0xff, 0xe0, 0xc, 0xff, 0xf6, 0x0, 0x0,
    0x9, 0xff, 0xf9, 0x0, 0x5f, 0xff, 0xc0, 0x0,
    0x0, 0xef, 0xff, 0x30, 0x0, 0xef, 0xff, 0x10,
    0x0, 0x3f, 0xff, 0xd0, 0x0, 0x9, 0xff, 0xf6,
    0x0, 0x8, 0xff, 0xf7, 0x0, 0x0, 0x2f, 0xff,
    0xc0, 0x0, 0xdf, 0xff, 0x10, 0x0, 0x0, 0xcf,
    0xff, 0x10, 0x2f, 0xff, 0xb0, 0x0, 0x0, 0x5,
    0xff, 0xf7, 0x6, 0xff, 0xf5, 0x0, 0x0, 0x0,
    0xe, 0xff, 0xc0, 0xbf, 0xfe, 0x0, 0x0, 0x0,
    0x0, 0x8f, 0xff, 0x1f, 0xff, 0x90, 0x0, 0x0,
    0x0, 0x2, 0xff, 0xf9, 0xff, 0xf2, 0x0, 0x0,
    0x0, 0x0, 0xc, 0xff, 0xff, 0xfc, 0x0, 0x0,
    0x0, 0x0, 0x0, 0x5f, 0xff, 0xff, 0x60, 0x0,
    0x0, 0x0, 0x0, 0x0, 0xef, 0xff, 0xf1, 0x0,
    0x0, 0x0, 0x0, 0x0, 0x9, 0xff, 0xfa, 0x0,
    0x0, 0x0, 0x0, 0x0, 0x0, 0xdf, 0xff, 0x40,
    0x0, 0x0, 0x0, 0x0, 0x0, 0x5f, 0xff, 0xd0,
    0x0, 0x0, 0x0, 0x0, 0x0, 0x5f, 0xff, 0xf5,
    0x0, 0x0, 0x0, 0x0, 0x7f, 0xff, 0xff, 0xfb,
    0x0, 0x0, 0x0, 0x0, 0x7, 0xff, 0xff, 0xfd,
    0x10, 0x0, 0x0, 0x0, 0x0, 0x6e, 0xff, 0xd8,
    0x0, 0x0, 0x0, 0x0, 0x0,

    /* U+0100 "Ā" */
    0x0, 0x0, 0x0, 0xaf, 0xff, 0xff, 0xff, 0xf4,
    0x0, 0x0, 0x0, 0x0, 0x0, 0xa, 0xff, 0xff,
    0xff, 0xff, 0x40, 0x0, 0x0, 0x0, 0x0, 0x0,
    0x47, 0x77, 0x77, 0x77, 0x72, 0x0, 0x0, 0x0,
    0x0, 0x0, 0x0, 0x0, 0x0, 0x0, 0x0, 0x0,
    0x0, 0x0, 0x0, 0x0, 0x0, 0x0, 0x0, 0x0,
    0x0, 0x0, 0x0, 0x0, 0x0, 0x0, 0x0, 0x0,
    0xe, 0xff, 0xff, 0x80, 0x0, 0x0, 0x0, 0x0,
    0x0, 0x0, 0x4, 0xff, 0xff, 0xfe, 0x0, 0x0,
    0x0, 0x0, 0x0, 0x0, 0x0, 0xaf, 0xff, 0xff,
    0xf4, 0x0, 0x0, 0x0, 0x0, 0x0, 0x0, 0x1f,
    0xff, 0xbf, 0xff, 0xa0, 0x0, 0x0, 0x0, 0x0,
    0x0, 0x6, 0xff, 0xf5, 0xaf, 0xff, 0x10, 0x0,
    0x0, 0x0, 0x0, 0x0, 0xcf, 0xff, 0x5, 0xff,
    0xf6, 0x0, 0x0, 0x0, 0x0, 0x0, 0x2f, 0xff,
    0xb0, 0xf, 0xff, 0xc0, 0x0, 0x0, 0x0, 0x0,
    0x8, 0xff, 0xf5, 0x0, 0xaf, 0xff, 0x20, 0x0,
    0x0, 0x0, 0x0, 0xef, 0xff, 0x0, 0x5, 0xff,
    0xf8, 0x0, 0x0, 0x0, 0x0, 0x4f, 0xff, 0xa0,
    0x0, 0xf, 0xff, 0xe0, 0x0, 0x0, 0x0, 0xa,
    0xff, 0xf4, 0x0, 0x0, 0xaf, 0xff, 0x40, 0x0,
    0x0, 0x1, 0xff, 0xff, 0x33, 0x33, 0x37, 0xff,
    0xfa, 0x0, 0x0, 0x0, 0x6f, 0xff, 0xff, 0xff,
    0xff, 0xff, 0xff, 0xf1, 0x0, 0x0, 0xc, 0xff,
    0xff, 0xff, 0xff, 0xff, 0xff, 0xff, 0x60, 0x0,
    0x2, 0xff, 0xff, 0xff, 0xff, 0xff, 0xff, 0xff,
    0xfc, 0x0, 0x0, 0x8f, 0xff, 0xb0, 0x0, 0x0,
    0x0, 0x1f, 0xff, 0xf2, 0x0, 0xe, 0xff, 0xf5,
    0x0, 0x0, 0x0, 0x0, 0xbf, 0xff, 0x80, 0x4,
    0xff, 0xff, 0x0, 0x0, 0x0, 0x0, 0x5, 0xff,
    0xfe, 0x0, 0xbf, 0xff, 0x90, 0x0, 0x0, 0x0,
    0x0, 0xe, 0xff, 0xf4, 0x1f, 0xff, 0xf3, 0x0,
    0x0, 0x0, 0x0, 0x0, 0x9f, 0xff, 0xa0,

    /* U+0101 "ā" */
    0x0, 0x0, 0xef, 0xff, 0xff, 0xff, 0xf0, 0x0,
    0x0, 0x0, 0xe, 0xff, 0xff, 0xff, 0xff, 0x0,
    0x0, 0x0, 0x0, 0x67, 0x77, 0x77, 0x77, 0x70,
    0x0, 0x0, 0x0, 0x0, 0x0, 0x0, 0x0, 0x0,
    0x0, 0x0, 0x0, 0x0, 0x4a, 0xdf, 0xfe, 0xc7,
    0x0, 0x0, 0x0, 0x0, 0xaf, 0xff, 0xff, 0xff,
    0xfe, 0x20, 0x0, 0x0, 0x9f, 0xff, 0xfb, 0xbe,
    0xff, 0xfd, 0x0, 0x0, 0x1f, 0xff, 0xf4, 0x0,
    0x1e, 0xff, 0xf5, 0x0, 0x2, 0x77, 0x77, 0x0,
    0x0, 0x8f, 0xff, 0x90, 0x0, 0x0, 0x0, 0x0,
    0x0, 0x7, 0xff, 0xfa, 0x0, 0x0, 0x4, 0xad,
    0xff, 0xff, 0xff, 0xff, 0xa0, 0x0, 0xa, 0xff,
    0xff, 0xff, 0xff, 0xff, 0xfa, 0x0, 0x7, 0xff,
    0xff, 0x84, 0x44, 0x9f, 0xff, 0xa0, 0x0, 0xef,
    0xff, 0x70, 0x0, 0x7, 0xff, 0xfa, 0x0, 0x1f,
    0xff, 0xf3, 0x0, 0x0, 0xaf, 0xff, 0xa0, 0x1,
    0xff, 0xff, 0x30, 0x0, 0x1f, 0xff, 0xfa, 0x0,
    0xf, 0xff, 0xf9, 0x0, 0x1c, 0xff, 0xff, 0xd0,
    0x0, 0xaf, 0xff, 0xfc, 0xbf, 0xf8, 0xcf, 0xff,
    0xc9, 0x1, 0xef, 0xff, 0xff, 0xfa, 0x7, 0xff,
    0xff, 0xe0, 0x1, 0x9d, 0xfe, 0xb5, 0x0, 0x9,
    0xef, 0xe9,

    /* U+0102 "Ă" */
    0x0, 0x0, 0x2, 0x88, 0x10, 0x0, 0x3, 0x87,
    0x0, 0x0, 0x0, 0x0, 0x0, 0x2f, 0xf7, 0x0,
    0x0, 0xcf, 0xc0, 0x0, 0x0, 0x0, 0x0, 0x0,
    0xbf, 0xf9, 0x45, 0xcf, 0xf5, 0x0, 0x0, 0x0,
    0x0, 0x0, 0x1, 0xdf, 0xff, 0xff, 0xf9, 0x0,
    0x0, 0x0, 0x0, 0x0, 0x0, 0x0, 0x8d, 0xff,
    0xc5, 0x0, 0x0, 0x0, 0x0, 0x0, 0x0, 0x0,
    0x0, 0x0, 0x0, 0x0, 0x0, 0x0, 0x0, 0x0,
    0x0, 0x0, 0x0, 0x0, 0x0, 0x0, 0x0, 0x0,
    0x0, 0x0, 0x0, 0x0, 0x0, 0xe, 0xff, 0xff,
    0x80, 0x0, 0x0, 0x0, 0x0, 0x0, 0x0, 0x4,
    0xff, 0xff, 0xfe, 0x0, 0x0, 0x0, 0x0, 0x0,
    0x0, 0x0, 0xaf, 0xff, 0xff, 0xf4, 0x0, 0x0,
    0x0, 0x0, 0x0, 0x0, 0x1f, 0xff, 0xbf, 0xff,
    0xa0, 0x0, 0x0, 0x0, 0x0, 0x0, 0x6, 0xff,
    0xf5, 0xaf, 0xff, 0x10, 0x0, 0x0, 0x0, 0x0,
    0x0, 0xcf, 0xff, 0x5, 0xff, 0xf6, 0x0, 0x0,
    0x0, 0x0, 0x0, 0x2f, 0xff, 0xb0, 0xf, 0xff,
    0xc0, 0x0, 0x0, 0x0, 0x0, 0x8, 0xff, 0xf5,
    0x0, 0xaf, 0xff, 0x20, 0x0, 0x0, 0x0, 0x0,
    0xef, 0xff, 0x0, 0x5, 0xff, 0xf8, 0x0, 0x0,
    0x0, 0x0, 0x4f, 0xff, 0xa0, 0x0, 0xf, 0xff,
    0xe0, 0x0, 0x0, 0x0, 0xa, 0xff, 0xf4, 0x0,
    0x0, 0xaf, 0xff, 0x40, 0x0, 0x0, 0x1, 0xff,
    0xff, 0x33, 0x33, 0x37, 0xff, 0xfa, 0x0, 0x0,
    0x0, 0x6f, 0xff, 0xff, 0xff, 0xff, 0xff, 0xff,
    0xf1, 0x0, 0x0, 0xc, 0xff, 0xff, 0xff, 0xff,
    0xff, 0xff, 0xff, 0x60, 0x0, 0x2, 0xff, 0xff,
    0xff, 0xff, 0xff, 0xff, 0xff, 0xfc, 0x0, 0x0,
    0x8f, 0xff, 0xb0, 0x0, 0x0, 0x0, 0x1f, 0xff,
    0xf2, 0x0, 0xe, 0xff, 0xf5, 0x0, 0x0, 0x0,
    0x0, 0xbf, 0xff, 0x80, 0x4, 0xff, 0xff, 0x0,
    0x0, 0x0, 0x0, 0x5, 0xff, 0xfe, 0x0, 0xbf,
    0xff, 0x90, 0x0, 0x0, 0x0, 0x0, 0xe, 0xff,
    0xf4, 0x1f, 0xff, 0xf3, 0x0, 0x0, 0x0, 0x0,
    0x0, 0x9f, 0xff, 0xa0,

    /* U+0103 "ă" */
    0x0, 0x9, 0xfe, 0x0, 0x0, 0xe, 0xf9, 0x0,
    0x0, 0x0, 0x4f, 0xfb, 0x20, 0x2b, 0xff, 0x30,
    0x0, 0x0, 0x0, 0xaf, 0xff, 0xff, 0xff, 0xa0,
    0x0, 0x0, 0x0, 0x0, 0x8f, 0xff, 0xff, 0x80,
    0x0, 0x0, 0x0, 0x0, 0x0, 0x3, 0x43, 0x0,
    0x0, 0x0, 0x0, 0x0, 0x0, 0x0, 0x0, 0x0,
    0x0, 0x0, 0x0, 0x0, 0x0, 0x4a, 0xdf, 0xfe,
    0xc7, 0x0, 0x0, 0x0, 0x0, 0xaf, 0xff, 0xff,
    0xff, 0xfe, 0x20, 0x0, 0x0, 0x9f, 0xff, 0xfb,
    0xbe, 0xff, 0xfd, 0x0, 0x0, 0x1f, 0xff, 0xf4,
    0x0, 0x1e, 0xff, 0xf5, 0x0, 0x2, 0x77, 0x77,
    0x0, 0x0, 0x8f, 0xff, 0x90, 0x0, 0x0, 0x0,
    0x0, 0x0, 0x7, 0xff, 0xfa, 0x0, 0x0, 0x4,
    0xad, 0xff, 0xff, 0xff, 0xff, 0xa0, 0x0, 0xa,
    0xff, 0xff, 0xff, 0xff, 0xff, 0xfa, 0x0, 0x7,
    0xff, 0xff, 0x84, 0x44, 0x9f, 0xff, 0xa0, 0x0,
    0xef, 0xff, 0x70, 0x0, 0x7, 0xff, 0xfa, 0x0,
    0x1f, 0xff, 0xf3, 0x0, 0x0, 0xaf, 0xff, 0xa0,
    0x1, 0xff, 0xff, 0x30, 0x0, 0x1f, 0xff, 0xfa,
    0x0, 0xf, 0xff, 0xf9, 0x0, 0x1c, 0xff, 0xff,
    0xd0, 0x0, 0xaf, 0xff, 0xfc, 0xbf, 0xf8, 0xcf,
    0xff, 0xc9, 0x1, 0xef, 0xff, 0xff, 0xfa, 0x7,
    0xff, 0xff, 0xe0, 0x1, 0x9d, 0xfe, 0xb5, 0x0,
    0x9, 0xef, 0xe9,

    /* U+0104 "Ą" */
    0x0, 0x0, 0x0, 0x0, 0xef, 0xff, 0xf8, 0x0,
    0x0, 0x0, 0x0, 0x0, 0x0, 0x0, 0x4f, 0xff,
    0xff, 0xe0, 0x0, 0x0, 0x0, 0x0, 0x0, 0x0,
    0xa, 0xff, 0xff, 0xff, 0x40, 0x0, 0x0, 0x0,
    0x0, 0x0, 0x1, 0xff, 0xfb, 0xff, 0xfa, 0x0,
    0x0, 0x0, 0x0, 0x0, 0x0, 0x6f, 0xff, 0x5a,
    0xff, 0xf1, 0x0, 0x0, 0x0, 0x0, 0x0, 0xc,
    0xff, 0xf0, 0x5f, 0xff, 0x60, 0x0, 0x0, 0x0,
    0x0, 0x2, 0xff, 0xfb, 0x0, 0xff, 0xfc, 0x0,
    0x0, 0x0, 0x0, 0x0, 0x8f, 0xff, 0x50, 0xa,
    0xff, 0xf2, 0x0, 0x0, 0x0, 0x0, 0xe, 0xff,
    0xf0, 0x0, 0x5f, 0xff, 0x80, 0x0, 0x0, 0x0,
    0x4, 0xff, 0xfa, 0x0, 0x0, 0xff, 0xfe, 0x0,
    0x0, 0x0, 0x0, 0xaf, 0xff, 0x40, 0x0, 0xa,
    0xff, 0xf4, 0x0, 0x0, 0x0, 0x1f, 0xff, 0xf3,
    0x33, 0x33, 0x7f, 0xff, 0xa0, 0x0, 0x0, 0x6,
    0xff, 0xff, 0xff, 0xff, 0xff, 0xff, 0xff, 0x10,
    0x0, 0x0, 0xcf, 0xff, 0xff, 0xff, 0xff, 0xff,
    0xff, 0xf6, 0x0, 0x0, 0x2f, 0xff, 0xff, 0xff,
    0xff, 0xff, 0xff, 0xff, 0xc0, 0x0, 0x8, 0xff,
    0xfb, 0x0, 0x0, 0x0, 0x1, 0xff, 0xff, 0x20,
    0x0, 0xef, 0xff, 0x50, 0x0, 0x0, 0x0, 0xb,
    0xff, 0xf8, 0x0, 0x4f, 0xff, 0xf0, 0x0, 0x0,
    0x0, 0x0, 0x5f, 0xff, 0xe0, 0xb, 0xff, 0xf9,
    0x0, 0x0, 0x0, 0x0, 0x0, 0xef, 0xff, 0x41,
    0xff, 0xff, 0x30, 0x0, 0x0, 0x0, 0x0, 0xa,
    0xff, 0xfa, 0x0, 0x0, 0x0, 0x0, 0x0, 0x0,
    0x0, 0x0, 0xcf, 0x80, 0x0, 0x0, 0x0, 0x0,
    0x0, 0x0, 0x0, 0x0, 0x9f, 0xe0, 0x0, 0x0,
    0x0, 0x0, 0x0, 0x0, 0x0, 0x0, 0xe, 0xfb,
    0x0, 0x0, 0x0, 0x0, 0x0, 0x0, 0x0, 0x0,
    0x0, 0xef, 0xe3, 0x23, 0x0, 0x0, 0x0, 0x0,
    0x0, 0x0, 0x0, 0x9, 0xff, 0xff, 0xb0, 0x0,
    0x0, 0x0, 0x0, 0x0, 0x0, 0x0, 0x8, 0xdf,
    0xe7,

    /* U+0105 "ą" */
    0x0, 0x0, 0x4a, 0xdf, 0xfe, 0xc7, 0x0, 0x0,
    0x0, 0x0, 0xaf, 0xff, 0xff, 0xff, 0xfe, 0x20,
    0x0, 0x0, 0x9f, 0xff, 0xfb, 0xbe, 0xff, 0xfd,
    0x0, 0x0, 0x1f, 0xff, 0xf4, 0x0, 0x1e, 0xff,
    0xf5, 0x0, 0x2, 0x77, 0x77, 0x0, 0x0, 0x8f,
    0xff, 0x90, 0x0, 0x0, 0x0, 0x0, 0x0, 0x7,
    0xff, 0xfa, 0x0, 0x0, 0x4, 0xad, 0xff, 0xff,
    0xff, 0xff, 0xa0, 0x0, 0xa, 0xff, 0xff, 0xff,
    0xff, 0xff, 0xfa, 0x0, 0x7, 0xff, 0xff, 0x84,
    0x44, 0x9f, 0xff, 0xa0, 0x0, 0xef, 0xff, 0x70,
    0x0, 0x7, 0xff, 0xfa, 0x0, 0x1f, 0xff, 0xf3,
    0x0, 0x0, 0xaf, 0xff, 0xa0, 0x1, 0xff, 0xff,
    0x30, 0x0, 0x1f, 0xff, 0xfa, 0x0, 0xf, 0xff,
    0xf9, 0x0, 0x1c, 0xff, 0xff, 0xd0, 0x0, 0xaf,
    0xff, 0xfc, 0xbf, 0xf8, 0xcf, 0xff, 0xc9, 0x1,
    0xef, 0xff, 0xff, 0xfa, 0x7, 0xff, 0xff, 0xe0,
    0x1, 0x9d, 0xfe, 0xb5, 0x0, 0x1f, 0xff, 0xe9,
    0x0, 0x0, 0x0, 0x0, 0x0, 0x1d, 0xf7, 0x0,
    0x0, 0x0, 0x0, 0x0, 0x0, 0x9, 0xfe, 0x0,
    0x0, 0x0, 0x0, 0x0, 0x0, 0x0, 0xef, 0xb0,
    0x0, 0x0, 0x0, 0x0, 0x0, 0x0, 0xe, 0xff,
    0x32, 0x40, 0x0, 0x0, 0x0, 0x0, 0x0, 0x8f,
    0xff, 0xfb, 0x0, 0x0, 0x0, 0x0, 0x0, 0x0,
    0x8d, 0xfe, 0x70,

    /* U+0106 "Ć" */
    0x0, 0x0, 0x0, 0x0, 0x0, 0x0, 0x78, 0x88,
    0x0, 0x0, 0x0, 0x0, 0x0, 0x0, 0x0, 0xb,
    0xff, 0xf7, 0x0, 0x0, 0x0, 0x0, 0x0, 0x0,
    0x0, 0xcf, 0xfc, 0x20, 0x0, 0x0, 0x0, 0x0,
    0x0, 0x0, 0x1c, 0xff, 0x80, 0x0, 0x0, 0x0,
    0x0, 0x0, 0x0, 0x0, 0x38, 0x83, 0x0, 0x0,
    0x0, 0x0, 0x0, 0x0, 0x0, 0x0, 0x0, 0x0,
    0x0, 0x0, 0x0, 0x0, 0x0, 0x0, 0x0, 0x0,
    0x0, 0x0, 0x0, 0x0, 0x0, 0x0, 0x0, 0x0,
    0x1, 0x7b, 0xde, 0xff, 0xda, 0x61, 0x0, 0x0,
    0x0, 0x1, 0x9f, 0xff, 0xff, 0xff, 0xff, 0xff,
    0x70, 0x0, 0x0, 0x2d, 0xff, 0xff, 0xff, 0xff,
    0xff, 0xff, 0xfb, 0x0, 0x0, 0xdf, 0xff, 0xff,
    0xa7, 0x67, 0xaf, 0xff, 0xff, 0x80, 0x8, 0xff,
    0xff, 0xa1, 0x0, 0x0, 0x1, 0xbf, 0xff, 0xf2,
    0xf, 0xff, 0xfc, 0x0, 0x0, 0x0, 0x0, 0xc,
    0xff, 0xc4, 0x5f, 0xff, 0xf3, 0x0, 0x0, 0x0,
    0x0, 0x2, 0x41, 0x0, 0x8f, 0xff, 0xd0, 0x0,
    0x0, 0x0, 0x0, 0x0, 0x0, 0x0, 0xaf, 0xff,
    0xa0, 0x0, 0x0, 0x0, 0x0, 0x0, 0x0, 0x0,
    0xbf, 0xff, 0x90, 0x0, 0x0, 0x0, 0x0, 0x0,
    0x0, 0x0, 0xbf, 0xff, 0x90, 0x0, 0x0, 0x0,
    0x0, 0x0, 0x0, 0x0, 0xaf, 0xff, 0xb0, 0x0,
    0x0, 0x0, 0x0, 0x0, 0x0, 0x0, 0x8f, 0xff,
    0xe0, 0x0, 0x0, 0x0, 0x0, 0x0, 0x0, 0x0,
    0x4f, 0xff, 0xf4, 0x0, 0x0, 0x0, 0x0, 0x3,
    0xd7, 0x20, 0xe, 0xff, 0xfd, 0x0, 0x0, 0x0,
    0x0, 0xc, 0xff, 0xf9, 0x6, 0xff, 0xff, 0xc1,
    0x0, 0x0, 0x1, 0xbf, 0xff, 0xf3, 0x0, 0xbf,
    0xff, 0xff, 0xa7, 0x67, 0xaf, 0xff, 0xff, 0x90,
    0x0, 0x1c, 0xff, 0xff, 0xff, 0xff, 0xff, 0xff,
    0xfa, 0x0, 0x0, 0x0, 0x7f, 0xff, 0xff, 0xff,
    0xff, 0xfe, 0x60, 0x0, 0x0, 0x0, 0x0, 0x6a,
    0xde, 0xff, 0xda, 0x60, 0x0, 0x0,

    /* U+0107 "ć" */
    0x0, 0x0, 0x0, 0x0, 0x3f, 0xff, 0xe0, 0x0,
    0x0, 0x0, 0x0, 0x2e, 0xff, 0xd2, 0x0, 0x0,
    0x0, 0x0, 0x1d, 0xff, 0xb0, 0x0, 0x0, 0x0,
    0x0, 0xb, 0xff, 0x90, 0x0, 0x0, 0x0, 0x0,
    0x5, 0xcc, 0x60, 0x0, 0x0, 0x0, 0x0, 0x0,
    0x0, 0x0, 0x0, 0x0, 0x0, 0x0, 0x0, 0x6b,
    0xef, 0xfd, 0x92, 0x0, 0x0, 0x3, 0xef, 0xff,
    0xff, 0xff, 0xf8, 0x0, 0x2, 0xff, 0xff, 0xfd,
    0xef, 0xff, 0xf8, 0x0, 0xcf, 0xff, 0xc1, 0x0,
    0x6f, 0xff, 0xf2, 0x3f, 0xff, 0xf1, 0x0, 0x0,
    0xaf, 0xff, 0x88, 0xff, 0xfc, 0x0, 0x0, 0x1,
    0x22, 0x21, 0xbf, 0xff, 0x90, 0x0, 0x0, 0x0,
    0x0, 0xc, 0xff, 0xf8, 0x0, 0x0, 0x0, 0x0,
    0x0, 0xcf, 0xff, 0x80, 0x0, 0x0, 0x0, 0x0,
    0xb, 0xff, 0xf9, 0x0, 0x0, 0x0, 0x0, 0x0,
    0x8f, 0xff, 0xc0, 0x0, 0x0, 0x39, 0x99, 0x64,
    0xff, 0xff, 0x20, 0x0, 0xa, 0xff, 0xf8, 0xd,
    0xff, 0xfc, 0x10, 0x6, 0xff, 0xff, 0x20, 0x3f,
    0xff, 0xff, 0xde, 0xff, 0xff, 0x70, 0x0, 0x3e,
    0xff, 0xff, 0xff, 0xff, 0x70, 0x0, 0x0, 0x7,
    0xbe, 0xfe, 0xc8, 0x10, 0x0,

    /* U+0108 "Ĉ" */
    0x0, 0x0, 0x0, 0x0, 0x5f, 0xff, 0xd1, 0x0,
    0x0, 0x0, 0x0, 0x0, 0x0, 0x4, 0xff, 0xff,
    0xfc, 0x0, 0x0, 0x0, 0x0, 0x0, 0x0, 0x3f,
    0xff, 0x7b, 0xff, 0xb0, 0x0, 0x0, 0x0, 0x0,
    0x2, 0xef, 0xd3, 0x0, 0x8f, 0xf9, 0x0, 0x0,
    0x0, 0x0, 0x5, 0x87, 0x0, 0x0, 0x4, 0x88,
    0x10, 0x0, 0x0, 0x0, 0x0, 0x0, 0x0, 0x0,
    0x0, 0x0, 0x0, 0x0, 0x0, 0x0, 0x0, 0x0,
    0x0, 0x0, 0x0, 0x0, 0x0, 0x0, 0x0, 0x0,
    0x1, 0x7b, 0xde, 0xff, 0xda, 0x61, 0x0, 0x0,
    0x0, 0x1, 0x9f, 0xff, 0xff, 0xff, 0xff, 0xff,
    0x70, 0x0, 0x0, 0x2d, 0xff, 0xff, 0xff, 0xff,
    0xff, 0xff, 0xfb, 0x0, 0x0, 0xdf, 0xff, 0xff,
    0xa7, 0x67, 0xaf, 0xff, 0xff, 0x80, 0x8, 0xff,
    0xff, 0xa1, 0x0, 0x0, 0x1, 0xbf, 0xff, 0xf2,
    0xf, 0xff, 0xfc, 0x0, 0x0, 0x0, 0x0, 0xc,
    0xff, 0xc4, 0x5f, 0xff, 0xf3, 0x0, 0x0, 0x0,
    0x0, 0x2, 0x41, 0x0, 0x8f, 0xff, 0xd0, 0x0,
    0x0, 0x0, 0x0, 0x0, 0x0, 0x0, 0xaf, 0xff,
    0xa0, 0x0, 0x0, 0x0, 0x0, 0x0, 0x0, 0x0,
    0xbf, 0xff, 0x90, 0x0, 0x0, 0x0, 0x0, 0x0,
    0x0, 0x0, 0xbf, 0xff, 0x90, 0x0, 0x0, 0x0,
    0x0, 0x0, 0x0, 0x0, 0xaf, 0xff, 0xb0, 0x0,
    0x0, 0x0, 0x0, 0x0, 0x0, 0x0, 0x8f, 0xff,
    0xe0, 0x0, 0x0, 0x0, 0x0, 0x0, 0x0, 0x0,
    0x4f, 0xff, 0xf4, 0x0, 0x0, 0x0, 0x0, 0x3,
    0xd7, 0x20, 0xe, 0xff, 0xfd, 0x0, 0x0, 0x0,
    0x0, 0xc, 0xff, 0xf9, 0x6, 0xff, 0xff, 0xc1,
    0x0, 0x0, 0x1, 0xbf, 0xff, 0xf3, 0x0, 0xbf,
    0xff, 0xff, 0xa7, 0x67, 0xaf, 0xff, 0xff, 0x90,
    0x0, 0x1c, 0xff, 0xff, 0xff, 0xff, 0xff, 0xff,
    0xfa, 0x0, 0x0, 0x0, 0x7f, 0xff, 0xff, 0xff,
    0xff, 0xfe, 0x60, 0x0, 0x0, 0x0, 0x0, 0x6a,
    0xde, 0xff, 0xda, 0x60, 0x0, 0x0,

    /* U+0109 "ĉ" */
    0x0, 0x0, 0x0, 0x78, 0x85, 0x0, 0x0, 0x0,
    0x0, 0x0, 0xaf, 0xff, 0xf4, 0x0, 0x0, 0x0,
    0x0, 0x7f, 0xfe, 0xff, 0xf2, 0x0, 0x0, 0x0,
    0x5f, 0xfd, 0x15, 0xff, 0xd0, 0x0, 0x0, 0x2f,
    0xfc, 0x10, 0x4, 0xff, 0xb0, 0x0, 0x4, 0x87,
    0x0, 0x0, 0x3, 0x88, 0x10, 0x0, 0x0, 0x0,
    0x0, 0x0, 0x0, 0x0, 0x0, 0x0, 0x6, 0xbe,
    0xff, 0xd9, 0x20, 0x0, 0x0, 0x3e, 0xff, 0xff,
    0xff, 0xff, 0x70, 0x0, 0x2f, 0xff, 0xff, 0xde,
    0xff, 0xff, 0x70, 0xc, 0xff, 0xfc, 0x10, 0x6,
    0xff, 0xff, 0x13, 0xff, 0xff, 0x10, 0x0, 0xb,
    0xff, 0xf7, 0x8f, 0xff, 0xc0, 0x0, 0x0, 0x24,
    0x44, 0x2b, 0xff, 0xf9, 0x0, 0x0, 0x0, 0x0,
    0x0, 0xcf, 0xff, 0x80, 0x0, 0x0, 0x0, 0x0,
    0xc, 0xff, 0xf8, 0x0, 0x0, 0x0, 0x0, 0x0,
    0xbf, 0xff, 0x90, 0x0, 0x0, 0x0, 0x0, 0x8,
    0xff, 0xfc, 0x0, 0x0, 0x3, 0x88, 0x86, 0x4f,
    0xff, 0xf2, 0x0, 0x0, 0xaf, 0xff, 0x80, 0xdf,
    0xff, 0xc1, 0x0, 0x6f, 0xff, 0xf2, 0x3, 0xff,
    0xff, 0xfd, 0xef, 0xff, 0xf7, 0x0, 0x3, 0xef,
    0xff, 0xff, 0xff, 0xf7, 0x0, 0x0, 0x0, 0x7b,
    0xef, 0xec, 0x82, 0x0, 0x0,

    /* U+010A "Ċ" */
    0x0, 0x0, 0x0, 0x0, 0x8f, 0xff, 0x90, 0x0,
    0x0, 0x0, 0x0, 0x0, 0x0, 0x0, 0x8f, 0xff,
    0x90, 0x0, 0x0, 0x0, 0x0, 0x0, 0x0, 0x0,
    0x8f, 0xff, 0x90, 0x0, 0x0, 0x0, 0x0, 0x0,
    0x0, 0x0, 0x0, 0x0, 0x0, 0x0, 0x0, 0x0,
    0x0, 0x0, 0x0, 0x0, 0x0, 0x0, 0x0, 0x0,
    0x0, 0x0, 0x0, 0x0, 0x0, 0x0, 0x0, 0x0,
    0x0, 0x0, 0x0, 0x0, 0x0, 0x0, 0x1, 0x7b,
    0xde, 0xff, 0xda, 0x61, 0x0, 0x0, 0x0, 0x1,
    0x9f, 0xff, 0xff, 0xff, 0xff, 0xff, 0x70, 0x0,
    0x0, 0x2d, 0xff, 0xff, 0xff, 0xff, 0xff, 0xff,
    0xfb, 0x0, 0x0, 0xdf, 0xff, 0xff, 0xa7, 0x67,
    0xaf, 0xff, 0xff, 0x80, 0x8, 0xff, 0xff, 0xa1,
    0x0, 0x0, 0x1, 0xbf, 0xff, 0xf2, 0xf, 0xff,
    0xfc, 0x0, 0x0, 0x0, 0x0, 0xc, 0xff, 0xc4,
    0x5f, 0xff, 0xf3, 0x0, 0x0, 0x0, 0x0, 0x2,
    0x41, 0x0, 0x8f, 0xff, 0xd0, 0x0, 0x0, 0x0,
    0x0, 0x0, 0x0, 0x0, 0xaf, 0xff, 0xa0, 0x0,
    0x0, 0x0, 0x0, 0x0, 0x0, 0x0, 0xbf, 0xff,
    0x90, 0x0, 0x0, 0x0, 0x0, 0x0, 0x0, 0x0,
    0xbf, 0xff, 0x90, 0x0, 0x0, 0x0, 0x0, 0x0,
    0x0, 0x0, 0xaf, 0xff, 0xb0, 0x0, 0x0, 0x0,
    0x0, 0x0, 0x0, 0x0, 0x8f, 0xff, 0xe0, 0x0,
    0x0, 0x0, 0x0, 0x0, 0x0, 0x0, 0x4f, 0xff,
    0xf4, 0x0, 0x0, 0x0, 0x0, 0x3, 0xd7, 0x20,
    0xe, 0xff, 0xfd, 0x0, 0x0, 0x0, 0x0, 0xc,
    0xff, 0xf9, 0x6, 0xff, 0xff, 0xc1, 0x0, 0x0,
    0x1, 0xbf, 0xff, 0xf3, 0x0, 0xbf, 0xff, 0xff,
    0xa7, 0x67, 0xaf, 0xff, 0xff, 0x90, 0x0, 0x1c,
    0xff, 0xff, 0xff, 0xff, 0xff, 0xff, 0xfa, 0x0,
    0x0, 0x0, 0x7f, 0xff, 0xff, 0xff, 0xff, 0xfe,
    0x60, 0x0, 0x0, 0x0, 0x0, 0x6a, 0xde, 0xff,
    0xda, 0x60, 0x0, 0x0,

    /* U+010B "ċ" */
    0x0, 0x0, 0x4, 0xff, 0xfd, 0x0, 0x0, 0x0,
    0x0, 0x0, 0x4f, 0xff, 0xd0, 0x0, 0x0, 0x0,
    0x0, 0x4, 0xff, 0xfd, 0x0, 0x0, 0x0, 0x0,
    0x0, 0x0, 0x0, 0x0, 0x0, 0x0, 0x0, 0x0,
    0x0, 0x0, 0x0, 0x0, 0x0, 0x0, 0x0, 0x0,
    0x0, 0x0, 0x0, 0x0, 0x0, 0x0, 0x0, 0x6b,
    0xef, 0xfd, 0x92, 0x0, 0x0, 0x3, 0xef, 0xff,
    0xff, 0xff, 0xf7, 0x0, 0x2, 0xff, 0xff, 0xfd,
    0xef, 0xff, 0xf7, 0x0, 0xcf, 0xff, 0xc1, 0x0,
    0x6f, 0xff, 0xf1, 0x3f, 0xff, 0xf1, 0x0, 0x0,
    0xbf, 0xff, 0x78, 0xff, 0xfc, 0x0, 0x0, 0x2,
    0x44, 0x42, 0xbf, 0xff, 0x90, 0x0, 0x0, 0x0,
    0x0, 0xc, 0xff, 0xf8, 0x0, 0x0, 0x0, 0x0,
    0x0, 0xcf, 0xff, 0x80, 0x0, 0x0, 0x0, 0x0,
    0xb, 0xff, 0xf9, 0x0, 0x0, 0x0, 0x0, 0x0,
    0x8f, 0xff, 0xc0, 0x0, 0x0, 0x38, 0x88, 0x64,
    0xff, 0xff, 0x20, 0x0, 0xa, 0xff, 0xf8, 0xd,
    0xff, 0xfc, 0x10, 0x6, 0xff, 0xff, 0x20, 0x3f,
    0xff, 0xff, 0xde, 0xff, 0xff, 0x70, 0x0, 0x3e,
    0xff, 0xff, 0xff, 0xff, 0x70, 0x0, 0x0, 0x7,
    0xbe, 0xfe, 0xc8, 0x20, 0x0,

    /* U+010C "Č" */
    0x0, 0x0, 0xc, 0xfd, 0x30, 0x0, 0x3e, 0xfb,
    0x0, 0x0, 0x0, 0x0, 0x1, 0xdf, 0xf7, 0x7,
    0xff, 0xd0, 0x0, 0x0, 0x0, 0x0, 0x0, 0x2e,
    0xff, 0xef, 0xfe, 0x10, 0x0, 0x0, 0x0, 0x0,
    0x0, 0x2, 0xef, 0xff, 0xe2, 0x0, 0x0, 0x0,
    0x0, 0x0, 0x0, 0x0, 0x38, 0x88, 0x30, 0x0,
    0x0, 0x0, 0x0, 0x0, 0x0, 0x0, 0x0, 0x0,
    0x0, 0x0, 0x0, 0x0, 0x0, 0x0, 0x0, 0x0,
    0x0, 0x0, 0x0, 0x0, 0x0, 0x0, 0x0, 0x0,
    0x1, 0x7b, 0xde, 0xff, 0xda, 0x61, 0x0, 0x0,
    0x0, 0x1, 0x9f, 0xff, 0xff, 0xff, 0xff, 0xff,
    0x70, 0x0, 0x0, 0x2d, 0xff, 0xff, 0xff, 0xff,
    0xff, 0xff, 0xfb, 0x0, 0x0, 0xdf, 0xff, 0xff,
    0xa7, 0x67, 0xaf, 0xff, 0xff, 0x80, 0x8, 0xff,
    0xff, 0xa1, 0x0, 0x0, 0x1, 0xbf, 0xff, 0xf2,
    0xf, 0xff, 0xfc, 0x0, 0x0, 0x0, 0x0, 0xc,
    0xff, 0xc4, 0x5f, 0xff, 0xf3, 0x0, 0x0, 0x0,
    0x0, 0x2, 0x41, 0x0, 0x8f, 0xff, 0xd0, 0x0,
    0x0, 0x0, 0x0, 0x0, 0x0, 0x0, 0xaf, 0xff,
    0xa0, 0x0, 0x0, 0x0, 0x0, 0x0, 0x0, 0x0,
    0xbf, 0xff, 0x90, 0x0, 0x0, 0x0, 0x0, 0x0,
    0x0, 0x0, 0xbf, 0xff, 0x90, 0x0, 0x0, 0x0,
    0x0, 0x0, 0x0, 0x0, 0xaf, 0xff, 0xb0, 0x0,
    0x0, 0x0, 0x0, 0x0, 0x0, 0x0, 0x8f, 0xff,
    0xe0, 0x0, 0x0, 0x0, 0x0, 0x0, 0x0, 0x0,
    0x4f, 0xff, 0xf4, 0x0, 0x0, 0x0, 0x0, 0x3,
    0xd7, 0x20, 0xe, 0xff, 0xfd, 0x0, 0x0, 0x0,
    0x0, 0xc, 0xff, 0xf9, 0x6, 0xff, 0xff, 0xc1,
    0x0, 0x0, 0x1, 0xbf, 0xff, 0xf3, 0x0, 0xbf,
    0xff, 0xff, 0xa7, 0x67, 0xaf, 0xff, 0xff, 0x90,
    0x0, 0x1c, 0xff, 0xff, 0xff, 0xff, 0xff, 0xff,
    0xfa, 0x0, 0x0, 0x0, 0x7f, 0xff, 0xff, 0xff,
    0xff, 0xfe, 0x60, 0x0, 0x0, 0x0, 0x0, 0x6a,
    0xde, 0xff, 0xda, 0x60, 0x0, 0x0,

    /* U+010D "č" */
    0x0, 0x78, 0x60, 0x0, 0x0, 0x58, 0x80, 0x0,
    0x6, 0xff, 0x90, 0x0, 0x7f, 0xf7, 0x0, 0x0,
    0x9, 0xff, 0x90, 0x7f, 0xfb, 0x0, 0x0, 0x0,
    0xc, 0xff, 0xcf, 0xfe, 0x10, 0x0, 0x0, 0x0,
    0x2e, 0xff, 0xff, 0x30, 0x0, 0x0, 0x0, 0x0,
    0x4c, 0xcc, 0x60, 0x0, 0x0, 0x0, 0x0, 0x0,
    0x0, 0x0, 0x0, 0x0, 0x0, 0x0, 0x6, 0xbe,
    0xff, 0xd9, 0x30, 0x0, 0x0, 0x3e, 0xff, 0xff,
    0xff, 0xff, 0x80, 0x0, 0x2f, 0xff, 0xff, 0xde,
    0xff, 0xff, 0x80, 0xc, 0xff, 0xfc, 0x10, 0x5,
    0xff, 0xff, 0x23, 0xff, 0xff, 0x10, 0x0, 0xa,
    0xff, 0xf8, 0x8f, 0xff, 0xc0, 0x0, 0x0, 0x0,
    0x0, 0xb, 0xff, 0xf9, 0x0, 0x0, 0x0, 0x0,
    0x0, 0xcf, 0xff, 0x80, 0x0, 0x0, 0x0, 0x0,
    0xc, 0xff, 0xf8, 0x0, 0x0, 0x0, 0x0, 0x0,
    0xbf, 0xff, 0x90, 0x0, 0x0, 0x0, 0x0, 0x8,
    0xff, 0xfc, 0x0, 0x0, 0x4, 0xaa, 0xa7, 0x4f,
    0xff, 0xf2, 0x0, 0x0, 0xaf, 0xff, 0x80, 0xdf,
    0xff, 0xc1, 0x0, 0x6f, 0xff, 0xf2, 0x3, 0xff,
    0xff, 0xfd, 0xef, 0xff, 0xf7, 0x0, 0x3, 0xef,
    0xff, 0xff, 0xff, 0xf6, 0x0, 0x0, 0x0, 0x7b,
    0xef, 0xec, 0x81, 0x0, 0x0,

    /* U+010E "Ď" */
    0x0, 0x18, 0x84, 0x0, 0x0, 0x7, 0x85, 0x0,
    0x0, 0x0, 0x0, 0x9f, 0xf8, 0x0, 0x2d, 0xff,
    0x20, 0x0, 0x0, 0x0, 0x0, 0xaf, 0xfc, 0x7f,
    0xff, 0x40, 0x0, 0x0, 0x0, 0x0, 0x0, 0xbf,
    0xff, 0xff, 0x50, 0x0, 0x0, 0x0, 0x0, 0x0,
    0x0, 0xcf, 0xff, 0x60, 0x0, 0x0, 0x0, 0x0,
    0x0, 0x0, 0x0, 0x0, 0x0, 0x0, 0x0, 0x0,
    0x0, 0x0, 0x0, 0x0, 0x0, 0x0, 0x0, 0x0,
    0x0, 0x0, 0xf, 0xff, 0xff, 0xff, 0xfe, 0xdb,
    0x73, 0x0, 0x0, 0x0, 0xff, 0xff, 0xff, 0xff,
    0xff, 0xff, 0xfc, 0x30, 0x0, 0xf, 0xff, 0xff,
    0xff, 0xff, 0xff, 0xff, 0xff, 0x70, 0x0, 0xff,
    0xff, 0x84, 0x44, 0x68, 0xdf, 0xff, 0xff, 0x60,
    0xf, 0xff, 0xf5, 0x0, 0x0, 0x0, 0x5f, 0xff,
    0xff, 0x10, 0xff, 0xff, 0x50, 0x0, 0x0, 0x0,
    0x4f, 0xff, 0xf9, 0xf, 0xff, 0xf5, 0x0, 0x0,
    0x0, 0x0, 0xaf, 0xff, 0xe0, 0xff, 0xff, 0x50,
    0x0, 0x0, 0x0, 0x4, 0xff, 0xff, 0x2f, 0xff,
    0xf5, 0x0, 0x0, 0x0, 0x0, 0xf, 0xff, 0xf4,
    0xff, 0xff, 0x50, 0x0, 0x0, 0x0, 0x0, 0xff,
    0xff, 0x6f, 0xff, 0xf5, 0x0, 0x0, 0x0, 0x0,
    0xf, 0xff, 0xf5, 0xff, 0xff, 0x50, 0x0, 0x0,
    0x0, 0x1, 0xff, 0xff, 0x4f, 0xff, 0xf5, 0x0,
    0x0, 0x0, 0x0, 0x5f, 0xff, 0xf2, 0xff, 0xff,
    0x50, 0x0, 0x0, 0x0, 0xb, 0xff, 0xfd, 0xf,
    0xff, 0xf5, 0x0, 0x0, 0x0, 0x5, 0xff, 0xff,
    0x70, 0xff, 0xff, 0x50, 0x0, 0x0, 0x5, 0xff,
    0xff, 0xe1, 0xf, 0xff, 0xf8, 0x55, 0x55, 0x7c,
    0xff, 0xff, 0xf5, 0x0, 0xff, 0xff, 0xff, 0xff,
    0xff, 0xff, 0xff, 0xf6, 0x0, 0xf, 0xff, 0xff,
    0xff, 0xff, 0xff, 0xff, 0xd3, 0x0, 0x0, 0xff,
    0xff, 0xff, 0xff, 0xff, 0xc9, 0x40, 0x0, 0x0,
    0x0,

    /* U+010F "ď" */
    0x0, 0x0, 0x0, 0x0, 0x0, 0xe, 0xff, 0xf3,
    0xf, 0xff, 0x90, 0x0, 0x0, 0x0, 0x0, 0x0,
    0xef, 0xff, 0x30, 0xff, 0xf9, 0x0, 0x0, 0x0,
    0x0, 0x0, 0xe, 0xff, 0xf3, 0xf, 0xff, 0x80,
    0x0, 0x0, 0x0, 0x0, 0x0, 0xef, 0xff, 0x30,
    0x7, 0xf7, 0x0, 0x0, 0x0, 0x0, 0x0, 0xe,
    0xff, 0xf3, 0x0, 0xcf, 0x30, 0x0, 0x0, 0x0,
    0x0, 0x0, 0xef, 0xff, 0x30, 0x4f, 0xa0, 0x0,
    0x5, 0xbe, 0xfd, 0x92, 0xe, 0xff, 0xf3, 0x2,
    0x30, 0x0, 0x9, 0xff, 0xff, 0xff, 0xf3, 0xef,
    0xff, 0x30, 0x0, 0x0, 0x6, 0xff, 0xff, 0xfc,
    0xdf, 0xee, 0xff, 0xf3, 0x0, 0x0, 0x0, 0xef,
    0xff, 0xc1, 0x0, 0x4f, 0xff, 0xff, 0x30, 0x0,
    0x0, 0x5f, 0xff, 0xf2, 0x0, 0x0, 0x7f, 0xff,
    0xf3, 0x0, 0x0, 0x8, 0xff, 0xfc, 0x0, 0x0,
    0x1, 0xff, 0xff, 0x30, 0x0, 0x0, 0xaf, 0xff,
    0x90, 0x0, 0x0, 0xe, 0xff, 0xf3, 0x0, 0x0,
    0xb, 0xff, 0xf8, 0x0, 0x0, 0x0, 0xdf, 0xff,
    0x30, 0x0, 0x0, 0xbf, 0xff, 0x80, 0x0, 0x0,
    0xd, 0xff, 0xf3, 0x0, 0x0, 0xa, 0xff, 0xf9,
    0x0, 0x0, 0x0, 0xff, 0xff, 0x30, 0x0, 0x0,
    0x8f, 0xff, 0xc0, 0x0, 0x0, 0x2f, 0xff, 0xf3,
    0x0, 0x0, 0x5, 0xff, 0xff, 0x20, 0x0, 0x8,
    0xff, 0xff, 0x30, 0x0, 0x0, 0xf, 0xff, 0xfc,
    0x10, 0x5, 0xff, 0xff, 0xf3, 0x0, 0x0, 0x0,
    0x7f, 0xff, 0xff, 0xde, 0xfd, 0xdf, 0xff, 0x40,
    0x0, 0x0, 0x0, 0xbf, 0xff, 0xff, 0xfe, 0x2c,
    0xff, 0xf4, 0x0, 0x0, 0x0, 0x0, 0x6c, 0xff,
    0xd8, 0x10, 0xbf, 0xff, 0x50, 0x0, 0x0,

    /* U+0110 "Đ" */
    0x0, 0xff, 0xff, 0xff, 0xff, 0xed, 0xb7, 0x30,
    0x0, 0x0, 0x0, 0xf, 0xff, 0xff, 0xff, 0xff,
    0xff, 0xff, 0xc3, 0x0, 0x0, 0x0, 0xff, 0xff,
    0xff, 0xff, 0xff, 0xff, 0xff, 0xf7, 0x0, 0x0,
    0xf, 0xff, 0xf8, 0x55, 0x56, 0x9d, 0xff, 0xff,
    0xf6, 0x0, 0x0, 0xff, 0xff, 0x50, 0x0, 0x0,
    0x6, 0xff, 0xff, 0xf1, 0x0, 0xf, 0xff, 0xf5,
    0x0, 0x0, 0x0, 0x4, 0xff, 0xff, 0x90, 0x0,
    0xff, 0xff, 0x50, 0x0, 0x0, 0x0, 0xa, 0xff,
    0xfe, 0x0, 0xf, 0xff, 0xf5, 0x0, 0x0, 0x0,
    0x0, 0x4f, 0xff, 0xf2, 0xef, 0xff, 0xff, 0xff,
    0xff, 0xf8, 0x0, 0x0, 0xff, 0xff, 0x4e, 0xff,
    0xff, 0xff, 0xff, 0xff, 0x80, 0x0, 0xf, 0xff,
    0xf6, 0xef, 0xff, 0xff, 0xff, 0xff, 0xf8, 0x0,
    0x0, 0xff, 0xff, 0x52, 0x3f, 0xff, 0xf7, 0x33,
    0x33, 0x10, 0x0, 0x1f, 0xff, 0xf4, 0x0, 0xff,
    0xff, 0x50, 0x0, 0x0, 0x0, 0x5, 0xff, 0xff,
    0x20, 0xf, 0xff, 0xf5, 0x0, 0x0, 0x0, 0x0,
    0xbf, 0xff, 0xd0, 0x0, 0xff, 0xff, 0x50, 0x0,
    0x0, 0x0, 0x5f, 0xff, 0xf7, 0x0, 0xf, 0xff,
    0xf5, 0x0, 0x0, 0x0, 0x6f, 0xff, 0xfe, 0x10,
    0x0, 0xff, 0xff, 0x95, 0x55, 0x68, 0xdf, 0xff,
    0xff, 0x50, 0x0, 0xf, 0xff, 0xff, 0xff, 0xff,
    0xff, 0xff, 0xff, 0x60, 0x0, 0x0, 0xff, 0xff,
    0xff, 0xff, 0xff, 0xff, 0xfd, 0x30, 0x0, 0x0,
    0xf, 0xff, 0xff, 0xff, 0xff, 0xfc, 0x94, 0x0,
    0x0, 0x0,

    /* U+0111 "đ" */
    0x0, 0x0, 0x0, 0x0, 0x0, 0xe, 0xff, 0xf4,
    0x0, 0x0, 0x0, 0x0, 0x0, 0x0, 0xe, 0xff,
    0xf4, 0x0, 0x0, 0x0, 0x0, 0x1f, 0xff, 0xff,
    0xff, 0xff, 0xf2, 0x0, 0x0, 0x0, 0x1f, 0xff,
    0xff, 0xff, 0xff, 0xf2, 0x0, 0x0, 0x0, 0x7,
    0x77, 0x7f, 0xff, 0xf9, 0x71, 0x0, 0x0, 0x0,
    0x0, 0x0, 0xe, 0xff, 0xf4, 0x0, 0x0, 0x5,
    0xbe, 0xfd, 0x92, 0xe, 0xff, 0xf4, 0x0, 0x0,
    0x9f, 0xff, 0xff, 0xfe, 0x3e, 0xff, 0xf4, 0x0,
    0x7, 0xff, 0xff, 0xfc, 0xdf, 0xde, 0xff, 0xf4,
    0x0, 0xe, 0xff, 0xfb, 0x10, 0x4, 0xff, 0xff,
    0xf4, 0x0, 0x5f, 0xff, 0xf1, 0x0, 0x0, 0x7f,
    0xff, 0xf4, 0x0, 0x8f, 0xff, 0xc0, 0x0, 0x0,
    0x1f, 0xff, 0xf4, 0x0, 0xaf, 0xff, 0x90, 0x0,
    0x0, 0xe, 0xff, 0xf4, 0x0, 0xbf, 0xff, 0x80,
    0x0, 0x0, 0xd, 0xff, 0xf4, 0x0, 0xbf, 0xff,
    0x80, 0x0, 0x0, 0xd, 0xff, 0xf4, 0x0, 0xaf,
    0xff, 0x90, 0x0, 0x0, 0xf, 0xff, 0xf4, 0x0,
    0x8f, 0xff, 0xc0, 0x0, 0x0, 0x2f, 0xff, 0xf4,
    0x0, 0x5f, 0xff, 0xf2, 0x0, 0x0, 0x8f, 0xff,
    0xf4, 0x0, 0xf, 0xff, 0xfc, 0x10, 0x5, 0xff,
    0xff, 0xf4, 0x0, 0x7, 0xff, 0xff, 0xfd, 0xef,
    0xdd, 0xff, 0xf4, 0x0, 0x0, 0xbf, 0xff, 0xff,
    0xfe, 0x3c, 0xff, 0xf4, 0x0, 0x0, 0x6, 0xcf,
    0xfd, 0x81, 0xb, 0xff, 0xf5, 0x0,

    /* U+0112 "Ē" */
    0x0, 0x5, 0xff, 0xff, 0xff, 0xff, 0xa0, 0x0,
    0x0, 0x0, 0x5f, 0xff, 0xff, 0xff, 0xfa, 0x0,
    0x0, 0x0, 0x2, 0x77, 0x77, 0x77, 0x77, 0x40,
    0x0, 0x0, 0x0, 0x0, 0x0, 0x0, 0x0, 0x0,
    0x0, 0x0, 0x0, 0x0, 0x0, 0x0, 0x0, 0x0,
    0x0, 0x0, 0xf, 0xff, 0xff, 0xff, 0xff, 0xff,
    0xff, 0xff, 0xf3, 0xff, 0xff, 0xff, 0xff, 0xff,
    0xff, 0xff, 0xff, 0x3f, 0xff, 0xff, 0xff, 0xff,
    0xff, 0xff, 0xff, 0xf3, 0xff, 0xff, 0x84, 0x44,
    0x44, 0x44, 0x44, 0x44, 0x1f, 0xff, 0xf5, 0x0,
    0x0, 0x0, 0x0, 0x0, 0x0, 0xff, 0xff, 0x50,
    0x0, 0x0, 0x0, 0x0, 0x0, 0xf, 0xff, 0xf5,
    0x0, 0x0, 0x0, 0x0, 0x0, 0x0, 0xff, 0xff,
    0x50, 0x0, 0x0, 0x0, 0x0, 0x0, 0xf, 0xff,
    0xff, 0xff, 0xff, 0xff, 0xff, 0xff, 0x50, 0xff,
    0xff, 0xff, 0xff, 0xff, 0xff, 0xff, 0xf5, 0xf,
    0xff, 0xff, 0xff, 0xff, 0xff, 0xff, 0xff, 0x50,
    0xff, 0xff, 0x85, 0x55, 0x55, 0x55, 0x55, 0x51,
    0xf, 0xff, 0xf5, 0x0, 0x0, 0x0, 0x0, 0x0,
    0x0, 0xff, 0xff, 0x50, 0x0, 0x0, 0x0, 0x0,
    0x0, 0xf, 0xff, 0xf5, 0x0, 0x0, 0x0, 0x0,
    0x0, 0x0, 0xff, 0xff, 0x50, 0x0, 0x0, 0x0,
    0x0, 0x0, 0xf, 0xff, 0xf8, 0x55, 0x55, 0x55,
    0x55, 0x55, 0x54, 0xff, 0xff, 0xff, 0xff, 0xff,
    0xff, 0xff, 0xff, 0xdf, 0xff, 0xff, 0xff, 0xff,
    0xff, 0xff, 0xff, 0xfd, 0xff, 0xff, 0xff, 0xff,
    0xff, 0xff, 0xff, 0xff, 0xd0,

    /* U+0113 "ē" */
    0x0, 0xe, 0xff, 0xff, 0xff, 0xff, 0x10, 0x0,
    0x0, 0xef, 0xff, 0xff, 0xff, 0xf1, 0x0, 0x0,
    0x6, 0x77, 0x77, 0x77, 0x77, 0x0, 0x0, 0x0,
    0x0, 0x0, 0x0, 0x0, 0x0, 0x0, 0x0, 0x0,
    0x7c, 0xef, 0xec, 0x70, 0x0, 0x0, 0x4, 0xef,
    0xff, 0xff, 0xff, 0xe3, 0x0, 0x3, 0xff, 0xff,
    0xc9, 0xbf, 0xff, 0xf1, 0x0, 0xdf, 0xff, 0x60,
    0x0, 0x4f, 0xff, 0xa0, 0x4f, 0xff, 0xc0, 0x0,
    0x0, 0xaf, 0xff, 0x19, 0xff, 0xf9, 0x0, 0x0,
    0x6, 0xff, 0xf5, 0xbf, 0xff, 0xff, 0xff, 0xff,
    0xff, 0xff, 0x8c, 0xff, 0xff, 0xff, 0xff, 0xff,
    0xff, 0xf9, 0xcf, 0xff, 0xc8, 0x88, 0x88, 0x88,
    0x88, 0x5b, 0xff, 0xf8, 0x0, 0x0, 0x0, 0x0,
    0x0, 0x8f, 0xff, 0xb0, 0x0, 0x0, 0x0, 0x0,
    0x4, 0xff, 0xff, 0x10, 0x0, 0x6, 0x87, 0x61,
    0xd, 0xff, 0xfb, 0x10, 0x3, 0xff, 0xff, 0x10,
    0x3f, 0xff, 0xff, 0xcd, 0xff, 0xff, 0x60, 0x0,
    0x4f, 0xff, 0xff, 0xff, 0xff, 0x60, 0x0, 0x0,
    0x17, 0xce, 0xff, 0xd8, 0x20, 0x0,

    /* U+0114 "Ĕ" */
    0x0, 0x6, 0x84, 0x0, 0x0, 0x7, 0x83, 0x0,
    0x0, 0x0, 0xbf, 0xe1, 0x0, 0x5, 0xff, 0x30,
    0x0, 0x0, 0x4, 0xff, 0xd5, 0x37, 0xff, 0xc0,
    0x0, 0x0, 0x0, 0x8, 0xff, 0xff, 0xff, 0xe2,
    0x0, 0x0, 0x0, 0x0, 0x4, 0xbf, 0xfd, 0x91,
    0x0, 0x0, 0x0, 0x0, 0x0, 0x0, 0x0, 0x0,
    0x0, 0x0, 0x0, 0x0, 0x0, 0x0, 0x0, 0x0,
    0x0, 0x0, 0x0, 0xf, 0xff, 0xff, 0xff, 0xff,
    0xff, 0xff, 0xff, 0xf3, 0xff, 0xff, 0xff, 0xff,
    0xff, 0xff, 0xff, 0xff, 0x3f, 0xff, 0xff, 0xff,
    0xff, 0xff, 0xff, 0xff, 0xf3, 0xff, 0xff, 0x84,
    0x44, 0x44, 0x44, 0x44, 0x44, 0x1f, 0xff, 0xf5,
    0x0, 0x0, 0x0, 0x0, 0x0, 0x0, 0xff, 0xff,
    0x50, 0x0, 0x0, 0x0, 0x0, 0x0, 0xf, 0xff,
    0xf5, 0x0, 0x0, 0x0, 0x0, 0x0, 0x0, 0xff,
    0xff, 0x50, 0x0, 0x0, 0x0, 0x0, 0x0, 0xf,
    0xff, 0xff, 0xff, 0xff, 0xff, 0xff, 0xff, 0x50,
    0xff, 0xff, 0xff, 0xff, 0xff, 0xff, 0xff, 0xf5,
    0xf, 0xff, 0xff, 0xff, 0xff, 0xff, 0xff, 0xff,
    0x50, 0xff, 0xff, 0x85, 0x55, 0x55, 0x55, 0x55,
    0x51, 0xf, 0xff, 0xf5, 0x0, 0x0, 0x0, 0x0,
    0x0, 0x0, 0xff, 0xff, 0x50, 0x0, 0x0, 0x0,
    0x0, 0x0, 0xf, 0xff, 0xf5, 0x0, 0x0, 0x0,
    0x0, 0x0, 0x0, 0xff, 0xff, 0x50, 0x0, 0x0,
    0x0, 0x0, 0x0, 0xf, 0xff, 0xf8, 0x55, 0x55,
    0x55, 0x55, 0x55, 0x54, 0xff, 0xff, 0xff, 0xff,
    0xff, 0xff, 0xff, 0xff, 0xdf, 0xff, 0xff, 0xff,
    0xff, 0xff, 0xff, 0xff, 0xfd, 0xff, 0xff, 0xff,
    0xff, 0xff, 0xff, 0xff, 0xff, 0xd0,

    /* U+0115 "ĕ" */
    0x0, 0xcf, 0xc0, 0x0, 0x1, 0xff, 0x60, 0x0,
    0x7, 0xff, 0x92, 0x3, 0xcf, 0xf1, 0x0, 0x0,
    0xc, 0xff, 0xff, 0xff, 0xf7, 0x0, 0x0, 0x0,
    0x9, 0xff, 0xff, 0xe6, 0x0, 0x0, 0x0, 0x0,
    0x0, 0x34, 0x20, 0x0, 0x0, 0x0, 0x0, 0x0,
    0x0, 0x0, 0x0, 0x0, 0x0, 0x0, 0x0, 0x7c,
    0xef, 0xec, 0x70, 0x0, 0x0, 0x4, 0xef, 0xff,
    0xff, 0xff, 0xe3, 0x0, 0x3, 0xff, 0xff, 0xc9,
    0xbf, 0xff, 0xf1, 0x0, 0xdf, 0xff, 0x60, 0x0,
    0x4f, 0xff, 0xa0, 0x4f, 0xff, 0xc0, 0x0, 0x0,
    0xaf, 0xff, 0x19, 0xff, 0xf9, 0x0, 0x0, 0x6,
    0xff, 0xf5, 0xbf, 0xff, 0xff, 0xff, 0xff, 0xff,
    0xff, 0x8c, 0xff, 0xff, 0xff, 0xff, 0xff, 0xff,
    0xf9, 0xcf, 0xff, 0xc8, 0x88, 0x88, 0x88, 0x88,
    0x5b, 0xff, 0xf8, 0x0, 0x0, 0x0, 0x0, 0x0,
    0x8f, 0xff, 0xb0, 0x0, 0x0, 0x0, 0x0, 0x4,
    0xff, 0xff, 0x10, 0x0, 0x6, 0x87, 0x61, 0xd,
    0xff, 0xfb, 0x10, 0x3, 0xff, 0xff, 0x10, 0x3f,
    0xff, 0xff, 0xcd, 0xff, 0xff, 0x60, 0x0, 0x4f,
    0xff, 0xff, 0xff, 0xff, 0x60, 0x0, 0x0, 0x17,
    0xce, 0xff, 0xd8, 0x20, 0x0,

    /* U+0116 "Ė" */
    0x0, 0x0, 0x0, 0xbf, 0xff, 0x60, 0x0, 0x0,
    0x0, 0x0, 0x0, 0xb, 0xff, 0xf6, 0x0, 0x0,
    0x0, 0x0, 0x0, 0x0, 0xbf, 0xff, 0x60, 0x0,
    0x0, 0x0, 0x0, 0x0, 0x0, 0x0, 0x0, 0x0,
    0x0, 0x0, 0x0, 0x0, 0x0, 0x0, 0x0, 0x0,
    0x0, 0x0, 0xf, 0xff, 0xff, 0xff, 0xff, 0xff,
    0xff, 0xff, 0xf3, 0xff, 0xff, 0xff, 0xff, 0xff,
    0xff, 0xff, 0xff, 0x3f, 0xff, 0xff, 0xff, 0xff,
    0xff, 0xff, 0xff, 0xf3, 0xff, 0xff, 0x84, 0x44,
    0x44, 0x44, 0x44, 0x44, 0x1f, 0xff, 0xf5, 0x0,
    0x0, 0x0, 0x0, 0x0, 0x0, 0xff, 0xff, 0x50,
    0x0, 0x0, 0x0, 0x0, 0x0, 0xf, 0xff, 0xf5,
    0x0, 0x0, 0x0, 0x0, 0x0, 0x0, 0xff, 0xff,
    0x50, 0x0, 0x0, 0x0, 0x0, 0x0, 0xf, 0xff,
    0xff, 0xff, 0xff, 0xff, 0xff, 0xff, 0x50, 0xff,
    0xff, 0xff, 0xff, 0xff, 0xff, 0xff, 0xf5, 0xf,
    0xff, 0xff, 0xff, 0xff, 0xff, 0xff, 0xff, 0x50,
    0xff, 0xff, 0x85, 0x55, 0x55, 0x55, 0x55, 0x51,
    0xf, 0xff, 0xf5, 0x0, 0x0, 0x0, 0x0, 0x0,
    0x0, 0xff, 0xff, 0x50, 0x0, 0x0, 0x0, 0x0,
    0x0, 0xf, 0xff, 0xf5, 0x0, 0x0, 0x0, 0x0,
    0x0, 0x0, 0xff, 0xff, 0x50, 0x0, 0x0, 0x0,
    0x0, 0x0, 0xf, 0xff, 0xf8, 0x55, 0x55, 0x55,
    0x55, 0x55, 0x54, 0xff, 0xff, 0xff, 0xff, 0xff,
    0xff, 0xff, 0xff, 0xdf, 0xff, 0xff, 0xff, 0xff,
    0xff, 0xff, 0xff, 0xfd, 0xff, 0xff, 0xff, 0xff,
    0xff, 0xff, 0xff, 0xff, 0xd0,

    /* U+0117 "ė" */
    0x0, 0x0, 0x8, 0xff, 0xf9, 0x0, 0x0, 0x0,
    0x0, 0x0, 0x8f, 0xff, 0x90, 0x0, 0x0, 0x0,
    0x0, 0x8, 0xff, 0xf9, 0x0, 0x0, 0x0, 0x0,
    0x0, 0x0, 0x0, 0x0, 0x0, 0x0, 0x0, 0x0,
    0x0, 0x0, 0x0, 0x0, 0x0, 0x0, 0x0, 0x0,
    0x0, 0x0, 0x0, 0x0, 0x0, 0x0, 0x0, 0x7c,
    0xef, 0xec, 0x70, 0x0, 0x0, 0x4, 0xef, 0xff,
    0xff, 0xff, 0xe3, 0x0, 0x3, 0xff, 0xff, 0xc9,
    0xbf, 0xff, 0xf1, 0x0, 0xdf, 0xff, 0x60, 0x0,
    0x4f, 0xff, 0xa0, 0x4f, 0xff, 0xc0, 0x0, 0x0,
    0xaf, 0xff, 0x19, 0xff, 0xf9, 0x0, 0x0, 0x6,
    0xff, 0xf5, 0xbf, 0xff, 0xff, 0xff, 0xff, 0xff,
    0xff, 0x8c, 0xff, 0xff, 0xff, 0xff, 0xff, 0xff,
    0xf9, 0xcf, 0xff, 0xc8, 0x88, 0x88, 0x88, 0x88,
    0x5b, 0xff, 0xf8, 0x0, 0x0, 0x0, 0x0, 0x0,
    0x8f, 0xff, 0xb0, 0x0, 0x0, 0x0, 0x0, 0x4,
    0xff, 0xff, 0x10, 0x0, 0x6, 0x87, 0x61, 0xd,
    0xff, 0xfb, 0x10, 0x3, 0xff, 0xff, 0x10, 0x3f,
    0xff, 0xff, 0xcd, 0xff, 0xff, 0x60, 0x0, 0x4f,
    0xff, 0xff, 0xff, 0xff, 0x60, 0x0, 0x0, 0x17,
    0xce, 0xff, 0xd8, 0x20, 0x0,

    /* U+0118 "Ę" */
    0xff, 0xff, 0xff, 0xff, 0xff, 0xff, 0xff, 0xff,
    0x3f, 0xff, 0xff, 0xff, 0xff, 0xff, 0xff, 0xff,
    0xf3, 0xff, 0xff, 0xff, 0xff, 0xff, 0xff, 0xff,
    0xff, 0x3f, 0xff, 0xf8, 0x44, 0x44, 0x44, 0x44,
    0x44, 0x41, 0xff, 0xff, 0x50, 0x0, 0x0, 0x0,
    0x0, 0x0, 0xf, 0xff, 0xf5, 0x0, 0x0, 0x0,
    0x0, 0x0, 0x0, 0xff, 0xff, 0x50, 0x0, 0x0,
    0x0, 0x0, 0x0, 0xf, 0xff, 0xf8, 0x55, 0x55,
    0x55, 0x55, 0x55, 0x10, 0xff, 0xff, 0xff, 0xff,
    0xff, 0xff, 0xff, 0xf5, 0xf, 0xff, 0xff, 0xff,
    0xff, 0xff, 0xff, 0xff, 0x50, 0xff, 0xff, 0xff,
    0xff, 0xff, 0xff, 0xff, 0xf5, 0xf, 0xff, 0xf5,
    0x0, 0x0, 0x0, 0x0, 0x0, 0x0, 0xff, 0xff,
    0x50, 0x0, 0x0, 0x0, 0x0, 0x0, 0xf, 0xff,
    0xf5, 0x0, 0x0, 0x0, 0x0, 0x0, 0x0, 0xff,
    0xff, 0x50, 0x0, 0x0, 0x0, 0x0, 0x0, 0xf,
    0xff, 0xf5, 0x0, 0x0, 0x0, 0x0, 0x0, 0x0,
    0xff, 0xff, 0x85, 0x55, 0x55, 0x55, 0x55, 0x55,
    0x4f, 0xff, 0xff, 0xff, 0xff, 0xff, 0xff, 0xff,
    0xfd, 0xff, 0xff, 0xff, 0xff, 0xff, 0xff, 0xff,
    0xff, 0xdf, 0xff, 0xff, 0xff, 0xff, 0xff, 0xff,
    0xff, 0xfd, 0x0, 0x0, 0x0, 0x0, 0x0, 0xa,
    0xfb, 0x0, 0x0, 0x0, 0x0, 0x0, 0x0, 0x7,
    0xff, 0x10, 0x0, 0x0, 0x0, 0x0, 0x0, 0x0,
    0xdf, 0xc0, 0x0, 0x0, 0x0, 0x0, 0x0, 0x0,
    0xd, 0xff, 0x31, 0x30, 0x0, 0x0, 0x0, 0x0,
    0x0, 0x8f, 0xff, 0xfc, 0x0, 0x0, 0x0, 0x0,
    0x0, 0x0, 0x8d, 0xfe, 0x80,

    /* U+0119 "ę" */
    0x0, 0x0, 0x7c, 0xef, 0xec, 0x70, 0x0, 0x0,
    0x4, 0xef, 0xff, 0xff, 0xff, 0xe2, 0x0, 0x3,
    0xff, 0xff, 0xc9, 0xcf, 0xff, 0xe1, 0x0, 0xdf,
    0xff, 0x70, 0x0, 0x6f, 0xff, 0x90, 0x4f, 0xff,
    0xe0, 0x0, 0x0, 0xcf, 0xff, 0x9, 0xff, 0xfa,
    0x0, 0x0, 0x7, 0xff, 0xf4, 0xbf, 0xff, 0xc8,
    0x88, 0x88, 0xaf, 0xff, 0x7c, 0xff, 0xff, 0xff,
    0xff, 0xff, 0xff, 0xf9, 0xcf, 0xff, 0xff, 0xff,
    0xff, 0xff, 0xff, 0xab, 0xff, 0xf8, 0x0, 0x0,
    0x0, 0x0, 0x0, 0x8f, 0xff, 0xa0, 0x0, 0x0,
    0x0, 0x0, 0x4, 0xff, 0xfe, 0x0, 0x0, 0x3,
    0x54, 0x30, 0xd, 0xff, 0xfa, 0x0, 0x2, 0xef,
    0xff, 0x20, 0x3f, 0xff, 0xff, 0xcd, 0xff, 0xff,
    0x70, 0x0, 0x4f, 0xff, 0xff, 0xff, 0xff, 0x70,
    0x0, 0x0, 0x17, 0xce, 0xff, 0xff, 0x40, 0x0,
    0x0, 0x0, 0x0, 0x4, 0xff, 0x30, 0x0, 0x0,
    0x0, 0x0, 0x0, 0xcf, 0xb0, 0x0, 0x0, 0x0,
    0x0, 0x0, 0xf, 0xf9, 0x0, 0x0, 0x0, 0x0,
    0x0, 0x0, 0xff, 0xe2, 0x23, 0x0, 0x0, 0x0,
    0x0, 0xa, 0xff, 0xff, 0x90, 0x0, 0x0, 0x0,
    0x0, 0x8, 0xef, 0xd5, 0x0,

    /* U+011A "Ě" */
    0x0, 0x7, 0x85, 0x0, 0x0, 0x6, 0x86, 0x0,
    0x0, 0x0, 0x7f, 0xfa, 0x0, 0x1c, 0xff, 0x40,
    0x0, 0x0, 0x0, 0x8f, 0xfd, 0x6e, 0xff, 0x50,
    0x0, 0x0, 0x0, 0x0, 0x9f, 0xff, 0xff, 0x70,
    0x0, 0x0, 0x0, 0x0, 0x0, 0xaf, 0xff, 0x80,
    0x0, 0x0, 0x0, 0x0, 0x0, 0x0, 0x0, 0x0,
    0x0, 0x0, 0x0, 0x0, 0x0, 0x0, 0x0, 0x0,
    0x0, 0x0, 0x0, 0xf, 0xff, 0xff, 0xff, 0xff,
    0xff, 0xff, 0xff, 0xf3, 0xff, 0xff, 0xff, 0xff,
    0xff, 0xff, 0xff, 0xff, 0x3f, 0xff, 0xff, 0xff,
    0xff, 0xff, 0xff, 0xff, 0xf3, 0xff, 0xff, 0x84,
    0x44, 0x44, 0x44, 0x44, 0x44, 0x1f, 0xff, 0xf5,
    0x0, 0x0, 0x0, 0x0, 0x0, 0x0, 0xff, 0xff,
    0x50, 0x0, 0x0, 0x0, 0x0, 0x0, 0xf, 0xff,
    0xf5, 0x0, 0x0, 0x0, 0x0, 0x0, 0x0, 0xff,
    0xff, 0x50, 0x0, 0x0, 0x0, 0x0, 0x0, 0xf,
    0xff, 0xff, 0xff, 0xff, 0xff, 0xff, 0xff, 0x50,
    0xff, 0xff, 0xff, 0xff, 0xff, 0xff, 0xff, 0xf5,
    0xf, 0xff, 0xff, 0xff, 0xff, 0xff, 0xff, 0xff,
    0x50, 0xff, 0xff, 0x85, 0x55, 0x55, 0x55, 0x55,
    0x51, 0xf, 0xff, 0xf5, 0x0, 0x0, 0x0, 0x0,
    0x0, 0x0, 0xff, 0xff, 0x50, 0x0, 0x0, 0x0,
    0x0, 0x0, 0xf, 0xff, 0xf5, 0x0, 0x0, 0x0,
    0x0, 0x0, 0x0, 0xff, 0xff, 0x50, 0x0, 0x0,
    0x0, 0x0, 0x0, 0xf, 0xff, 0xf8, 0x55, 0x55,
    0x55, 0x55, 0x55, 0x54, 0xff, 0xff, 0xff, 0xff,
    0xff, 0xff, 0xff, 0xff, 0xdf, 0xff, 0xff, 0xff,
    0xff, 0xff, 0xff, 0xff, 0xfd, 0xff, 0xff, 0xff,
    0xff, 0xff, 0xff, 0xff, 0xff, 0xd0,

    /* U+011B "ě" */
    0x0, 0x68, 0x60, 0x0, 0x0, 0x58, 0x70, 0x0,
    0x5, 0xff, 0x90, 0x0, 0x7f, 0xf7, 0x0, 0x0,
    0x8, 0xff, 0xb0, 0x8f, 0xfb, 0x0, 0x0, 0x0,
    0xb, 0xff, 0xef, 0xfd, 0x0, 0x0, 0x0, 0x0,
    0xd, 0xff, 0xff, 0x20, 0x0, 0x0, 0x0, 0x0,
    0x28, 0x88, 0x30, 0x0, 0x0, 0x0, 0x0, 0x0,
    0x0, 0x0, 0x0, 0x0, 0x0, 0x0, 0x7, 0xce,
    0xfe, 0xc7, 0x0, 0x0, 0x0, 0x4e, 0xff, 0xff,
    0xff, 0xfe, 0x30, 0x0, 0x3f, 0xff, 0xfc, 0x9b,
    0xff, 0xff, 0x10, 0xd, 0xff, 0xf6, 0x0, 0x4,
    0xff, 0xfa, 0x4, 0xff, 0xfc, 0x0, 0x0, 0xa,
    0xff, 0xf1, 0x9f, 0xff, 0x90, 0x0, 0x0, 0x6f,
    0xff, 0x5b, 0xff, 0xff, 0xff, 0xff, 0xff, 0xff,
    0xf8, 0xcf, 0xff, 0xff, 0xff, 0xff, 0xff, 0xff,
    0x9c, 0xff, 0xfc, 0x88, 0x88, 0x88, 0x88, 0x85,
    0xbf, 0xff, 0x80, 0x0, 0x0, 0x0, 0x0, 0x8,
    0xff, 0xfb, 0x0, 0x0, 0x0, 0x0, 0x0, 0x4f,
    0xff, 0xf1, 0x0, 0x0, 0x68, 0x76, 0x10, 0xdf,
    0xff, 0xb1, 0x0, 0x3f, 0xff, 0xf1, 0x3, 0xff,
    0xff, 0xfc, 0xdf, 0xff, 0xf6, 0x0, 0x4, 0xff,
    0xff, 0xff, 0xff, 0xf6, 0x0, 0x0, 0x1, 0x7c,
    0xef, 0xfd, 0x82, 0x0, 0x0,

    /* U+011C "Ĝ" */
    0x0, 0x0, 0x0, 0x0, 0x6f, 0xff, 0xc0, 0x0,
    0x0, 0x0, 0x0, 0x0, 0x0, 0x0, 0x5f, 0xff,
    0xff, 0xb0, 0x0, 0x0, 0x0, 0x0, 0x0, 0x0,
    0x4f, 0xff, 0x7c, 0xff, 0xa0, 0x0, 0x0, 0x0,
    0x0, 0x0, 0x3f, 0xfd, 0x20, 0x9, 0xff, 0x80,
    0x0, 0x0, 0x0, 0x0, 0x5, 0x87, 0x0, 0x0,
    0x4, 0x87, 0x0, 0x0, 0x0, 0x0, 0x0, 0x0,
    0x0, 0x0, 0x0, 0x0, 0x0, 0x0, 0x0, 0x0,
    0x0, 0x0, 0x0, 0x0, 0x0, 0x0, 0x0, 0x0,
    0x0, 0x0, 0x0, 0x0, 0x16, 0xad, 0xef, 0xfe,
    0xc9, 0x40, 0x0, 0x0, 0x0, 0x0, 0x8f, 0xff,
    0xff, 0xff, 0xff, 0xff, 0xd3, 0x0, 0x0, 0x1,
    0xcf, 0xff, 0xff, 0xff, 0xff, 0xff, 0xff, 0xf5,
    0x0, 0x0, 0xcf, 0xff, 0xff, 0xb7, 0x67, 0x9e,
    0xff, 0xff, 0xf3, 0x0, 0x8f, 0xff, 0xfc, 0x20,
    0x0, 0x0, 0x6, 0xff, 0xff, 0xc0, 0xe, 0xff,
    0xfd, 0x0, 0x0, 0x0, 0x0, 0x5, 0xeb, 0x72,
    0x4, 0xff, 0xff, 0x30, 0x0, 0x0, 0x0, 0x0,
    0x0, 0x0, 0x0, 0x8f, 0xff, 0xe0, 0x0, 0x0,
    0x0, 0x0, 0x0, 0x0, 0x0, 0xa, 0xff, 0xfa,
    0x0, 0x0, 0x0, 0x0, 0x0, 0x0, 0x0, 0x0,
    0xbf, 0xff, 0x90, 0x0, 0x0, 0x8, 0xff, 0xff,
    0xff, 0xff, 0x7b, 0xff, 0xf9, 0x0, 0x0, 0x0,
    0x8f, 0xff, 0xff, 0xff, 0xf7, 0xaf, 0xff, 0xb0,
    0x0, 0x0, 0x8, 0xff, 0xff, 0xff, 0xff, 0x78,
    0xff, 0xfe, 0x0, 0x0, 0x0, 0x12, 0x22, 0x29,
    0xff, 0xf7, 0x4f, 0xff, 0xf4, 0x0, 0x0, 0x0,
    0x0, 0x0, 0x7f, 0xff, 0x70, 0xef, 0xff, 0xd0,
    0x0, 0x0, 0x0, 0x0, 0x7, 0xff, 0xf7, 0x7,
    0xff, 0xff, 0xc2, 0x0, 0x0, 0x0, 0x6, 0xff,
    0xff, 0x70, 0xc, 0xff, 0xff, 0xfb, 0x76, 0x68,
    0xbf, 0xff, 0xff, 0xf4, 0x0, 0x1c, 0xff, 0xff,
    0xff, 0xff, 0xff, 0xff, 0xff, 0xe3, 0x0, 0x0,
    0x8, 0xff, 0xff, 0xff, 0xff, 0xff, 0xfe, 0x70,
    0x0, 0x0, 0x0, 0x0, 0x6a, 0xde, 0xfe, 0xdb,
    0x83, 0x0, 0x0, 0x0,

    /* U+011D "ĝ" */
    0x0, 0x0, 0x0, 0x78, 0x85, 0x0, 0x0, 0x0,
    0x0, 0x0, 0xa, 0xff, 0xff, 0x50, 0x0, 0x0,
    0x0, 0x0, 0x7f, 0xfe, 0xff, 0xf2, 0x0, 0x0,
    0x0, 0x4, 0xff, 0xd2, 0x4f, 0xfd, 0x10, 0x0,
    0x0, 0x2f, 0xfc, 0x10, 0x3, 0xff, 0xb0, 0x0,
    0x0, 0x48, 0x70, 0x0, 0x0, 0x38, 0x81, 0x0,
    0x0, 0x0, 0x0, 0x0, 0x0, 0x0, 0x0, 0x0,
    0x0, 0x5, 0xbe, 0xfd, 0x92, 0xa, 0xff, 0xf4,
    0x0, 0x9f, 0xff, 0xff, 0xff, 0x3b, 0xff, 0xf4,
    0x7, 0xff, 0xff, 0xfd, 0xef, 0xed, 0xff, 0xf3,
    0xe, 0xff, 0xfc, 0x10, 0x5, 0xff, 0xff, 0xf3,
    0x5f, 0xff, 0xf2, 0x0, 0x0, 0x8f, 0xff, 0xf3,
    0x8f, 0xff, 0xc0, 0x0, 0x0, 0x2f, 0xff, 0xf3,
    0xaf, 0xff, 0x90, 0x0, 0x0, 0xe, 0xff, 0xf3,
    0xbf, 0xff, 0x80, 0x0, 0x0, 0xd, 0xff, 0xf3,
    0xbf, 0xff, 0x80, 0x0, 0x0, 0xd, 0xff, 0xf3,
    0xbf, 0xff, 0x90, 0x0, 0x0, 0xf, 0xff, 0xf3,
    0x8f, 0xff, 0xc0, 0x0, 0x0, 0x2f, 0xff, 0xf3,
    0x5f, 0xff, 0xf2, 0x0, 0x0, 0x8f, 0xff, 0xf3,
    0xf, 0xff, 0xfc, 0x20, 0x6, 0xff, 0xff, 0xf3,
    0x8, 0xff, 0xff, 0xfd, 0xef, 0xdd, 0xff, 0xf3,
    0x0, 0xbf, 0xff, 0xff, 0xfe, 0x3d, 0xff, 0xf3,
    0x0, 0x6, 0xcf, 0xfd, 0x81, 0xe, 0xff, 0xf3,
    0x0, 0x0, 0x0, 0x0, 0x0, 0xf, 0xff, 0xf2,
    0x2, 0x45, 0x70, 0x0, 0x0, 0x4f, 0xff, 0xe0,
    0xe, 0xff, 0xf9, 0x0, 0x1, 0xdf, 0xff, 0x90,
    0x6, 0xff, 0xff, 0xeb, 0xcf, 0xff, 0xfe, 0x10,
    0x0, 0x8f, 0xff, 0xff, 0xff, 0xff, 0xd2, 0x0,
    0x0, 0x2, 0x8c, 0xef, 0xfd, 0xa5, 0x0, 0x0,

    /* U+011E "Ğ" */
    0x0, 0x0, 0x2, 0x88, 0x10, 0x0, 0x3, 0x87,
    0x0, 0x0, 0x0, 0x0, 0x0, 0x1f, 0xf8, 0x0,
    0x0, 0xcf, 0xc0, 0x0, 0x0, 0x0, 0x0, 0x0,
    0xbf, 0xf9, 0x44, 0xbf, 0xf6, 0x0, 0x0, 0x0,
    0x0, 0x0, 0x1, 0xdf, 0xff, 0xff, 0xfa, 0x0,
    0x0, 0x0, 0x0, 0x0, 0x0, 0x0, 0x8d, 0xff,
    0xc5, 0x0, 0x0, 0x0, 0x0, 0x0, 0x0, 0x0,
    0x0, 0x0, 0x0, 0x0, 0x0, 0x0, 0x0, 0x0,
    0x0, 0x0, 0x0, 0x0, 0x0, 0x0, 0x0, 0x0,
    0x0, 0x0, 0x0, 0x0, 0x16, 0xad, 0xef, 0xfe,
    0xc9, 0x40, 0x0, 0x0, 0x0, 0x0, 0x8f, 0xff,
    0xff, 0xff, 0xff, 0xff, 0xd3, 0x0, 0x0, 0x1,
    0xcf, 0xff, 0xff, 0xff, 0xff, 0xff, 0xff, 0xf5,
    0x0, 0x0, 0xcf, 0xff, 0xff, 0xb7, 0x67, 0x9e,
    0xff, 0xff, 0xf3, 0x0, 0x8f, 0xff, 0xfc, 0x20,
    0x0, 0x0, 0x6, 0xff, 0xff, 0xc0, 0xe, 0xff,
    0xfd, 0x0, 0x0, 0x0, 0x0, 0x5, 0xeb, 0x72,
    0x4, 0xff, 0xff, 0x30, 0x0, 0x0, 0x0, 0x0,
    0x0, 0x0, 0x0, 0x8f, 0xff, 0xe0, 0x0, 0x0,
    0x0, 0x0, 0x0, 0x0, 0x0, 0xa, 0xff, 0xfa,
    0x0, 0x0, 0x0, 0x0, 0x0, 0x0, 0x0, 0x0,
    0xbf, 0xff, 0x90, 0x0, 0x0, 0x8, 0xff, 0xff,
    0xff, 0xff, 0x7b, 0xff, 0xf9, 0x0, 0x0, 0x0,
    0x8f, 0xff, 0xff, 0xff, 0xf7, 0xaf, 0xff, 0xb0,
    0x0, 0x0, 0x8, 0xff, 0xff, 0xff, 0xff, 0x78,
    0xff, 0xfe, 0x0, 0x0, 0x0, 0x12, 0x22, 0x29,
    0xff, 0xf7, 0x4f, 0xff, 0xf4, 0x0, 0x0, 0x0,
    0x0, 0x0, 0x7f, 0xff, 0x70, 0xef, 0xff, 0xd0,
    0x0, 0x0, 0x0, 0x0, 0x7, 0xff, 0xf7, 0x7,
    0xff, 0xff, 0xc2, 0x0, 0x0, 0x0, 0x6, 0xff,
    0xff, 0x70, 0xc, 0xff, 0xff, 0xfb, 0x76, 0x68,
    0xbf, 0xff, 0xff, 0xf4, 0x0, 0x1c, 0xff, 0xff,
    0xff, 0xff, 0xff, 0xff, 0xff, 0xe3, 0x0, 0x0,
    0x8, 0xff, 0xff, 0xff, 0xff, 0xff, 0xfe, 0x70,
    0x0, 0x0, 0x0, 0x0, 0x6a, 0xde, 0xfe, 0xdb,
    0x83, 0x0, 0x0, 0x0,

    /* U+011F "ğ" */
    0x0, 0x3f, 0xf5, 0x0, 0x0, 0x8f, 0xf0, 0x0,
    0x0, 0xe, 0xfe, 0x50, 0x17, 0xff, 0xa0, 0x0,
    0x0, 0x4, 0xff, 0xff, 0xff, 0xfe, 0x10, 0x0,
    0x0, 0x0, 0x4d, 0xff, 0xff, 0xb2, 0x0, 0x0,
    0x0, 0x0, 0x0, 0x24, 0x31, 0x0, 0x0, 0x0,
    0x0, 0x0, 0x0, 0x0, 0x0, 0x0, 0x0, 0x0,
    0x0, 0x5, 0xbe, 0xfd, 0x92, 0xa, 0xff, 0xf4,
    0x0, 0x9f, 0xff, 0xff, 0xff, 0x3b, 0xff, 0xf4,
    0x7, 0xff, 0xff, 0xfd, 0xef, 0xed, 0xff, 0xf3,
    0xe, 0xff, 0xfc, 0x10, 0x5, 0xff, 0xff, 0xf3,
    0x5f, 0xff, 0xf2, 0x0, 0x0, 0x8f, 0xff, 0xf3,
    0x8f, 0xff, 0xc0, 0x0, 0x0, 0x2f, 0xff, 0xf3,
    0xaf, 0xff, 0x90, 0x0, 0x0, 0xe, 0xff, 0xf3,
    0xbf, 0xff, 0x80, 0x0, 0x0, 0xd, 0xff, 0xf3,
    0xbf, 0xff, 0x80, 0x0, 0x0, 0xd, 0xff, 0xf3,
    0xbf, 0xff, 0x90, 0x0, 0x0, 0xf, 0xff, 0xf3,
    0x8f, 0xff, 0xc0, 0x0, 0x0, 0x2f, 0xff, 0xf3,
    0x5f, 0xff, 0xf2, 0x0, 0x0, 0x8f, 0xff, 0xf3,
    0xf, 0xff, 0xfc, 0x20, 0x6, 0xff, 0xff, 0xf3,
    0x8, 0xff, 0xff, 0xfd, 0xef, 0xdd, 0xff, 0xf3,
    0x0, 0xbf, 0xff, 0xff, 0xfe, 0x3d, 0xff, 0xf3,
    0x0, 0x6, 0xcf, 0xfd, 0x81, 0xe, 0xff, 0xf3,
    0x0, 0x0, 0x0, 0x0, 0x0, 0xf, 0xff, 0xf2,
    0x2, 0x45, 0x70, 0x0, 0x0, 0x4f, 0xff, 0xe0,
    0xe, 0xff, 0xf9, 0x0, 0x1, 0xdf, 0xff, 0x90,
    0x6, 0xff, 0xff, 0xeb, 0xcf, 0xff, 0xfe, 0x10,
    0x0, 0x8f, 0xff, 0xff, 0xff, 0xff, 0xd2, 0x0,
    0x0, 0x2, 0x8c, 0xef, 0xfd, 0xa5, 0x0, 0x0,

    /* U+0120 "Ġ" */
    0x0, 0x0, 0x0, 0x0, 0x3f, 0xff, 0xe0, 0x0,
    0x0, 0x0, 0x0, 0x0, 0x0, 0x0, 0x3, 0xff,
    0xfe, 0x0, 0x0, 0x0, 0x0, 0x0, 0x0, 0x0,
    0x0, 0x3f, 0xff, 0xe0, 0x0, 0x0, 0x0, 0x0,
    0x0, 0x0, 0x0, 0x0, 0x0, 0x0, 0x0, 0x0,
    0x0, 0x0, 0x0, 0x0, 0x0, 0x0, 0x0, 0x0,
    0x0, 0x0, 0x0, 0x0, 0x0, 0x0, 0x0, 0x0,
    0x0, 0x0, 0x0, 0x0, 0x0, 0x0, 0x0, 0x0,
    0x0, 0x1, 0x6a, 0xde, 0xff, 0xec, 0x94, 0x0,
    0x0, 0x0, 0x0, 0x8, 0xff, 0xff, 0xff, 0xff,
    0xff, 0xfd, 0x30, 0x0, 0x0, 0x1c, 0xff, 0xff,
    0xff, 0xff, 0xff, 0xff, 0xff, 0x50, 0x0, 0xc,
    0xff, 0xff, 0xfb, 0x76, 0x79, 0xef, 0xff, 0xff,
    0x30, 0x8, 0xff, 0xff, 0xc2, 0x0, 0x0, 0x0,
    0x6f, 0xff, 0xfc, 0x0, 0xef, 0xff, 0xd0, 0x0,
    0x0, 0x0, 0x0, 0x5e, 0xb7, 0x20, 0x4f, 0xff,
    0xf3, 0x0, 0x0, 0x0, 0x0, 0x0, 0x0, 0x0,
    0x8, 0xff, 0xfe, 0x0, 0x0, 0x0, 0x0, 0x0,
    0x0, 0x0, 0x0, 0xaf, 0xff, 0xa0, 0x0, 0x0,
    0x0, 0x0, 0x0, 0x0, 0x0, 0xb, 0xff, 0xf9,
    0x0, 0x0, 0x0, 0x8f, 0xff, 0xff, 0xff, 0xf7,
    0xbf, 0xff, 0x90, 0x0, 0x0, 0x8, 0xff, 0xff,
    0xff, 0xff, 0x7a, 0xff, 0xfb, 0x0, 0x0, 0x0,
    0x8f, 0xff, 0xff, 0xff, 0xf7, 0x8f, 0xff, 0xe0,
    0x0, 0x0, 0x1, 0x22, 0x22, 0x9f, 0xff, 0x74,
    0xff, 0xff, 0x40, 0x0, 0x0, 0x0, 0x0, 0x7,
    0xff, 0xf7, 0xe, 0xff, 0xfd, 0x0, 0x0, 0x0,
    0x0, 0x0, 0x7f, 0xff, 0x70, 0x7f, 0xff, 0xfc,
    0x20, 0x0, 0x0, 0x0, 0x6f, 0xff, 0xf7, 0x0,
    0xcf, 0xff, 0xff, 0xb7, 0x66, 0x8b, 0xff, 0xff,
    0xff, 0x40, 0x1, 0xcf, 0xff, 0xff, 0xff, 0xff,
    0xff, 0xff, 0xfe, 0x30, 0x0, 0x0, 0x8f, 0xff,
    0xff, 0xff, 0xff, 0xff, 0xe7, 0x0, 0x0, 0x0,
    0x0, 0x6, 0xad, 0xef, 0xed, 0xb8, 0x30, 0x0,
    0x0,

    /* U+0121 "ġ" */
    0x0, 0x0, 0x0, 0xef, 0xff, 0x30, 0x0, 0x0,
    0x0, 0x0, 0x0, 0xef, 0xff, 0x30, 0x0, 0x0,
    0x0, 0x0, 0x0, 0xef, 0xff, 0x30, 0x0, 0x0,
    0x0, 0x0, 0x0, 0x0, 0x0, 0x0, 0x0, 0x0,
    0x0, 0x0, 0x0, 0x0, 0x0, 0x0, 0x0, 0x0,
    0x0, 0x0, 0x0, 0x0, 0x0, 0x0, 0x0, 0x0,
    0x0, 0x5, 0xbe, 0xfd, 0x92, 0xa, 0xff, 0xf4,
    0x0, 0x9f, 0xff, 0xff, 0xff, 0x3b, 0xff, 0xf4,
    0x7, 0xff, 0xff, 0xfd, 0xef, 0xed, 0xff, 0xf3,
    0xe, 0xff, 0xfc, 0x10, 0x5, 0xff, 0xff, 0xf3,
    0x5f, 0xff, 0xf2, 0x0, 0x0, 0x8f, 0xff, 0xf3,
    0x8f, 0xff, 0xc0, 0x0, 0x0, 0x2f, 0xff, 0xf3,
    0xaf, 0xff, 0x90, 0x0, 0x0, 0xe, 0xff, 0xf3,
    0xbf, 0xff, 0x80, 0x0, 0x0, 0xd, 0xff, 0xf3,
    0xbf, 0xff, 0x80, 0x0, 0x0, 0xd, 0xff, 0xf3,
    0xbf, 0xff, 0x90, 0x0, 0x0, 0xf, 0xff, 0xf3,
    0x8f, 0xff, 0xc0, 0x0, 0x0, 0x2f, 0xff, 0xf3,
    0x5f, 0xff, 0xf2, 0x0, 0x0, 0x8f, 0xff, 0xf3,
    0xf, 0xff, 0xfc, 0x20, 0x6, 0xff, 0xff, 0xf3,
    0x8, 0xff, 0xff, 0xfd, 0xef, 0xdd, 0xff, 0xf3,
    0x0, 0xbf, 0xff, 0xff, 0xfe, 0x3d, 0xff, 0xf3,
    0x0, 0x6, 0xcf, 0xfd, 0x81, 0xe, 0xff, 0xf3,
    0x0, 0x0, 0x0, 0x0, 0x0, 0xf, 0xff, 0xf2,
    0x2, 0x45, 0x70, 0x0, 0x0, 0x4f, 0xff, 0xe0,
    0xe, 0xff, 0xf9, 0x0, 0x1, 0xdf, 0xff, 0x90,
    0x6, 0xff, 0xff, 0xeb, 0xcf, 0xff, 0xfe, 0x10,
    0x0, 0x8f, 0xff, 0xff, 0xff, 0xff, 0xd2, 0x0,
    0x0, 0x2, 0x8c, 0xef, 0xfd, 0xa5, 0x0, 0x0,

    /* U+0122 "Ģ" */
    0x0, 0x0, 0x1, 0x6a, 0xde, 0xff, 0xec, 0x94,
    0x0, 0x0, 0x0, 0x0, 0x8, 0xff, 0xff, 0xff,
    0xff, 0xff, 0xfd, 0x40, 0x0, 0x0, 0x1c, 0xff,
    0xff, 0xff, 0xff, 0xff, 0xff, 0xff, 0x60, 0x0,
    0xc, 0xff, 0xff, 0xfb, 0x76, 0x79, 0xdf, 0xff,
    0xff, 0x30, 0x8, 0xff, 0xff, 0xc2, 0x0, 0x0,
    0x0, 0x5f, 0xff, 0xfc, 0x0, 0xef, 0xff, 0xd0,
    0x0, 0x0, 0x0, 0x0, 0x4d, 0xa6, 0x20, 0x4f,
    0xff, 0xf3, 0x0, 0x0, 0x0, 0x0, 0x0, 0x0,
    0x0, 0x8, 0xff, 0xfe, 0x0, 0x0, 0x0, 0x0,
    0x0, 0x0, 0x0, 0x0, 0xaf, 0xff, 0xa0, 0x0,
    0x0, 0x1, 0x22, 0x22, 0x22, 0x22, 0x1b, 0xff,
    0xf9, 0x0, 0x0, 0x0, 0x8f, 0xff, 0xff, 0xff,
    0xf7, 0xbf, 0xff, 0x90, 0x0, 0x0, 0x8, 0xff,
    0xff, 0xff, 0xff, 0x7a, 0xff, 0xfb, 0x0, 0x0,
    0x0, 0x8f, 0xff, 0xff, 0xff, 0xf7, 0x8f, 0xff,
    0xe0, 0x0, 0x0, 0x0, 0x0, 0x0, 0x7f, 0xff,
    0x74, 0xff, 0xff, 0x40, 0x0, 0x0, 0x0, 0x0,
    0x7, 0xff, 0xf7, 0xe, 0xff, 0xfd, 0x0, 0x0,
    0x0, 0x0, 0x0, 0x7f, 0xff, 0x70, 0x7f, 0xff,
    0xfc, 0x20, 0x0, 0x0, 0x0, 0x7f, 0xff, 0xf7,
    0x0, 0xcf, 0xff, 0xff, 0xb7, 0x66, 0x8b, 0xff,
    0xff, 0xff, 0x40, 0x1, 0xcf, 0xff, 0xff, 0xff,
    0xff, 0xff, 0xff, 0xfe, 0x30, 0x0, 0x0, 0x8f,
    0xff, 0xff, 0xff, 0xff, 0xff, 0xe7, 0x0, 0x0,
    0x0, 0x0, 0x6, 0xad, 0xef, 0xed, 0xb8, 0x30,
    0x0, 0x0, 0x0, 0x0, 0x0, 0x0, 0x0, 0x0,
    0x0, 0x0, 0x0, 0x0, 0x0, 0x0, 0x0, 0x0,
    0x0, 0xdf, 0xfb, 0x0, 0x0, 0x0, 0x0, 0x0,
    0x0, 0x0, 0x0, 0xd, 0xff, 0xb0, 0x0, 0x0,
    0x0, 0x0, 0x0, 0x0, 0x0, 0x0, 0xdf, 0xfa,
    0x0, 0x0, 0x0, 0x0, 0x0, 0x0, 0x0, 0x0,
    0x0, 0x6f, 0x50, 0x0, 0x0, 0x0, 0x0, 0x0,
    0x0, 0x0, 0x0, 0x3f, 0xb0, 0x0, 0x0, 0x0,
    0x0,

    /* U+0123 "ģ" */
    0x0, 0x0, 0x0, 0x5, 0x83, 0x0, 0x0, 0x0,
    0x0, 0x0, 0x0, 0x1f, 0xf1, 0x0, 0x0, 0x0,
    0x0, 0x0, 0x0, 0x7f, 0x80, 0x0, 0x0, 0x0,
    0x0, 0x0, 0x0, 0xaf, 0x50, 0x0, 0x0, 0x0,
    0x0, 0x0, 0x0, 0xbf, 0xfd, 0x0, 0x0, 0x0,
    0x0, 0x0, 0x0, 0xbf, 0xfd, 0x0, 0x0, 0x0,
    0x0, 0x0, 0x0, 0xbf, 0xfd, 0x0, 0x0, 0x0,
    0x0, 0x0, 0x0, 0x0, 0x0, 0x0, 0x0, 0x0,
    0x0, 0x5, 0xbe, 0xfd, 0x92, 0xa, 0xff, 0xf4,
    0x0, 0x9f, 0xff, 0xff, 0xff, 0x3b, 0xff, 0xf4,
    0x7, 0xff, 0xff, 0xfd, 0xef, 0xed, 0xff, 0xf3,
    0xe, 0xff, 0xfc, 0x10, 0x5, 0xff, 0xff, 0xf3,
    0x5f, 0xff, 0xf2, 0x0, 0x0, 0x8f, 0xff, 0xf3,
    0x8f, 0xff, 0xc0, 0x0, 0x0, 0x2f, 0xff, 0xf3,
    0xaf, 0xff, 0x90, 0x0, 0x0, 0xe, 0xff, 0xf3,
    0xbf, 0xff, 0x80, 0x0, 0x0, 0xd, 0xff, 0xf3,
    0xbf, 0xff, 0x80, 0x0, 0x0, 0xd, 0xff, 0xf3,
    0xbf, 0xff, 0x90, 0x0, 0x0, 0xf, 0xff, 0xf3,
    0x8f, 0xff, 0xc0, 0x0, 0x0, 0x2f, 0xff, 0xf3,
    0x5f, 0xff, 0xf2, 0x0, 0x0, 0x8f, 0xff, 0xf3,
    0xf, 0xff, 0xfc, 0x20, 0x6, 0xff, 0xff, 0xf3,
    0x8, 0xff, 0xff, 0xfd, 0xef, 0xdd, 0xff, 0xf3,
    0x0, 0xbf, 0xff, 0xff, 0xfe, 0x3d, 0xff, 0xf3,
    0x0, 0x6, 0xcf, 0xfd, 0x81, 0xe, 0xff, 0xf3,
    0x0, 0x0, 0x0, 0x0, 0x0, 0xf, 0xff, 0xf2,
    0x2, 0x45, 0x70, 0x0, 0x0, 0x4f, 0xff, 0xe0,
    0xe, 0xff, 0xf9, 0x0, 0x1, 0xdf, 0xff, 0x90,
    0x6, 0xff, 0xff, 0xeb, 0xcf, 0xff, 0xfe, 0x10,
    0x0, 0x8f, 0xff, 0xff, 0xff, 0xff, 0xd2, 0x0,
    0x0, 0x2, 0x8c, 0xef, 0xfd, 0xa5, 0x0, 0x0,

    /* U+0124 "Ĥ" */
    0x0, 0x0, 0x0, 0x7, 0x88, 0x60, 0x0, 0x0,
    0x0, 0x0, 0x0, 0x0, 0xaf, 0xff, 0xf8, 0x0,
    0x0, 0x0, 0x0, 0x0, 0x9, 0xff, 0xff, 0xff,
    0x60, 0x0, 0x0, 0x0, 0x0, 0x7f, 0xfc, 0x22,
    0xdf, 0xf5, 0x0, 0x0, 0x0, 0x5, 0xff, 0x80,
    0x0, 0xa, 0xff, 0x20, 0x0, 0x0, 0x0, 0x0,
    0x0, 0x0, 0x0, 0x0, 0x0, 0x0, 0x0, 0x0,
    0x0, 0x0, 0x0, 0x0, 0x0, 0x0, 0x0, 0xff,
    0xff, 0x50, 0x0, 0x0, 0x0, 0xa, 0xff, 0xfa,
    0xff, 0xff, 0x50, 0x0, 0x0, 0x0, 0xa, 0xff,
    0xfa, 0xff, 0xff, 0x50, 0x0, 0x0, 0x0, 0xa,
    0xff, 0xfa, 0xff, 0xff, 0x50, 0x0, 0x0, 0x0,
    0xa, 0xff, 0xfa, 0xff, 0xff, 0x50, 0x0, 0x0,
    0x0, 0xa, 0xff, 0xfa, 0xff, 0xff, 0x50, 0x0,
    0x0, 0x0, 0xa, 0xff, 0xfa, 0xff, 0xff, 0x50,
    0x0, 0x0, 0x0, 0xa, 0xff, 0xfa, 0xff, 0xff,
    0xb8, 0x88, 0x88, 0x88, 0x8d, 0xff, 0xfa, 0xff,
    0xff, 0xff, 0xff, 0xff, 0xff, 0xff, 0xff, 0xfa,
    0xff, 0xff, 0xff, 0xff, 0xff, 0xff, 0xff, 0xff,
    0xfa, 0xff, 0xff, 0xff, 0xff, 0xff, 0xff, 0xff,
    0xff, 0xfa, 0xff, 0xff, 0x50, 0x0, 0x0, 0x0,
    0xa, 0xff, 0xfa, 0xff, 0xff, 0x50, 0x0, 0x0,
    0x0, 0xa, 0xff, 0xfa, 0xff, 0xff, 0x50, 0x0,
    0x0, 0x0, 0xa, 0xff, 0xfa, 0xff, 0xff, 0x50,
    0x0, 0x0, 0x0, 0xa, 0xff, 0xfa, 0xff, 0xff,
    0x50, 0x0, 0x0, 0x0, 0xa, 0xff, 0xfa, 0xff,
    0xff, 0x50, 0x0, 0x0, 0x0, 0xa, 0xff, 0xfa,
    0xff, 0xff, 0x50, 0x0, 0x0, 0x0, 0xa, 0xff,
    0xfa, 0xff, 0xff, 0x50, 0x0, 0x0, 0x0, 0xa,
    0xff, 0xfa, 0xff, 0xff, 0x50, 0x0, 0x0, 0x0,
    0xa, 0xff, 0xfa,

    /* U+0125 "ĥ" */
    0x0, 0x0, 0xa, 0xff, 0xf9, 0x0, 0x0, 0x0,
    0x0, 0x9, 0xff, 0xff, 0xf8, 0x0, 0x0, 0x0,
    0x8, 0xff, 0xe6, 0xef, 0xf6, 0x0, 0x0, 0x6,
    0xff, 0xa1, 0x1, 0xbf, 0xf5, 0x0, 0x0, 0x78,
    0x50, 0x0, 0x0, 0x68, 0x60, 0x0, 0x0, 0x0,
    0x0, 0x0, 0x0, 0x0, 0x0, 0xef, 0xff, 0x30,
    0x0, 0x0, 0x0, 0x0, 0xe, 0xff, 0xf3, 0x0,
    0x0, 0x0, 0x0, 0x0, 0xef, 0xff, 0x30, 0x0,
    0x0, 0x0, 0x0, 0xe, 0xff, 0xf3, 0x0, 0x0,
    0x0, 0x0, 0x0, 0xef, 0xff, 0x30, 0x0, 0x0,
    0x0, 0x0, 0xe, 0xff, 0xf3, 0x0, 0x0, 0x0,
    0x0, 0x0, 0xef, 0xff, 0x30, 0x4b, 0xef, 0xd9,
    0x10, 0xe, 0xff, 0xf2, 0x8f, 0xff, 0xff, 0xfe,
    0x20, 0xef, 0xff, 0x6f, 0xff, 0xff, 0xff, 0xfb,
    0xe, 0xff, 0xfe, 0xd4, 0x13, 0xdf, 0xff, 0xf2,
    0xef, 0xff, 0xf1, 0x0, 0x2, 0xff, 0xff, 0x5e,
    0xff, 0xf9, 0x0, 0x0, 0xd, 0xff, 0xf6, 0xef,
    0xff, 0x50, 0x0, 0x0, 0xaf, 0xff, 0x7e, 0xff,
    0xf3, 0x0, 0x0, 0xa, 0xff, 0xf7, 0xef, 0xff,
    0x30, 0x0, 0x0, 0xaf, 0xff, 0x7e, 0xff, 0xf3,
    0x0, 0x0, 0xa, 0xff, 0xf7, 0xef, 0xff, 0x30,
    0x0, 0x0, 0xaf, 0xff, 0x7e, 0xff, 0xf3, 0x0,
    0x0, 0xa, 0xff, 0xf7, 0xef, 0xff, 0x30, 0x0,
    0x0, 0xaf, 0xff, 0x7e, 0xff, 0xf3, 0x0, 0x0,
    0xa, 0xff, 0xf7, 0xef, 0xff, 0x30, 0x0, 0x0,
    0xaf, 0xff, 0x7e, 0xff, 0xf3, 0x0, 0x0, 0xa,
    0xff, 0xf7,

    /* U+0126 "Ħ" */
    0x0, 0xff, 0xff, 0x50, 0x0, 0x0, 0x0, 0x8,
    0xff, 0xfa, 0x0, 0x0, 0xff, 0xff, 0x50, 0x0,
    0x0, 0x0, 0x8, 0xff, 0xfa, 0x0, 0x57, 0xff,
    0xff, 0xa7, 0x77, 0x77, 0x77, 0x7b, 0xff, 0xfc,
    0x73, 0xcf, 0xff, 0xff, 0xff, 0xff, 0xff, 0xff,
    0xff, 0xff, 0xff, 0xf7, 0xcf, 0xff, 0xff, 0xff,
    0xff, 0xff, 0xff, 0xff, 0xff, 0xff, 0xf7, 0x0,
    0xff, 0xff, 0x50, 0x0, 0x0, 0x0, 0x8, 0xff,
    0xfa, 0x0, 0x0, 0xff, 0xff, 0x50, 0x0, 0x0,
    0x0, 0x8, 0xff, 0xfa, 0x0, 0x0, 0xff, 0xff,
    0xb8, 0x88, 0x88, 0x88, 0x8c, 0xff, 0xfa, 0x0,
    0x0, 0xff, 0xff, 0xff, 0xff, 0xff, 0xff, 0xff,
    0xff, 0xfa, 0x0, 0x0, 0xff, 0xff, 0xff, 0xff,
    0xff, 0xff, 0xff, 0xff, 0xfa, 0x0, 0x0, 0xff,
    0xff, 0xff, 0xff, 0xff, 0xff, 0xff, 0xff, 0xfa,
    0x0, 0x0, 0xff, 0xff, 0x50, 0x0, 0x0, 0x0,
    0x8, 0xff, 0xfa, 0x0, 0x0, 0xff, 0xff, 0x50,
    0x0, 0x0, 0x0, 0x8, 0xff, 0xfa, 0x0, 0x0,
    0xff, 0xff, 0x50, 0x0, 0x0, 0x0, 0x8, 0xff,
    0xfa, 0x0, 0x0, 0xff, 0xff, 0x50, 0x0, 0x0,
    0x0, 0x8, 0xff, 0xfa, 0x0, 0x0, 0xff, 0xff,
    0x50, 0x0, 0x0, 0x0, 0x8, 0xff, 0xfa, 0x0,
    0x0, 0xff, 0xff, 0x50, 0x0, 0x0, 0x0, 0x8,
    0xff, 0xfa, 0x0, 0x0, 0xff, 0xff, 0x50, 0x0,
    0x0, 0x0, 0x8, 0xff, 0xfa, 0x0, 0x0, 0xff,
    0xff, 0x50, 0x0, 0x0, 0x0, 0x8, 0xff, 0xfa,
    0x0, 0x0, 0xff, 0xff, 0x50, 0x0, 0x0, 0x0,
    0x8, 0xff, 0xfa, 0x0,

    /* U+0127 "ħ" */
    0x0, 0xef, 0xff, 0x30, 0x0, 0x0, 0x0, 0x0,
    0x0, 0xe, 0xff, 0xf3, 0x0, 0x0, 0x0, 0x0,
    0x0, 0x67, 0xff, 0xff, 0x97, 0x77, 0x50, 0x0,
    0x0, 0xd, 0xff, 0xff, 0xff, 0xff, 0xfb, 0x0,
    0x0, 0x0, 0xdf, 0xff, 0xff, 0xff, 0xff, 0xb0,
    0x0, 0x0, 0x0, 0xe, 0xff, 0xf3, 0x0, 0x0,
    0x0, 0x0, 0x0, 0x0, 0xef, 0xff, 0x30, 0x4b,
    0xef, 0xd8, 0x10, 0x0, 0xe, 0xff, 0xf2, 0x8f,
    0xff, 0xff, 0xfd, 0x10, 0x0, 0xef, 0xff, 0x6f,
    0xff, 0xff, 0xff, 0xfa, 0x0, 0xe, 0xff, 0xfe,
    0xd4, 0x14, 0xdf, 0xff, 0xf1, 0x0, 0xef, 0xff,
    0xf2, 0x0, 0x2, 0xff, 0xff, 0x50, 0xe, 0xff,
    0xfa, 0x0, 0x0, 0xd, 0xff, 0xf6, 0x0, 0xef,
    0xff, 0x50, 0x0, 0x0, 0xbf, 0xff, 0x70, 0xe,
    0xff, 0xf4, 0x0, 0x0, 0xa, 0xff, 0xf7, 0x0,
    0xef, 0xff, 0x30, 0x0, 0x0, 0xaf, 0xff, 0x70,
    0xe, 0xff, 0xf3, 0x0, 0x0, 0xa, 0xff, 0xf7,
    0x0, 0xef, 0xff, 0x30, 0x0, 0x0, 0xaf, 0xff,
    0x70, 0xe, 0xff, 0xf3, 0x0, 0x0, 0xa, 0xff,
    0xf7, 0x0, 0xef, 0xff, 0x30, 0x0, 0x0, 0xaf,
    0xff, 0x70, 0xe, 0xff, 0xf3, 0x0, 0x0, 0xa,
    0xff, 0xf7, 0x0, 0xef, 0xff, 0x30, 0x0, 0x0,
    0xaf, 0xff, 0x70, 0xe, 0xff, 0xf3, 0x0, 0x0,
    0xa, 0xff, 0xf7,

    /* U+0128 "Ĩ" */
    0x0, 0x36, 0x50, 0x0, 0x0, 0x76, 0x6, 0xff,
    0xfe, 0x60, 0x5, 0xfd, 0x1f, 0xff, 0xff, 0xfc,
    0x8e, 0xfa, 0x5f, 0xe1, 0x2a, 0xff, 0xff, 0xf4,
    0x7f, 0x90, 0x0, 0x3b, 0xfe, 0x60, 0x0, 0x0,
    0x0, 0x0, 0x0, 0x0, 0x0, 0x0, 0x0, 0x0,
    0x0, 0x0, 0x0, 0x0, 0xff, 0xff, 0x50, 0x0,
    0x0, 0x0, 0xff, 0xff, 0x50, 0x0, 0x0, 0x0,
    0xff, 0xff, 0x50, 0x0, 0x0, 0x0, 0xff, 0xff,
    0x50, 0x0, 0x0, 0x0, 0xff, 0xff, 0x50, 0x0,
    0x0, 0x0, 0xff, 0xff, 0x50, 0x0, 0x0, 0x0,
    0xff, 0xff, 0x50, 0x0, 0x0, 0x0, 0xff, 0xff,
    0x50, 0x0, 0x0, 0x0, 0xff, 0xff, 0x50, 0x0,
    0x0, 0x0, 0xff, 0xff, 0x50, 0x0, 0x0, 0x0,
    0xff, 0xff, 0x50, 0x0, 0x0, 0x0, 0xff, 0xff,
    0x50, 0x0, 0x0, 0x0, 0xff, 0xff, 0x50, 0x0,
    0x0, 0x0, 0xff, 0xff, 0x50, 0x0, 0x0, 0x0,
    0xff, 0xff, 0x50, 0x0, 0x0, 0x0, 0xff, 0xff,
    0x50, 0x0, 0x0, 0x0, 0xff, 0xff, 0x50, 0x0,
    0x0, 0x0, 0xff, 0xff, 0x50, 0x0, 0x0, 0x0,
    0xff, 0xff, 0x50, 0x0, 0x0, 0x0, 0xff, 0xff,
    0x50, 0x0,

    /* U+0129 "ĩ" */
    0x1, 0xbf, 0xd5, 0x0, 0x2, 0xfe, 0xb, 0xff,
    0xff, 0xa0, 0x6, 0xfc, 0x2f, 0xfa, 0xaf, 0xfd,
    0x8e, 0xf8, 0x5f, 0xc0, 0x4, 0xef, 0xff, 0xf2,
    0x7f, 0x90, 0x0, 0x1a, 0xfd, 0x50, 0x0, 0x0,
    0x0, 0x0, 0x0, 0x0, 0x0, 0x0, 0xef, 0xff,
    0x30, 0x0, 0x0, 0x0, 0xef, 0xff, 0x30, 0x0,
    0x0, 0x0, 0xef, 0xff, 0x30, 0x0, 0x0, 0x0,
    0xef, 0xff, 0x30, 0x0, 0x0, 0x0, 0xef, 0xff,
    0x30, 0x0, 0x0, 0x0, 0xef, 0xff, 0x30, 0x0,
    0x0, 0x0, 0xef, 0xff, 0x30, 0x0, 0x0, 0x0,
    0xef, 0xff, 0x30, 0x0, 0x0, 0x0, 0xef, 0xff,
    0x30, 0x0, 0x0, 0x0, 0xef, 0xff, 0x30, 0x0,
    0x0, 0x0, 0xef, 0xff, 0x30, 0x0, 0x0, 0x0,
    0xef, 0xff, 0x30, 0x0, 0x0, 0x0, 0xef, 0xff,
    0x30, 0x0, 0x0, 0x0, 0xef, 0xff, 0x30, 0x0,
    0x0, 0x0, 0xef, 0xff, 0x30, 0x0, 0x0, 0x0,
    0xef, 0xff, 0x30, 0x0,

    /* U+012A "Ī" */
    0x4f, 0xff, 0xff, 0xff, 0xfa, 0x4f, 0xff, 0xff,
    0xff, 0xfa, 0x27, 0x77, 0x77, 0x77, 0x74, 0x0,
    0x0, 0x0, 0x0, 0x0, 0x0, 0x0, 0x0, 0x0,
    0x0, 0x0, 0xf, 0xff, 0xf5, 0x0, 0x0, 0xf,
    0xff, 0xf5, 0x0, 0x0, 0xf, 0xff, 0xf5, 0x0,
    0x0, 0xf, 0xff, 0xf5, 0x0, 0x0, 0xf, 0xff,
    0xf5, 0x0, 0x0, 0xf, 0xff, 0xf5, 0x0, 0x0,
    0xf, 0xff, 0xf5, 0x0, 0x0, 0xf, 0xff, 0xf5,
    0x0, 0x0, 0xf, 0xff, 0xf5, 0x0, 0x0, 0xf,
    0xff, 0xf5, 0x0, 0x0, 0xf, 0xff, 0xf5, 0x0,
    0x0, 0xf, 0xff, 0xf5, 0x0, 0x0, 0xf, 0xff,
    0xf5, 0x0, 0x0, 0xf, 0xff, 0xf5, 0x0, 0x0,
    0xf, 0xff, 0xf5, 0x0, 0x0, 0xf, 0xff, 0xf5,
    0x0, 0x0, 0xf, 0xff, 0xf5, 0x0, 0x0, 0xf,
    0xff, 0xf5, 0x0, 0x0, 0xf, 0xff, 0xf5, 0x0,
    0x0, 0xf, 0xff, 0xf5, 0x0,

    /* U+012B "ī" */
    0x4f, 0xff, 0xff, 0xff, 0xfa, 0x4f, 0xff, 0xff,
    0xff, 0xfa, 0x27, 0x77, 0x77, 0x77, 0x74, 0x0,
    0x0, 0x0, 0x0, 0x0, 0x0, 0xe, 0xff, 0xf3,
    0x0, 0x0, 0xe, 0xff, 0xf3, 0x0, 0x0, 0xe,
    0xff, 0xf3, 0x0, 0x0, 0xe, 0xff, 0xf3, 0x0,
    0x0, 0xe, 0xff, 0xf3, 0x0, 0x0, 0xe, 0xff,
    0xf3, 0x0, 0x0, 0xe, 0xff, 0xf3, 0x0, 0x0,
    0xe, 0xff, 0xf3, 0x0, 0x0, 0xe, 0xff, 0xf3,
    0x0, 0x0, 0xe, 0xff, 0xf3, 0x0, 0x0, 0xe,
    0xff, 0xf3, 0x0, 0x0, 0xe, 0xff, 0xf3, 0x0,
    0x0, 0xe, 0xff, 0xf3, 0x0, 0x0, 0xe, 0xff,
    0xf3, 0x0, 0x0, 0xe, 0xff, 0xf3, 0x0, 0x0,
    0xe, 0xff, 0xf3, 0x0,

    /* U+012C "Ĭ" */
    0x78, 0x30, 0x0, 0x0, 0x88, 0x2c, 0xfd, 0x0,
    0x0, 0x7f, 0xf2, 0x6f, 0xfc, 0x54, 0x8f, 0xfb,
    0x0, 0x9f, 0xff, 0xff, 0xfd, 0x10, 0x0, 0x5c,
    0xff, 0xd8, 0x0, 0x0, 0x0, 0x0, 0x0, 0x0,
    0x0, 0x0, 0x0, 0x0, 0x0, 0x0, 0x0, 0x0,
    0xff, 0xff, 0x50, 0x0, 0x0, 0xf, 0xff, 0xf5,
    0x0, 0x0, 0x0, 0xff, 0xff, 0x50, 0x0, 0x0,
    0xf, 0xff, 0xf5, 0x0, 0x0, 0x0, 0xff, 0xff,
    0x50, 0x0, 0x0, 0xf, 0xff, 0xf5, 0x0, 0x0,
    0x0, 0xff, 0xff, 0x50, 0x0, 0x0, 0xf, 0xff,
    0xf5, 0x0, 0x0, 0x0, 0xff, 0xff, 0x50, 0x0,
    0x0, 0xf, 0xff, 0xf5, 0x0, 0x0, 0x0, 0xff,
    0xff, 0x50, 0x0, 0x0, 0xf, 0xff, 0xf5, 0x0,
    0x0, 0x0, 0xff, 0xff, 0x50, 0x0, 0x0, 0xf,
    0xff, 0xf5, 0x0, 0x0, 0x0, 0xff, 0xff, 0x50,
    0x0, 0x0, 0xf, 0xff, 0xf5, 0x0, 0x0, 0x0,
    0xff, 0xff, 0x50, 0x0, 0x0, 0xf, 0xff, 0xf5,
    0x0, 0x0, 0x0, 0xff, 0xff, 0x50, 0x0, 0x0,
    0xf, 0xff, 0xf5, 0x0, 0x0,

    /* U+012D "ĭ" */
    0xef, 0x90, 0x0, 0x2, 0xff, 0x4a, 0xfe, 0x10,
    0x0, 0x9f, 0xf1, 0x3f, 0xfe, 0x65, 0xaf, 0xf9,
    0x0, 0x7f, 0xff, 0xff, 0xfd, 0x0, 0x0, 0x4b,
    0xff, 0xd8, 0x0, 0x0, 0x0, 0x0, 0x0, 0x0,
    0x0, 0x0, 0xe, 0xff, 0xf3, 0x0, 0x0, 0x0,
    0xef, 0xff, 0x30, 0x0, 0x0, 0xe, 0xff, 0xf3,
    0x0, 0x0, 0x0, 0xef, 0xff, 0x30, 0x0, 0x0,
    0xe, 0xff, 0xf3, 0x0, 0x0, 0x0, 0xef, 0xff,
    0x30, 0x0, 0x0, 0xe, 0xff, 0xf3, 0x0, 0x0,
    0x0, 0xef, 0xff, 0x30, 0x0, 0x0, 0xe, 0xff,
    0xf3, 0x0, 0x0, 0x0, 0xef, 0xff, 0x30, 0x0,
    0x0, 0xe, 0xff, 0xf3, 0x0, 0x0, 0x0, 0xef,
    0xff, 0x30, 0x0, 0x0, 0xe, 0xff, 0xf3, 0x0,
    0x0, 0x0, 0xef, 0xff, 0x30, 0x0, 0x0, 0xe,
    0xff, 0xf3, 0x0, 0x0, 0x0, 0xef, 0xff, 0x30,
    0x0,

    /* U+012E "Į" */
    0xf, 0xff, 0xf5, 0xf, 0xff, 0xf5, 0xf, 0xff,
    0xf5, 0xf, 0xff, 0xf5, 0xf, 0xff, 0xf5, 0xf,
    0xff, 0xf5, 0xf, 0xff, 0xf5, 0xf, 0xff, 0xf5,
    0xf, 0xff, 0xf5, 0xf, 0xff, 0xf5, 0xf, 0xff,
    0xf5, 0xf, 0xff, 0xf5, 0xf, 0xff, 0xf5, 0xf,
    0xff, 0xf5, 0xf, 0xff, 0xf5, 0xf, 0xff, 0xf5,
    0xf, 0xff, 0xf5, 0xf, 0xff, 0xf5, 0xf, 0xff,
    0xf5, 0xf, 0xff, 0xf5, 0x7, 0xfd, 0x10, 0x3f,
    0xf3, 0x0, 0x9f, 0xf0, 0x0, 0xaf, 0xf5, 0x14,
    0x5f, 0xff, 0xff, 0x6, 0xdf, 0xea,

    /* U+012F "į" */
    0xe, 0xff, 0xf3, 0xe, 0xff, 0xf3, 0xe, 0xff,
    0xf3, 0x0, 0x0, 0x0, 0x0, 0x0, 0x0, 0x0,
    0x0, 0x0, 0xe, 0xff, 0xf3, 0xe, 0xff, 0xf3,
    0xe, 0xff, 0xf3, 0xe, 0xff, 0xf3, 0xe, 0xff,
    0xf3, 0xe, 0xff, 0xf3, 0xe, 0xff, 0xf3, 0xe,
    0xff, 0xf3, 0xe, 0xff, 0xf3, 0xe, 0xff, 0xf3,
    0xe, 0xff, 0xf3, 0xe, 0xff, 0xf3, 0xe, 0xff,
    0xf3, 0xe, 0xff, 0xf3, 0xe, 0xff, 0xf3, 0xe,
    0xff, 0xf3, 0xb, 0xfa, 0x0, 0x8f, 0xe0, 0x0,
    0xef, 0xb0, 0x0, 0xef, 0xe3, 0x23, 0x9f, 0xff,
    0xfb, 0x8, 0xdf, 0xe7,

    /* U+0130 "İ" */
    0xdf, 0xff, 0x4d, 0xff, 0xf4, 0xdf, 0xff, 0x40,
    0x0, 0x0, 0x0, 0x0, 0xf, 0xff, 0xf5, 0xff,
    0xff, 0x5f, 0xff, 0xf5, 0xff, 0xff, 0x5f, 0xff,
    0xf5, 0xff, 0xff, 0x5f, 0xff, 0xf5, 0xff, 0xff,
    0x5f, 0xff, 0xf5, 0xff, 0xff, 0x5f, 0xff, 0xf5,
    0xff, 0xff, 0x5f, 0xff, 0xf5, 0xff, 0xff, 0x5f,
    0xff, 0xf5, 0xff, 0xff, 0x5f, 0xff, 0xf5, 0xff,
    0xff, 0x5f, 0xff, 0xf5, 0xff, 0xff, 0x50,

    /* U+0131 "ı" */
    0xef, 0xff, 0x3e, 0xff, 0xf3, 0xef, 0xff, 0x3e,
    0xff, 0xf3, 0xef, 0xff, 0x3e, 0xff, 0xf3, 0xef,
    0xff, 0x3e, 0xff, 0xf3, 0xef, 0xff, 0x3e, 0xff,
    0xf3, 0xef, 0xff, 0x3e, 0xff, 0xf3, 0xef, 0xff,
    0x3e, 0xff, 0xf3, 0xef, 0xff, 0x3e, 0xff, 0xf3,

    /* U+0132 "Ĳ" */
    0xff, 0xff, 0x50, 0x0, 0x0, 0xf, 0xff, 0xff,
    0xff, 0xf7, 0xff, 0xff, 0x50, 0x0, 0x0, 0xf,
    0xff, 0xff, 0xff, 0xf7, 0xff, 0xff, 0x50, 0x0,
    0x0, 0xf, 0xff, 0xff, 0xff, 0xf7, 0xff, 0xff,
    0x50, 0x0, 0x0, 0x5, 0x55, 0x5e, 0xff, 0xf7,
    0xff, 0xff, 0x50, 0x0, 0x0, 0x0, 0x0, 0xd,
    0xff, 0xf7, 0xff, 0xff, 0x50, 0x0, 0x0, 0x0,
    0x0, 0xd, 0xff, 0xf7, 0xff, 0xff, 0x50, 0x0,
    0x0, 0x0, 0x0, 0xd, 0xff, 0xf7, 0xff, 0xff,
    0x50, 0x0, 0x0, 0x0, 0x0, 0xd, 0xff, 0xf7,
    0xff, 0xff, 0x50, 0x0, 0x0, 0x0, 0x0, 0xd,
    0xff, 0xf7, 0xff, 0xff, 0x50, 0x0, 0x0, 0x0,
    0x0, 0xd, 0xff, 0xf7, 0xff, 0xff, 0x50, 0x0,
    0x0, 0x0, 0x0, 0xd, 0xff, 0xf7, 0xff, 0xff,
    0x50, 0x0, 0x0, 0x0, 0x0, 0xd, 0xff, 0xf7,
    0xff, 0xff, 0x50, 0x0, 0x0, 0x0, 0x0, 0xd,
    0xff, 0xf7, 0xff, 0xff, 0x50, 0x0, 0x22, 0x0,
    0x0, 0xd, 0xff, 0xf7, 0xff, 0xff, 0x57, 0xdf,
    0xfd, 0x0, 0x0, 0xf, 0xff, 0xf6, 0xff, 0xff,
    0x56, 0xff, 0xff, 0x40, 0x0, 0x5f, 0xff, 0xf3,
    0xff, 0xff, 0x50, 0xff, 0xff, 0xf9, 0x68, 0xff,
    0xff, 0xd0, 0xff, 0xff, 0x50, 0x6f, 0xff, 0xff,
    0xff, 0xff, 0xff, 0x40, 0xff, 0xff, 0x50, 0x8,
    0xff, 0xff, 0xff, 0xff, 0xf6, 0x0, 0xff, 0xff,
    0x50, 0x0, 0x39, 0xdf, 0xfe, 0xc8, 0x10, 0x0,

    /* U+0133 "ĳ" */
    0xef, 0xff, 0x30, 0x0, 0x9f, 0xff, 0x9e, 0xff,
    0xf3, 0x0, 0x9, 0xff, 0xf9, 0xef, 0xff, 0x30,
    0x0, 0x9f, 0xff, 0x90, 0x0, 0x0, 0x0, 0x0,
    0x0, 0x0, 0x0, 0x0, 0x0, 0x0, 0x0, 0x0,
    0x0, 0x0, 0x0, 0x0, 0x0, 0x0, 0x0, 0xef,
    0xff, 0x30, 0x0, 0x9f, 0xff, 0x9e, 0xff, 0xf3,
    0x0, 0x9, 0xff, 0xf9, 0xef, 0xff, 0x30, 0x0,
    0x9f, 0xff, 0x9e, 0xff, 0xf3, 0x0, 0x9, 0xff,
    0xf9, 0xef, 0xff, 0x30, 0x0, 0x9f, 0xff, 0x9e,
    0xff, 0xf3, 0x0, 0x9, 0xff, 0xf9, 0xef, 0xff,
    0x30, 0x0, 0x9f, 0xff, 0x9e, 0xff, 0xf3, 0x0,
    0x9, 0xff, 0xf9, 0xef, 0xff, 0x30, 0x0, 0x9f,
    0xff, 0x9e, 0xff, 0xf3, 0x0, 0x9, 0xff, 0xf9,
    0xef, 0xff, 0x30, 0x0, 0x9f, 0xff, 0x9e, 0xff,
    0xf3, 0x0, 0x9, 0xff, 0xf9, 0xef, 0xff, 0x30,
    0x0, 0x9f, 0xff, 0x9e, 0xff, 0xf3, 0x0, 0x9,
    0xff, 0xf9, 0xef, 0xff, 0x30, 0x0, 0x9f, 0xff,
    0x9e, 0xff, 0xf3, 0x0, 0x9, 0xff, 0xf9, 0x0,
    0x0, 0x0, 0x0, 0x9f, 0xff, 0x90, 0x0, 0x0,
    0x0, 0xa, 0xff, 0xf8, 0x0, 0x0, 0x0, 0x2,
    0xef, 0xff, 0x70, 0x0, 0x0, 0x2f, 0xff, 0xff,
    0xf4, 0x0, 0x0, 0x2, 0xff, 0xff, 0xfc, 0x0,
    0x0, 0x0, 0x1e, 0xff, 0xe8, 0x0,

    /* U+0134 "Ĵ" */
    0x0, 0x0, 0x0, 0x1, 0xdf, 0xff, 0x40, 0x0,
    0x0, 0x0, 0x0, 0x1d, 0xff, 0xff, 0xf3, 0x0,
    0x0, 0x0, 0x0, 0xcf, 0xfb, 0x8f, 0xfe, 0x20,
    0x0, 0x0, 0xb, 0xff, 0x70, 0x4, 0xef, 0xe1,
    0x0, 0x0, 0x28, 0x83, 0x0, 0x0, 0x17, 0x83,
    0x0, 0x0, 0x0, 0x0, 0x0, 0x0, 0x0, 0x0,
    0x0, 0x0, 0x0, 0x0, 0x0, 0x0, 0x0, 0x0,
    0x0, 0x0, 0x0, 0xcf, 0xff, 0xff, 0xff, 0xa0,
    0x0, 0x0, 0x0, 0xcf, 0xff, 0xff, 0xff, 0xa0,
    0x0, 0x0, 0x0, 0xcf, 0xff, 0xff, 0xff, 0xa0,
    0x0, 0x0, 0x0, 0x45, 0x55, 0xcf, 0xff, 0xa0,
    0x0, 0x0, 0x0, 0x0, 0x0, 0xaf, 0xff, 0xa0,
    0x0, 0x0, 0x0, 0x0, 0x0, 0xaf, 0xff, 0xa0,
    0x0, 0x0, 0x0, 0x0, 0x0, 0xaf, 0xff, 0xa0,
    0x0, 0x0, 0x0, 0x0, 0x0, 0xaf, 0xff, 0xa0,
    0x0, 0x0, 0x0, 0x0, 0x0, 0xaf, 0xff, 0xa0,
    0x0, 0x0, 0x0, 0x0, 0x0, 0xaf, 0xff, 0xa0,
    0x0, 0x0, 0x0, 0x0, 0x0, 0xaf, 0xff, 0xa0,
    0x0, 0x0, 0x0, 0x0, 0x0, 0xaf, 0xff, 0xa0,
    0x0, 0x0, 0x0, 0x0, 0x0, 0xaf, 0xff, 0xa0,
    0x0, 0x1, 0x30, 0x0, 0x0, 0xbf, 0xff, 0xa0,
    0x5d, 0xff, 0xf0, 0x0, 0x0, 0xcf, 0xff, 0x80,
    0x3f, 0xff, 0xf7, 0x0, 0x3, 0xff, 0xff, 0x50,
    0xd, 0xff, 0xff, 0xa6, 0x8e, 0xff, 0xff, 0x10,
    0x4, 0xff, 0xff, 0xff, 0xff, 0xff, 0xf7, 0x0,
    0x0, 0x6f, 0xff, 0xff, 0xff, 0xff, 0x70, 0x0,
    0x0, 0x2, 0x8c, 0xef, 0xfd, 0x92, 0x0, 0x0,

    /* U+0135 "ĵ" */
    0x0, 0x0, 0x58, 0x87, 0x0, 0x0, 0x0, 0x5,
    0xff, 0xff, 0x90, 0x0, 0x0, 0x3f, 0xff, 0xef,
    0xf6, 0x0, 0x1, 0xef, 0xf4, 0x2d, 0xff, 0x30,
    0xc, 0xfe, 0x30, 0x1, 0xdf, 0xe1, 0x28, 0x82,
    0x0, 0x0, 0x17, 0x83, 0x0, 0x0, 0x0, 0x0,
    0x0, 0x0, 0x0, 0x0, 0xef, 0xff, 0x30, 0x0,
    0x0, 0x0, 0xef, 0xff, 0x30, 0x0, 0x0, 0x0,
    0xef, 0xff, 0x30, 0x0, 0x0, 0x0, 0xef, 0xff,
    0x30, 0x0, 0x0, 0x0, 0xef, 0xff, 0x30, 0x0,
    0x0, 0x0, 0xef, 0xff, 0x30, 0x0, 0x0, 0x0,
    0xef, 0xff, 0x30, 0x0, 0x0, 0x0, 0xef, 0xff,
    0x30, 0x0, 0x0, 0x0, 0xef, 0xff, 0x30, 0x0,
    0x0, 0x0, 0xef, 0xff, 0x30, 0x0, 0x0, 0x0,
    0xef, 0xff, 0x30, 0x0, 0x0, 0x0, 0xef, 0xff,
    0x30, 0x0, 0x0, 0x0, 0xef, 0xff, 0x30, 0x0,
    0x0, 0x0, 0xef, 0xff, 0x30, 0x0, 0x0, 0x0,
    0xef, 0xff, 0x30, 0x0, 0x0, 0x0, 0xef, 0xff,
    0x30, 0x0, 0x0, 0x0, 0xef, 0xff, 0x30, 0x0,
    0x0, 0x0, 0xff, 0xff, 0x30, 0x0, 0x0, 0x5,
    0xff, 0xff, 0x20, 0x0, 0x7, 0xff, 0xff, 0xfe,
    0x0, 0x0, 0x7, 0xff, 0xff, 0xf6, 0x0, 0x0,
    0x6, 0xff, 0xfc, 0x50, 0x0, 0x0,

    /* U+0136 "Ķ" */
    0xff, 0xff, 0x50, 0x0, 0x0, 0x0, 0x1c, 0xff,
    0xfe, 0x30, 0xff, 0xff, 0x50, 0x0, 0x0, 0x1,
    0xdf, 0xff, 0xe3, 0x0, 0xff, 0xff, 0x50, 0x0,
    0x0, 0x1d, 0xff, 0xfe, 0x20, 0x0, 0xff, 0xff,
    0x50, 0x0, 0x1, 0xdf, 0xff, 0xe2, 0x0, 0x0,
    0xff, 0xff, 0x50, 0x0, 0x1d, 0xff, 0xfd, 0x10,
    0x0, 0x0, 0xff, 0xff, 0x50, 0x2, 0xef, 0xff,
    0xd1, 0x0, 0x0, 0x0, 0xff, 0xff, 0x50, 0x2e,
    0xff, 0xfc, 0x10, 0x0, 0x0, 0x0, 0xff, 0xff,
    0x52, 0xef, 0xff, 0xc0, 0x0, 0x0, 0x0, 0x0,
    0xff, 0xff, 0x8e, 0xff, 0xff, 0x10, 0x0, 0x0,
    0x0, 0x0, 0xff, 0xff, 0xff, 0xff, 0xff, 0xb0,
    0x0, 0x0, 0x0, 0x0, 0xff, 0xff, 0xff, 0xff,
    0xff, 0xf8, 0x0, 0x0, 0x0, 0x0, 0xff, 0xff,
    0xfc, 0x29, 0xff, 0xff, 0x50, 0x0, 0x0, 0x0,
    0xff, 0xff, 0xa0, 0x0, 0xbf, 0xff, 0xf3, 0x0,
    0x0, 0x0, 0xff, 0xff, 0x50, 0x0, 0x1e, 0xff,
    0xfe, 0x10, 0x0, 0x0, 0xff, 0xff, 0x50, 0x0,
    0x3, 0xff, 0xff, 0xc0, 0x0, 0x0, 0xff, 0xff,
    0x50, 0x0, 0x0, 0x5f, 0xff, 0xfa, 0x0, 0x0,
    0xff, 0xff, 0x50, 0x0, 0x0, 0x8, 0xff, 0xff,
    0x70, 0x0, 0xff, 0xff, 0x50, 0x0, 0x0, 0x0,
    0xbf, 0xff, 0xf5, 0x0, 0xff, 0xff, 0x50, 0x0,
    0x0, 0x0, 0x1d, 0xff, 0xff, 0x30, 0xff, 0xff,
    0x50, 0x0, 0x0, 0x0, 0x2, 0xff, 0xff, 0xe1,
    0x0, 0x0, 0x0, 0x0, 0x0, 0x0, 0x0, 0x0,
    0x0, 0x0, 0x0, 0x0, 0x0, 0xc, 0xff, 0xd0,
    0x0, 0x0, 0x0, 0x0, 0x0, 0x0, 0x0, 0xc,
    0xff, 0xc0, 0x0, 0x0, 0x0, 0x0, 0x0, 0x0,
    0x0, 0xc, 0xff, 0xb0, 0x0, 0x0, 0x0, 0x0,
    0x0, 0x0, 0x0, 0x0, 0x5f, 0x60, 0x0, 0x0,
    0x0, 0x0, 0x0, 0x0, 0x0, 0x2, 0xec, 0x0,
    0x0, 0x0, 0x0, 0x0,

    /* U+0137 "ķ" */
    0xef, 0xff, 0x30, 0x0, 0x0, 0x0, 0x0, 0xe,
    0xff, 0xf3, 0x0, 0x0, 0x0, 0x0, 0x0, 0xef,
    0xff, 0x30, 0x0, 0x0, 0x0, 0x0, 0xe, 0xff,
    0xf3, 0x0, 0x0, 0x0, 0x0, 0x0, 0xef, 0xff,
    0x30, 0x0, 0x0, 0x0, 0x0, 0xe, 0xff, 0xf3,
    0x0, 0x0, 0x0, 0x0, 0x0, 0xef, 0xff, 0x30,
    0x0, 0x9, 0xff, 0xfc, 0xe, 0xff, 0xf3, 0x0,
    0x6, 0xff, 0xfd, 0x10, 0xef, 0xff, 0x30, 0x4,
    0xff, 0xfe, 0x20, 0xe, 0xff, 0xf3, 0x2, 0xff,
    0xff, 0x30, 0x0, 0xef, 0xff, 0x31, 0xef, 0xff,
    0x40, 0x0, 0xe, 0xff, 0xf4, 0xcf, 0xff, 0x60,
    0x0, 0x0, 0xef, 0xff, 0xdf, 0xff, 0xe0, 0x0,
    0x0, 0xe, 0xff, 0xff, 0xff, 0xff, 0x70, 0x0,
    0x0, 0xef, 0xff, 0xff, 0xff, 0xff, 0x20, 0x0,
    0xe, 0xff, 0xfc, 0x29, 0xff, 0xfb, 0x0, 0x0,
    0xef, 0xff, 0x30, 0x1e, 0xff, 0xf5, 0x0, 0xe,
    0xff, 0xf3, 0x0, 0x6f, 0xff, 0xe0, 0x0, 0xef,
    0xff, 0x30, 0x0, 0xdf, 0xff, 0x90, 0xe, 0xff,
    0xf3, 0x0, 0x3, 0xff, 0xff, 0x30, 0xef, 0xff,
    0x30, 0x0, 0xa, 0xff, 0xfc, 0xe, 0xff, 0xf3,
    0x0, 0x0, 0x1f, 0xff, 0xf6, 0x0, 0x0, 0x0,
    0x0, 0x0, 0x0, 0x0, 0x0, 0x0, 0x0, 0xff,
    0xfa, 0x0, 0x0, 0x0, 0x0, 0x0, 0xf, 0xff,
    0x90, 0x0, 0x0, 0x0, 0x0, 0x0, 0xff, 0xf8,
    0x0, 0x0, 0x0, 0x0, 0x0, 0x0, 0x8f, 0x30,
    0x0, 0x0, 0x0, 0x0, 0x0, 0x4f, 0xa0, 0x0,
    0x0, 0x0,

    /* U+0138 "ĸ" */
    0xef, 0xff, 0x30, 0x0, 0x9, 0xff, 0xfc, 0xe,
    0xff, 0xf3, 0x0, 0x6, 0xff, 0xfd, 0x10, 0xef,
    0xff, 0x30, 0x4, 0xff, 0xfe, 0x20, 0xe, 0xff,
    0xf3, 0x2, 0xff, 0xff, 0x30, 0x0, 0xef, 0xff,
    0x31, 0xef, 0xff, 0x40, 0x0, 0xe, 0xff, 0xf4,
    0xcf, 0xff, 0x60, 0x0, 0x0, 0xef, 0xff, 0xdf,
    0xff, 0xe0, 0x0, 0x0, 0xe, 0xff, 0xff, 0xff,
    0xff, 0x70, 0x0, 0x0, 0xef, 0xff, 0xff, 0xff,
    0xff, 0x20, 0x0, 0xe, 0xff, 0xfc, 0x29, 0xff,
    0xfb, 0x0, 0x0, 0xef, 0xff, 0x30, 0x1e, 0xff,
    0xf5, 0x0, 0xe, 0xff, 0xf3, 0x0, 0x6f, 0xff,
    0xe0, 0x0, 0xef, 0xff, 0x30, 0x0, 0xdf, 0xff,
    0x90, 0xe, 0xff, 0xf3, 0x0, 0x3, 0xff, 0xff,
    0x30, 0xef, 0xff, 0x30, 0x0, 0xa, 0xff, 0xfc,
    0xe, 0xff, 0xf3, 0x0, 0x0, 0x1f, 0xff, 0xf6,

    /* U+0139 "Ĺ" */
    0x0, 0x0, 0x5, 0x88, 0x82, 0x0, 0x0, 0x0,
    0x0, 0x0, 0x6f, 0xff, 0xc1, 0x0, 0x0, 0x0,
    0x0, 0x5, 0xff, 0xf8, 0x0, 0x0, 0x0, 0x0,
    0x0, 0x4f, 0xff, 0x40, 0x0, 0x0, 0x0, 0x0,
    0x1, 0xff, 0xc2, 0x0, 0x0, 0x0, 0x0, 0x0,
    0x0, 0x0, 0x0, 0x0, 0x0, 0x0, 0x0, 0x0,
    0x0, 0x0, 0x0, 0x0, 0x0, 0x0, 0x0, 0x0,
    0xff, 0xff, 0x50, 0x0, 0x0, 0x0, 0x0, 0x0,
    0xff, 0xff, 0x50, 0x0, 0x0, 0x0, 0x0, 0x0,
    0xff, 0xff, 0x50, 0x0, 0x0, 0x0, 0x0, 0x0,
    0xff, 0xff, 0x50, 0x0, 0x0, 0x0, 0x0, 0x0,
    0xff, 0xff, 0x50, 0x0, 0x0, 0x0, 0x0, 0x0,
    0xff, 0xff, 0x50, 0x0, 0x0, 0x0, 0x0, 0x0,
    0xff, 0xff, 0x50, 0x0, 0x0, 0x0, 0x0, 0x0,
    0xff, 0xff, 0x50, 0x0, 0x0, 0x0, 0x0, 0x0,
    0xff, 0xff, 0x50, 0x0, 0x0, 0x0, 0x0, 0x0,
    0xff, 0xff, 0x50, 0x0, 0x0, 0x0, 0x0, 0x0,
    0xff, 0xff, 0x50, 0x0, 0x0, 0x0, 0x0, 0x0,
    0xff, 0xff, 0x50, 0x0, 0x0, 0x0, 0x0, 0x0,
    0xff, 0xff, 0x50, 0x0, 0x0, 0x0, 0x0, 0x0,
    0xff, 0xff, 0x50, 0x0, 0x0, 0x0, 0x0, 0x0,
    0xff, 0xff, 0x50, 0x0, 0x0, 0x0, 0x0, 0x0,
    0xff, 0xff, 0x50, 0x0, 0x0, 0x0, 0x0, 0x0,
    0xff, 0xff, 0x85, 0x55, 0x55, 0x55, 0x55, 0x52,
    0xff, 0xff, 0xff, 0xff, 0xff, 0xff, 0xff, 0xf6,
    0xff, 0xff, 0xff, 0xff, 0xff, 0xff, 0xff, 0xf6,
    0xff, 0xff, 0xff, 0xff, 0xff, 0xff, 0xff, 0xf6,

    /* U+013A "ĺ" */
    0x0, 0x0, 0x78, 0x88, 0x0, 0x0, 0xbf, 0xff,
    0x70, 0x0, 0xcf, 0xfc, 0x20, 0x1, 0xcf, 0xf8,
    0x0, 0x0, 0x38, 0x83, 0x0, 0x0, 0x0, 0x0,
    0x0, 0x0, 0x0, 0xe, 0xff, 0xf3, 0x0, 0x0,
    0xef, 0xff, 0x30, 0x0, 0xe, 0xff, 0xf3, 0x0,
    0x0, 0xef, 0xff, 0x30, 0x0, 0xe, 0xff, 0xf3,
    0x0, 0x0, 0xef, 0xff, 0x30, 0x0, 0xe, 0xff,
    0xf3, 0x0, 0x0, 0xef, 0xff, 0x30, 0x0, 0xe,
    0xff, 0xf3, 0x0, 0x0, 0xef, 0xff, 0x30, 0x0,
    0xe, 0xff, 0xf3, 0x0, 0x0, 0xef, 0xff, 0x30,
    0x0, 0xe, 0xff, 0xf3, 0x0, 0x0, 0xef, 0xff,
    0x30, 0x0, 0xe, 0xff, 0xf3, 0x0, 0x0, 0xef,
    0xff, 0x30, 0x0, 0xe, 0xff, 0xf3, 0x0, 0x0,
    0xef, 0xff, 0x30, 0x0, 0xe, 0xff, 0xf3, 0x0,
    0x0, 0xef, 0xff, 0x30, 0x0, 0xe, 0xff, 0xf3,
    0x0, 0x0, 0xef, 0xff, 0x30, 0x0,

    /* U+013B "Ļ" */
    0xff, 0xff, 0x50, 0x0, 0x0, 0x0, 0x0, 0x0,
    0xff, 0xff, 0x50, 0x0, 0x0, 0x0, 0x0, 0x0,
    0xff, 0xff, 0x50, 0x0, 0x0, 0x0, 0x0, 0x0,
    0xff, 0xff, 0x50, 0x0, 0x0, 0x0, 0x0, 0x0,
    0xff, 0xff, 0x50, 0x0, 0x0, 0x0, 0x0, 0x0,
    0xff, 0xff, 0x50, 0x0, 0x0, 0x0, 0x0, 0x0,
    0xff, 0xff, 0x50, 0x0, 0x0, 0x0, 0x0, 0x0,
    0xff, 0xff, 0x50, 0x0, 0x0, 0x0, 0x0, 0x0,
    0xff, 0xff, 0x50, 0x0, 0x0, 0x0, 0x0, 0x0,
    0xff, 0xff, 0x50, 0x0, 0x0, 0x0, 0x0, 0x0,
    0xff, 0xff, 0x50, 0x0, 0x0, 0x0, 0x0, 0x0,
    0xff, 0xff, 0x50, 0x0, 0x0, 0x0, 0x0, 0x0,
    0xff, 0xff, 0x50, 0x0, 0x0, 0x0, 0x0, 0x0,
    0xff, 0xff, 0x50, 0x0, 0x0, 0x0, 0x0, 0x0,
    0xff, 0xff, 0x50, 0x0, 0x0, 0x0, 0x0, 0x0,
    0xff, 0xff, 0x50, 0x0, 0x0, 0x0, 0x0, 0x0,
    0xff, 0xff, 0x85, 0x55, 0x55, 0x55, 0x55, 0x52,
    0xff, 0xff, 0xff, 0xff, 0xff, 0xff, 0xff, 0xf6,
    0xff, 0xff, 0xff, 0xff, 0xff, 0xff, 0xff, 0xf6,
    0xff, 0xff, 0xff, 0xff, 0xff, 0xff, 0xff, 0xf6,
    0x0, 0x0, 0x0, 0x0, 0x0, 0x0, 0x0, 0x0,
    0x0, 0x0, 0x8, 0xff, 0xf1, 0x0, 0x0, 0x0,
    0x0, 0x0, 0x8, 0xff, 0xf1, 0x0, 0x0, 0x0,
    0x0, 0x0, 0x8, 0xff, 0xf0, 0x0, 0x0, 0x0,
    0x0, 0x0, 0x0, 0x1f, 0xb0, 0x0, 0x0, 0x0,
    0x0, 0x0, 0x0, 0xbf, 0x20, 0x0, 0x0, 0x0,

    /* U+013C "ļ" */
    0xef, 0xff, 0x3e, 0xff, 0xf3, 0xef, 0xff, 0x3e,
    0xff, 0xf3, 0xef, 0xff, 0x3e, 0xff, 0xf3, 0xef,
    0xff, 0x3e, 0xff, 0xf3, 0xef, 0xff, 0x3e, 0xff,
    0xf3, 0xef, 0xff, 0x3e, 0xff, 0xf3, 0xef, 0xff,
    0x3e, 0xff, 0xf3, 0xef, 0xff, 0x3e, 0xff, 0xf3,
    0xef, 0xff, 0x3e, 0xff, 0xf3, 0xef, 0xff, 0x3e,
    0xff, 0xf3, 0xef, 0xff, 0x3e, 0xff, 0xf3, 0x0,
    0x0, 0xa, 0xff, 0xf0, 0xaf, 0xff, 0xa, 0xff,
    0xd0, 0x3, 0xf8, 0x1, 0xde, 0x10,

    /* U+013D "Ľ" */
    0xff, 0xff, 0x50, 0x0, 0x2f, 0xff, 0x60, 0x0,
    0xff, 0xff, 0x50, 0x0, 0x2f, 0xff, 0x60, 0x0,
    0xff, 0xff, 0x50, 0x0, 0x2f, 0xff, 0x60, 0x0,
    0xff, 0xff, 0x50, 0x0, 0x0, 0xaf, 0x30, 0x0,
    0xff, 0xff, 0x50, 0x0, 0x1, 0xfd, 0x0, 0x0,
    0xff, 0xff, 0x50, 0x0, 0x7, 0xa3, 0x0, 0x0,
    0xff, 0xff, 0x50, 0x0, 0x0, 0x0, 0x0, 0x0,
    0xff, 0xff, 0x50, 0x0, 0x0, 0x0, 0x0, 0x0,
    0xff, 0xff, 0x50, 0x0, 0x0, 0x0, 0x0, 0x0,
    0xff, 0xff, 0x50, 0x0, 0x0, 0x0, 0x0, 0x0,
    0xff, 0xff, 0x50, 0x0, 0x0, 0x0, 0x0, 0x0,
    0xff, 0xff, 0x50, 0x0, 0x0, 0x0, 0x0, 0x0,
    0xff, 0xff, 0x50, 0x0, 0x0, 0x0, 0x0, 0x0,
    0xff, 0xff, 0x50, 0x0, 0x0, 0x0, 0x0, 0x0,
    0xff, 0xff, 0x50, 0x0, 0x0, 0x0, 0x0, 0x0,
    0xff, 0xff, 0x50, 0x0, 0x0, 0x0, 0x0, 0x0,
    0xff, 0xff, 0x85, 0x55, 0x55, 0x55, 0x55, 0x52,
    0xff, 0xff, 0xff, 0xff, 0xff, 0xff, 0xff, 0xf6,
    0xff, 0xff, 0xff, 0xff, 0xff, 0xff, 0xff, 0xf6,
    0xff, 0xff, 0xff, 0xff, 0xff, 0xff, 0xff, 0xf6,

    /* U+013E "ľ" */
    0xef, 0xff, 0x30, 0xff, 0xf9, 0xef, 0xff, 0x30,
    0xff, 0xf9, 0xef, 0xff, 0x30, 0xff, 0xf8, 0xef,
    0xff, 0x30, 0x8, 0xf6, 0xef, 0xff, 0x30, 0xd,
    0xf1, 0xef, 0xff, 0x30, 0x6d, 0x60, 0xef, 0xff,
    0x30, 0x0, 0x0, 0xef, 0xff, 0x30, 0x0, 0x0,
    0xef, 0xff, 0x30, 0x0, 0x0, 0xef, 0xff, 0x30,
    0x0, 0x0, 0xef, 0xff, 0x30, 0x0, 0x0, 0xef,
    0xff, 0x30, 0x0, 0x0, 0xef, 0xff, 0x30, 0x0,
    0x0, 0xef, 0xff, 0x30, 0x0, 0x0, 0xef, 0xff,
    0x30, 0x0, 0x0, 0xef, 0xff, 0x30, 0x0, 0x0,
    0xef, 0xff, 0x30, 0x0, 0x0, 0xef, 0xff, 0x30,
    0x0, 0x0, 0xef, 0xff, 0x30, 0x0, 0x0, 0xef,
    0xff, 0x30, 0x0, 0x0, 0xef, 0xff, 0x30, 0x0,
    0x0, 0xef, 0xff, 0x30, 0x0, 0x0,

    /* U+013F "Ŀ" */
    0xff, 0xff, 0x50, 0x0, 0x0, 0x0, 0x0, 0x0,
    0xff, 0xff, 0x50, 0x0, 0x0, 0x0, 0x0, 0x0,
    0xff, 0xff, 0x50, 0x0, 0x0, 0x0, 0x0, 0x0,
    0xff, 0xff, 0x50, 0x0, 0x0, 0x0, 0x0, 0x0,
    0xff, 0xff, 0x50, 0x0, 0x0, 0x0, 0x0, 0x0,
    0xff, 0xff, 0x50, 0x0, 0x0, 0x0, 0x0, 0x0,
    0xff, 0xff, 0x50, 0x0, 0x0, 0x0, 0x0, 0x0,
    0xff, 0xff, 0x50, 0x0, 0x0, 0x0, 0x0, 0x0,
    0xff, 0xff, 0x50, 0x3, 0xff, 0xfe, 0x0, 0x0,
    0xff, 0xff, 0x50, 0x3, 0xff, 0xfe, 0x0, 0x0,
    0xff, 0xff, 0x50, 0x3, 0xff, 0xfe, 0x0, 0x0,
    0xff, 0xff, 0x50, 0x0, 0x0, 0x0, 0x0, 0x0,
    0xff, 0xff, 0x50, 0x0, 0x0, 0x0, 0x0, 0x0,
    0xff, 0xff, 0x50, 0x0, 0x0, 0x0, 0x0, 0x0,
    0xff, 0xff, 0x50, 0x0, 0x0, 0x0, 0x0, 0x0,
    0xff, 0xff, 0x50, 0x0, 0x0, 0x0, 0x0, 0x0,
    0xff, 0xff, 0x85, 0x55, 0x55, 0x55, 0x55, 0x52,
    0xff, 0xff, 0xff, 0xff, 0xff, 0xff, 0xff, 0xf6,
    0xff, 0xff, 0xff, 0xff, 0xff, 0xff, 0xff, 0xf6,
    0xff, 0xff, 0xff, 0xff, 0xff, 0xff, 0xff, 0xf6,

    /* U+0140 "ŀ" */
    0xef, 0xff, 0x30, 0x0, 0x0, 0xe, 0xff, 0xf3,
    0x0, 0x0, 0x0, 0xef, 0xff, 0x30, 0x0, 0x0,
    0xe, 0xff, 0xf3, 0x0, 0x0, 0x0, 0xef, 0xff,
    0x30, 0x0, 0x0, 0xe, 0xff, 0xf3, 0x0, 0x0,
    0x0, 0xef, 0xff, 0x30, 0x0, 0x0, 0xe, 0xff,
    0xf3, 0x0, 0x0, 0x0, 0xef, 0xff, 0x30, 0x0,
    0x0, 0xe, 0xff, 0xf3, 0x0, 0x0, 0x0, 0xef,
    0xff, 0x30, 0x3f, 0xff, 0xee, 0xff, 0xf3, 0x3,
    0xff, 0xfe, 0xef, 0xff, 0x30, 0x3f, 0xff, 0xee,
    0xff, 0xf3, 0x0, 0x0, 0x0, 0xef, 0xff, 0x30,
    0x0, 0x0, 0xe, 0xff, 0xf3, 0x0, 0x0, 0x0,
    0xef, 0xff, 0x30, 0x0, 0x0, 0xe, 0xff, 0xf3,
    0x0, 0x0, 0x0, 0xef, 0xff, 0x30, 0x0, 0x0,
    0xe, 0xff, 0xf3, 0x0, 0x0, 0x0, 0xef, 0xff,
    0x30, 0x0, 0x0, 0xe, 0xff, 0xf3, 0x0, 0x0,
    0x0,

    /* U+0141 "Ł" */
    0x0, 0xff, 0xff, 0x50, 0x0, 0x0, 0x0, 0x0,
    0x0, 0x0, 0xff, 0xff, 0x50, 0x0, 0x0, 0x0,
    0x0, 0x0, 0x0, 0xff, 0xff, 0x50, 0x0, 0x0,
    0x0, 0x0, 0x0, 0x0, 0xff, 0xff, 0x50, 0x0,
    0x0, 0x0, 0x0, 0x0, 0x0, 0xff, 0xff, 0x50,
    0x0, 0x0, 0x0, 0x0, 0x0, 0x0, 0xff, 0xff,
    0x50, 0x0, 0x0, 0x0, 0x0, 0x0, 0x0, 0xff,
    0xff, 0x50, 0x29, 0xc0, 0x0, 0x0, 0x0, 0x0,
    0xff, 0xff, 0x8a, 0xff, 0xd0, 0x0, 0x0, 0x0,
    0x0, 0xff, 0xff, 0xff, 0xff, 0xd0, 0x0, 0x0,
    0x0, 0x0, 0xff, 0xff, 0xff, 0xf9, 0x20, 0x0,
    0x0, 0x0, 0x6d, 0xff, 0xff, 0xe8, 0x10, 0x0,
    0x0, 0x0, 0x0, 0xff, 0xff, 0xff, 0x50, 0x0,
    0x0, 0x0, 0x0, 0x0, 0xff, 0xff, 0xff, 0x50,
    0x0, 0x0, 0x0, 0x0, 0x0, 0xc5, 0xff, 0xff,
    0x50, 0x0, 0x0, 0x0, 0x0, 0x0, 0x0, 0xff,
    0xff, 0x50, 0x0, 0x0, 0x0, 0x0, 0x0, 0x0,
    0xff, 0xff, 0x50, 0x0, 0x0, 0x0, 0x0, 0x0,
    0x0, 0xff, 0xff, 0x95, 0x55, 0x55, 0x55, 0x55,
    0x52, 0x0, 0xff, 0xff, 0xff, 0xff, 0xff, 0xff,
    0xff, 0xf6, 0x0, 0xff, 0xff, 0xff, 0xff, 0xff,
    0xff, 0xff, 0xf6, 0x0, 0xff, 0xff, 0xff, 0xff,
    0xff, 0xff, 0xff, 0xf6,

    /* U+0142 "ł" */
    0x0, 0xef, 0xff, 0x30, 0x0, 0xe, 0xff, 0xf3,
    0x0, 0x0, 0xef, 0xff, 0x30, 0x0, 0xe, 0xff,
    0xf3, 0x0, 0x0, 0xef, 0xff, 0x30, 0x0, 0xe,
    0xff, 0xf3, 0x0, 0x0, 0xef, 0xff, 0x30, 0x0,
    0xe, 0xff, 0xf4, 0x81, 0x0, 0xef, 0xff, 0xff,
    0x10, 0xe, 0xff, 0xff, 0xf1, 0x2, 0xff, 0xff,
    0xf9, 0x8, 0xff, 0xff, 0xf5, 0x0, 0xbf, 0xff,
    0xff, 0x30, 0xb, 0xff, 0xff, 0xf3, 0x0, 0x51,
    0xef, 0xff, 0x30, 0x0, 0xe, 0xff, 0xf3, 0x0,
    0x0, 0xef, 0xff, 0x30, 0x0, 0xe, 0xff, 0xf3,
    0x0, 0x0, 0xef, 0xff, 0x30, 0x0, 0xe, 0xff,
    0xf3, 0x0, 0x0, 0xef, 0xff, 0x30, 0x0, 0xe,
    0xff, 0xf3, 0x0,

    /* U+0143 "Ń" */
    0x0, 0x0, 0x0, 0x0, 0x1, 0x78, 0x87, 0x0,
    0x0, 0x0, 0x0, 0x0, 0x0, 0xc, 0xff, 0xf7,
    0x0, 0x0, 0x0, 0x0, 0x0, 0x0, 0xbf, 0xfe,
    0x30, 0x0, 0x0, 0x0, 0x0, 0x0, 0xa, 0xff,
    0xc1, 0x0, 0x0, 0x0, 0x0, 0x0, 0x0, 0x7f,
    0xf8, 0x0, 0x0, 0x0, 0x0, 0x0, 0x0, 0x0,
    0x0, 0x0, 0x0, 0x0, 0x0, 0x0, 0x0, 0x0,
    0x0, 0x0, 0x0, 0x0, 0x0, 0x0, 0x0, 0xff,
    0xff, 0xf3, 0x0, 0x0, 0x0, 0x3, 0xff, 0xfa,
    0xff, 0xff, 0xfc, 0x0, 0x0, 0x0, 0x3, 0xff,
    0xfa, 0xff, 0xff, 0xff, 0x60, 0x0, 0x0, 0x3,
    0xff, 0xfa, 0xff, 0xff, 0xff, 0xe1, 0x0, 0x0,
    0x3, 0xff, 0xfa, 0xff, 0xff, 0xff, 0xf9, 0x0,
    0x0, 0x3, 0xff, 0xfa, 0xff, 0xfb, 0xdf, 0xff,
    0x20, 0x0, 0x3, 0xff, 0xfa, 0xff, 0xfc, 0x4f,
    0xff, 0xc0, 0x0, 0x3, 0xff, 0xfa, 0xff, 0xfd,
    0xb, 0xff, 0xf5, 0x0, 0x3, 0xff, 0xfa, 0xff,
    0xfd, 0x2, 0xff, 0xfe, 0x0, 0x3, 0xff, 0xfa,
    0xff, 0xfd, 0x0, 0x8f, 0xff, 0x80, 0x3, 0xff,
    0xfa, 0xff, 0xfd, 0x0, 0xe, 0xff, 0xf2, 0x3,
    0xff, 0xfa, 0xff, 0xfd, 0x0, 0x6, 0xff, 0xfb,
    0x2, 0xff, 0xfa, 0xff, 0xfd, 0x0, 0x0, 0xcf,
    0xff, 0x42, 0xff, 0xfa, 0xff, 0xfd, 0x0, 0x0,
    0x3f, 0xff, 0xd2, 0xff, 0xfa, 0xff, 0xfd, 0x0,
    0x0, 0xa, 0xff, 0xf7, 0xff, 0xfa, 0xff, 0xfd,
    0x0, 0x0, 0x1, 0xff, 0xff, 0xff, 0xfa, 0xff,
    0xfd, 0x0, 0x0, 0x0, 0x7f, 0xff, 0xff, 0xfa,
    0xff, 0xfd, 0x0, 0x0, 0x0, 0xd, 0xff, 0xff,
    0xfa, 0xff, 0xfd, 0x0, 0x0, 0x0, 0x4, 0xff,
    0xff, 0xfa, 0xff, 0xfd, 0x0, 0x0, 0x0, 0x0,
    0xbf, 0xff, 0xfa,

    /* U+0144 "ń" */
    0x0, 0x0, 0x0, 0x0, 0xb, 0xff, 0xf5, 0x0,
    0x0, 0x0, 0x0, 0x0, 0xaf, 0xff, 0x60, 0x0,
    0x0, 0x0, 0x0, 0x7, 0xff, 0xe4, 0x0, 0x0,
    0x0, 0x0, 0x0, 0x5f, 0xfd, 0x20, 0x0, 0x0,
    0x0, 0x0, 0x0, 0xcc, 0xa1, 0x0, 0x0, 0x0,
    0x0, 0x0, 0x0, 0x0, 0x0, 0x0, 0x0, 0x0,
    0xf, 0xff, 0xf0, 0x4, 0xbe, 0xfd, 0x91, 0x0,
    0xf, 0xff, 0xf0, 0x8f, 0xff, 0xff, 0xfe, 0x20,
    0xe, 0xff, 0xf5, 0xff, 0xff, 0xff, 0xff, 0xb0,
    0xe, 0xff, 0xfe, 0xd4, 0x13, 0xdf, 0xff, 0xf2,
    0xe, 0xff, 0xff, 0x10, 0x0, 0x2f, 0xff, 0xf5,
    0xe, 0xff, 0xf9, 0x0, 0x0, 0xd, 0xff, 0xf6,
    0xe, 0xff, 0xf5, 0x0, 0x0, 0xa, 0xff, 0xf7,
    0xe, 0xff, 0xf3, 0x0, 0x0, 0xa, 0xff, 0xf7,
    0xe, 0xff, 0xf3, 0x0, 0x0, 0xa, 0xff, 0xf7,
    0xe, 0xff, 0xf3, 0x0, 0x0, 0xa, 0xff, 0xf7,
    0xe, 0xff, 0xf3, 0x0, 0x0, 0xa, 0xff, 0xf7,
    0xe, 0xff, 0xf3, 0x0, 0x0, 0xa, 0xff, 0xf7,
    0xe, 0xff, 0xf3, 0x0, 0x0, 0xa, 0xff, 0xf7,
    0xe, 0xff, 0xf3, 0x0, 0x0, 0xa, 0xff, 0xf7,
    0xe, 0xff, 0xf3, 0x0, 0x0, 0xa, 0xff, 0xf7,
    0xe, 0xff, 0xf3, 0x0, 0x0, 0xa, 0xff, 0xf7,

    /* U+0145 "Ņ" */
    0xff, 0xff, 0xf3, 0x0, 0x0, 0x0, 0x3, 0xff,
    0xfa, 0xff, 0xff, 0xfc, 0x0, 0x0, 0x0, 0x3,
    0xff, 0xfa, 0xff, 0xff, 0xff, 0x60, 0x0, 0x0,
    0x3, 0xff, 0xfa, 0xff, 0xff, 0xff, 0xe1, 0x0,
    0x0, 0x3, 0xff, 0xfa, 0xff, 0xff, 0xff, 0xf9,
    0x0, 0x0, 0x3, 0xff, 0xfa, 0xff, 0xfb, 0xdf,
    0xff, 0x20, 0x0, 0x3, 0xff, 0xfa, 0xff, 0xfc,
    0x4f, 0xff, 0xc0, 0x0, 0x3, 0xff, 0xfa, 0xff,
    0xfd, 0xb, 0xff, 0xf5, 0x0, 0x3, 0xff, 0xfa,
    0xff, 0xfd, 0x2, 0xff, 0xfe, 0x0, 0x3, 0xff,
    0xfa, 0xff, 0xfd, 0x0, 0x8f, 0xff, 0x80, 0x3,
    0xff, 0xfa, 0xff, 0xfd, 0x0, 0xe, 0xff, 0xf2,
    0x3, 0xff, 0xfa, 0xff, 0xfd, 0x0, 0x6, 0xff,
    0xfb, 0x2, 0xff, 0xfa, 0xff, 0xfd, 0x0, 0x0,
    0xcf, 0xff, 0x42, 0xff, 0xfa, 0xff, 0xfd, 0x0,
    0x0, 0x3f, 0xff, 0xd2, 0xff, 0xfa, 0xff, 0xfd,
    0x0, 0x0, 0xa, 0xff, 0xf7, 0xff, 0xfa, 0xff,
    0xfd, 0x0, 0x0, 0x1, 0xff, 0xff, 0xff, 0xfa,
    0xff, 0xfd, 0x0, 0x0, 0x0, 0x7f, 0xff, 0xff,
    0xfa, 0xff, 0xfd, 0x0, 0x0, 0x0, 0xd, 0xff,
    0xff, 0xfa, 0xff, 0xfd, 0x0, 0x0, 0x0, 0x4,
    0xff, 0xff, 0xfa, 0xff, 0xfd, 0x0, 0x0, 0x0,
    0x0, 0xbf, 0xff, 0xfa, 0x0, 0x0, 0x0, 0x0,
    0x0, 0x0, 0x0, 0x0, 0x0, 0x0, 0x0, 0x0,
    0xf, 0xff, 0x80, 0x0, 0x0, 0x0, 0x0, 0x0,
    0x0, 0xf, 0xff, 0x80, 0x0, 0x0, 0x0, 0x0,
    0x0, 0x0, 0xf, 0xff, 0x70, 0x0, 0x0, 0x0,
    0x0, 0x0, 0x0, 0x0, 0x9f, 0x20, 0x0, 0x0,
    0x0, 0x0, 0x0, 0x0, 0x5, 0xf8, 0x0, 0x0,
    0x0, 0x0,

    /* U+0146 "ņ" */
    0xf, 0xff, 0xf0, 0x4, 0xbe, 0xfd, 0x91, 0x0,
    0xf, 0xff, 0xf0, 0x8f, 0xff, 0xff, 0xfe, 0x20,
    0xe, 0xff, 0xf5, 0xff, 0xff, 0xff, 0xff, 0xb0,
    0xe, 0xff, 0xfe, 0xd4, 0x13, 0xdf, 0xff, 0xf2,
    0xe, 0xff, 0xff, 0x10, 0x0, 0x2f, 0xff, 0xf5,
    0xe, 0xff, 0xf9, 0x0, 0x0, 0xd, 0xff, 0xf6,
    0xe, 0xff, 0xf5, 0x0, 0x0, 0xa, 0xff, 0xf7,
    0xe, 0xff, 0xf3, 0x0, 0x0, 0xa, 0xff, 0xf7,
    0xe, 0xff, 0xf3, 0x0, 0x0, 0xa, 0xff, 0xf7,
    0xe, 0xff, 0xf3, 0x0, 0x0, 0xa, 0xff, 0xf7,
    0xe, 0xff, 0xf3, 0x0, 0x0, 0xa, 0xff, 0xf7,
    0xe, 0xff, 0xf3, 0x0, 0x0, 0xa, 0xff, 0xf7,
    0xe, 0xff, 0xf3, 0x0, 0x0, 0xa, 0xff, 0xf7,
    0xe, 0xff, 0xf3, 0x0, 0x0, 0xa, 0xff, 0xf7,
    0xe, 0xff, 0xf3, 0x0, 0x0, 0xa, 0xff, 0xf7,
    0xe, 0xff, 0xf3, 0x0, 0x0, 0xa, 0xff, 0xf7,
    0x0, 0x0, 0x0, 0x0, 0x0, 0x0, 0x0, 0x0,
    0x0, 0x0, 0x0, 0x7f, 0xff, 0x20, 0x0, 0x0,
    0x0, 0x0, 0x0, 0x7f, 0xff, 0x10, 0x0, 0x0,
    0x0, 0x0, 0x0, 0x7f, 0xff, 0x0, 0x0, 0x0,
    0x0, 0x0, 0x0, 0x1, 0xfb, 0x0, 0x0, 0x0,
    0x0, 0x0, 0x0, 0xb, 0xf2, 0x0, 0x0, 0x0,

    /* U+0147 "Ň" */
    0x0, 0x5, 0x87, 0x0, 0x0, 0x4, 0x88, 0x10,
    0x0, 0x0, 0x2, 0xff, 0xd3, 0x0, 0x8f, 0xf9,
    0x0, 0x0, 0x0, 0x0, 0x3f, 0xff, 0x7b, 0xff,
    0xb0, 0x0, 0x0, 0x0, 0x0, 0x4, 0xff, 0xff,
    0xfc, 0x0, 0x0, 0x0, 0x0, 0x0, 0x0, 0x5f,
    0xff, 0xd1, 0x0, 0x0, 0x0, 0x0, 0x0, 0x0,
    0x0, 0x0, 0x0, 0x0, 0x0, 0x0, 0x0, 0x0,
    0x0, 0x0, 0x0, 0x0, 0x0, 0x0, 0x0, 0xff,
    0xff, 0xf3, 0x0, 0x0, 0x0, 0x3, 0xff, 0xfa,
    0xff, 0xff, 0xfc, 0x0, 0x0, 0x0, 0x3, 0xff,
    0xfa, 0xff, 0xff, 0xff, 0x60, 0x0, 0x0, 0x3,
    0xff, 0xfa, 0xff, 0xff, 0xff, 0xe1, 0x0, 0x0,
    0x3, 0xff, 0xfa, 0xff, 0xff, 0xff, 0xf9, 0x0,
    0x0, 0x3, 0xff, 0xfa, 0xff, 0xfb, 0xdf, 0xff,
    0x20, 0x0, 0x3, 0xff, 0xfa, 0xff, 0xfc, 0x4f,
    0xff, 0xc0, 0x0, 0x3, 0xff, 0xfa, 0xff, 0xfd,
    0xb, 0xff, 0xf5, 0x0, 0x3, 0xff, 0xfa, 0xff,
    0xfd, 0x2, 0xff, 0xfe, 0x0, 0x3, 0xff, 0xfa,
    0xff, 0xfd, 0x0, 0x8f, 0xff, 0x80, 0x3, 0xff,
    0xfa, 0xff, 0xfd, 0x0, 0xe, 0xff, 0xf2, 0x3,
    0xff, 0xfa, 0xff, 0xfd, 0x0, 0x6, 0xff, 0xfb,
    0x2, 0xff, 0xfa, 0xff, 0xfd, 0x0, 0x0, 0xcf,
    0xff, 0x42, 0xff, 0xfa, 0xff, 0xfd, 0x0, 0x0,
    0x3f, 0xff, 0xd2, 0xff, 0xfa, 0xff, 0xfd, 0x0,
    0x0, 0xa, 0xff, 0xf7, 0xff, 0xfa, 0xff, 0xfd,
    0x0, 0x0, 0x1, 0xff, 0xff, 0xff, 0xfa, 0xff,
    0xfd, 0x0, 0x0, 0x0, 0x7f, 0xff, 0xff, 0xfa,
    0xff, 0xfd, 0x0, 0x0, 0x0, 0xd, 0xff, 0xff,
    0xfa, 0xff, 0xfd, 0x0, 0x0, 0x0, 0x4, 0xff,
    0xff, 0xfa, 0xff, 0xfd, 0x0, 0x0, 0x0, 0x0,
    0xbf, 0xff, 0xfa,

    /* U+0148 "ň" */
    0x0, 0x5f, 0xf7, 0x0, 0x0, 0x8f, 0xf3, 0x0,
    0x0, 0x9, 0xff, 0x80, 0x9, 0xff, 0x70, 0x0,
    0x0, 0x0, 0xbf, 0xfa, 0xaf, 0xfa, 0x0, 0x0,
    0x0, 0x0, 0x1d, 0xff, 0xff, 0xd0, 0x0, 0x0,
    0x0, 0x0, 0x2, 0xef, 0xfe, 0x20, 0x0, 0x0,
    0x0, 0x0, 0x0, 0x0, 0x0, 0x0, 0x0, 0x0,
    0xf, 0xff, 0xf0, 0x4, 0xbe, 0xfd, 0x91, 0x0,
    0xf, 0xff, 0xf0, 0x8f, 0xff, 0xff, 0xfe, 0x20,
    0xe, 0xff, 0xf5, 0xff, 0xff, 0xff, 0xff, 0xb0,
    0xe, 0xff, 0xfe, 0xd4, 0x13, 0xdf, 0xff, 0xf2,
    0xe, 0xff, 0xff, 0x10, 0x0, 0x2f, 0xff, 0xf5,
    0xe, 0xff, 0xf9, 0x0, 0x0, 0xd, 0xff, 0xf6,
    0xe, 0xff, 0xf5, 0x0, 0x0, 0xa, 0xff, 0xf7,
    0xe, 0xff, 0xf3, 0x0, 0x0, 0xa, 0xff, 0xf7,
    0xe, 0xff, 0xf3, 0x0, 0x0, 0xa, 0xff, 0xf7,
    0xe, 0xff, 0xf3, 0x0, 0x0, 0xa, 0xff, 0xf7,
    0xe, 0xff, 0xf3, 0x0, 0x0, 0xa, 0xff, 0xf7,
    0xe, 0xff, 0xf3, 0x0, 0x0, 0xa, 0xff, 0xf7,
    0xe, 0xff, 0xf3, 0x0, 0x0, 0xa, 0xff, 0xf7,
    0xe, 0xff, 0xf3, 0x0, 0x0, 0xa, 0xff, 0xf7,
    0xe, 0xff, 0xf3, 0x0, 0x0, 0xa, 0xff, 0xf7,
    0xe, 0xff, 0xf3, 0x0, 0x0, 0xa, 0xff, 0xf7,

    /* U+0149 "ŉ" */
    0x4f, 0xff, 0xf0, 0x0, 0x0, 0x0, 0x0, 0x0,
    0x0, 0x0, 0x4, 0xff, 0xff, 0x0, 0x0, 0x0,
    0x0, 0x0, 0x0, 0x0, 0x0, 0x4f, 0xff, 0xe0,
    0x0, 0x0, 0x0, 0x0, 0x0, 0x0, 0x0, 0x3,
    0xcd, 0xfe, 0x0, 0x0, 0x0, 0x0, 0x0, 0x0,
    0x0, 0x0, 0x0, 0x8f, 0xc1, 0xff, 0xfd, 0x0,
    0x5b, 0xef, 0xd8, 0x10, 0x0, 0xc, 0xf9, 0xf,
    0xff, 0xf0, 0x9f, 0xff, 0xff, 0xfd, 0x10, 0x4,
    0xff, 0x30, 0xff, 0xff, 0x5f, 0xff, 0xff, 0xff,
    0xfa, 0x1, 0xdf, 0x90, 0xf, 0xff, 0xfe, 0xc3,
    0x14, 0xdf, 0xff, 0xf1, 0x0, 0x0, 0x0, 0xff,
    0xff, 0xe1, 0x0, 0x3, 0xff, 0xff, 0x40, 0x0,
    0x0, 0xf, 0xff, 0xf8, 0x0, 0x0, 0xe, 0xff,
    0xf5, 0x0, 0x0, 0x0, 0xff, 0xff, 0x40, 0x0,
    0x0, 0xbf, 0xff, 0x60, 0x0, 0x0, 0xf, 0xff,
    0xf2, 0x0, 0x0, 0xb, 0xff, 0xf6, 0x0, 0x0,
    0x0, 0xff, 0xff, 0x20, 0x0, 0x0, 0xbf, 0xff,
    0x60, 0x0, 0x0, 0xf, 0xff, 0xf2, 0x0, 0x0,
    0xb, 0xff, 0xf6, 0x0, 0x0, 0x0, 0xff, 0xff,
    0x20, 0x0, 0x0, 0xbf, 0xff, 0x60, 0x0, 0x0,
    0xf, 0xff, 0xf2, 0x0, 0x0, 0xb, 0xff, 0xf6,
    0x0, 0x0, 0x0, 0xff, 0xff, 0x20, 0x0, 0x0,
    0xbf, 0xff, 0x60, 0x0, 0x0, 0xf, 0xff, 0xf2,
    0x0, 0x0, 0xb, 0xff, 0xf6, 0x0, 0x0, 0x0,
    0xff, 0xff, 0x20, 0x0, 0x0, 0xbf, 0xff, 0x60,
    0x0, 0x0, 0xf, 0xff, 0xf2, 0x0, 0x0, 0xb,
    0xff, 0xf6,

    /* U+014A "Ŋ" */
    0xf, 0xff, 0xf3, 0x0, 0x18, 0xcf, 0xfe, 0xc7,
    0x0, 0x0, 0xff, 0xff, 0x30, 0x6f, 0xff, 0xff,
    0xff, 0xfd, 0x20, 0xf, 0xff, 0xf4, 0x9f, 0xff,
    0xff, 0xff, 0xff, 0xfc, 0x0, 0xff, 0xff, 0xaf,
    0xfd, 0x75, 0x6a, 0xff, 0xff, 0xf3, 0xf, 0xff,
    0xff, 0xf6, 0x0, 0x0, 0x4, 0xff, 0xff, 0x80,
    0xff, 0xff, 0xf5, 0x0, 0x0, 0x0, 0xb, 0xff,
    0xfb, 0xf, 0xff, 0xfc, 0x0, 0x0, 0x0, 0x0,
    0x7f, 0xff, 0xc0, 0xff, 0xff, 0x70, 0x0, 0x0,
    0x0, 0x5, 0xff, 0xfd, 0xf, 0xff, 0xf5, 0x0,
    0x0, 0x0, 0x0, 0x5f, 0xff, 0xd0, 0xff, 0xff,
    0x50, 0x0, 0x0, 0x0, 0x5, 0xff, 0xfd, 0xf,
    0xff, 0xf5, 0x0, 0x0, 0x0, 0x0, 0x5f, 0xff,
    0xd0, 0xff, 0xff, 0x50, 0x0, 0x0, 0x0, 0x5,
    0xff, 0xfd, 0xf, 0xff, 0xf5, 0x0, 0x0, 0x0,
    0x0, 0x5f, 0xff, 0xd0, 0xff, 0xff, 0x50, 0x0,
    0x0, 0x0, 0x5, 0xff, 0xfc, 0xf, 0xff, 0xf5,
    0x0, 0x0, 0x0, 0x0, 0x7f, 0xff, 0xa0, 0xff,
    0xff, 0x50, 0x2, 0xb1, 0x0, 0xd, 0xff, 0xf7,
    0xf, 0xff, 0xf5, 0x4, 0xef, 0xe8, 0x6b, 0xff,
    0xff, 0x20, 0xff, 0xff, 0x52, 0xff, 0xff, 0xff,
    0xff, 0xff, 0xb0, 0xf, 0xff, 0xf5, 0x6, 0xff,
    0xff, 0xff, 0xff, 0xc1, 0x0, 0xff, 0xff, 0x50,
    0x2, 0x9d, 0xff, 0xeb, 0x60, 0x0,

    /* U+014B "ŋ" */
    0xf, 0xff, 0xf0, 0x4, 0xbe, 0xfd, 0x91, 0x0,
    0xf, 0xff, 0xf0, 0x8f, 0xff, 0xff, 0xfe, 0x20,
    0xe, 0xff, 0xf5, 0xff, 0xff, 0xff, 0xff, 0xb0,
    0xe, 0xff, 0xfe, 0xd4, 0x13, 0xdf, 0xff, 0xf2,
    0xe, 0xff, 0xff, 0x10, 0x0, 0x2f, 0xff, 0xf5,
    0xe, 0xff, 0xf9, 0x0, 0x0, 0xc, 0xff, 0xf7,
    0xe, 0xff, 0xf5, 0x0, 0x0, 0xa, 0xff, 0xf7,
    0xe, 0xff, 0xf3, 0x0, 0x0, 0xa, 0xff, 0xf7,
    0xe, 0xff, 0xf3, 0x0, 0x0, 0xa, 0xff, 0xf7,
    0xe, 0xff, 0xf3, 0x0, 0x0, 0xa, 0xff, 0xf7,
    0xe, 0xff, 0xf3, 0x0, 0x0, 0xa, 0xff, 0xf7,
    0xe, 0xff, 0xf3, 0x0, 0x0, 0xa, 0xff, 0xf7,
    0xe, 0xff, 0xf3, 0x0, 0x0, 0xa, 0xff, 0xf7,
    0xe, 0xff, 0xf3, 0x0, 0x0, 0xa, 0xff, 0xf7,
    0xe, 0xff, 0xf3, 0x0, 0x0, 0xa, 0xff, 0xf7,
    0xe, 0xff, 0xf3, 0x0, 0x0, 0xa, 0xff, 0xf7,
    0x0, 0x0, 0x0, 0x0, 0x0, 0xa, 0xff, 0xf7,
    0x0, 0x0, 0x0, 0x0, 0x0, 0xb, 0xff, 0xf7,
    0x0, 0x0, 0x0, 0x0, 0x0, 0x2f, 0xff, 0xf6,
    0x0, 0x0, 0x0, 0x0, 0x3f, 0xff, 0xff, 0xf3,
    0x0, 0x0, 0x0, 0x0, 0x3f, 0xff, 0xff, 0xb0,
    0x0, 0x0, 0x0, 0x0, 0x3e, 0xff, 0xd8, 0x0,

    /* U+014C "Ō" */
    0x0, 0x0, 0x0, 0xdf, 0xff, 0xff, 0xff, 0xf2,
    0x0, 0x0, 0x0, 0x0, 0x0, 0x0, 0xdf, 0xff,
    0xff, 0xff, 0xf2, 0x0, 0x0, 0x0, 0x0, 0x0,
    0x0, 0x67, 0x77, 0x77, 0x77, 0x71, 0x0, 0x0,
    0x0, 0x0, 0x0, 0x0, 0x0, 0x0, 0x0, 0x0,
    0x0, 0x0, 0x0, 0x0, 0x0, 0x0, 0x0, 0x0,
    0x0, 0x0, 0x0, 0x0, 0x0, 0x0, 0x0, 0x0,
    0x0, 0x0, 0x6a, 0xde, 0xfe, 0xdb, 0x71, 0x0,
    0x0, 0x0, 0x0, 0x0, 0x7e, 0xff, 0xff, 0xff,
    0xff, 0xff, 0xa1, 0x0, 0x0, 0x0, 0x1c, 0xff,
    0xff, 0xff, 0xff, 0xff, 0xff, 0xfe, 0x30, 0x0,
    0x0, 0xbf, 0xff, 0xff, 0xb7, 0x67, 0xae, 0xff,
    0xff, 0xe1, 0x0, 0x7, 0xff, 0xff, 0xc2, 0x0,
    0x0, 0x0, 0x9f, 0xff, 0xfb, 0x0, 0xe, 0xff,
    0xfd, 0x0, 0x0, 0x0, 0x0, 0xa, 0xff, 0xff,
    0x30, 0x4f, 0xff, 0xf4, 0x0, 0x0, 0x0, 0x0,
    0x1, 0xff, 0xff, 0x90, 0x8f, 0xff, 0xe0, 0x0,
    0x0, 0x0, 0x0, 0x0, 0xaf, 0xff, 0xd0, 0xaf,
    0xff, 0xb0, 0x0, 0x0, 0x0, 0x0, 0x0, 0x7f,
    0xff, 0xf0, 0xbf, 0xff, 0x90, 0x0, 0x0, 0x0,
    0x0, 0x0, 0x5f, 0xff, 0xf0, 0xbf, 0xff, 0x90,
    0x0, 0x0, 0x0, 0x0, 0x0, 0x5f, 0xff, 0xf0,
    0xaf, 0xff, 0xb0, 0x0, 0x0, 0x0, 0x0, 0x0,
    0x7f, 0xff, 0xf0, 0x7f, 0xff, 0xe0, 0x0, 0x0,
    0x0, 0x0, 0x0, 0xaf, 0xff, 0xc0, 0x3f, 0xff,
    0xf5, 0x0, 0x0, 0x0, 0x0, 0x1, 0xff, 0xff,
    0x80, 0xd, 0xff, 0xfe, 0x10, 0x0, 0x0, 0x0,
    0xa, 0xff, 0xff, 0x20, 0x6, 0xff, 0xff, 0xd2,
    0x0, 0x0, 0x0, 0x9f, 0xff, 0xfa, 0x0, 0x0,
    0xaf, 0xff, 0xff, 0xb7, 0x67, 0xae, 0xff, 0xff,
    0xd1, 0x0, 0x0, 0xb, 0xff, 0xff, 0xff, 0xff,
    0xff, 0xff, 0xfd, 0x20, 0x0, 0x0, 0x0, 0x7e,
    0xff, 0xff, 0xff, 0xff, 0xff, 0x90, 0x0, 0x0,
    0x0, 0x0, 0x0, 0x5a, 0xde, 0xff, 0xdb, 0x61,
    0x0, 0x0, 0x0,

    /* U+014D "ō" */
    0x0, 0x4, 0xff, 0xff, 0xff, 0xff, 0xb0, 0x0,
    0x0, 0x0, 0x4f, 0xff, 0xff, 0xff, 0xfb, 0x0,
    0x0, 0x0, 0x1, 0x77, 0x77, 0x77, 0x77, 0x50,
    0x0, 0x0, 0x0, 0x0, 0x0, 0x0, 0x0, 0x0,
    0x0, 0x0, 0x0, 0x0, 0x4a, 0xdf, 0xfe, 0xc7,
    0x10, 0x0, 0x0, 0x1, 0xcf, 0xff, 0xff, 0xff,
    0xff, 0x60, 0x0, 0x1, 0xef, 0xff, 0xfe, 0xdf,
    0xff, 0xff, 0x70, 0x0, 0xbf, 0xff, 0xe3, 0x0,
    0x9, 0xff, 0xff, 0x20, 0x3f, 0xff, 0xf3, 0x0,
    0x0, 0xd, 0xff, 0xf9, 0x8, 0xff, 0xfc, 0x0,
    0x0, 0x0, 0x7f, 0xff, 0xd0, 0xbf, 0xff, 0x90,
    0x0, 0x0, 0x4, 0xff, 0xff, 0xc, 0xff, 0xf8,
    0x0, 0x0, 0x0, 0x2f, 0xff, 0xf1, 0xcf, 0xff,
    0x80, 0x0, 0x0, 0x2, 0xff, 0xff, 0x1b, 0xff,
    0xf9, 0x0, 0x0, 0x0, 0x4f, 0xff, 0xf0, 0x8f,
    0xff, 0xc0, 0x0, 0x0, 0x7, 0xff, 0xfd, 0x3,
    0xff, 0xff, 0x30, 0x0, 0x0, 0xdf, 0xff, 0x80,
    0xb, 0xff, 0xfd, 0x20, 0x1, 0xaf, 0xff, 0xf1,
    0x0, 0x1e, 0xff, 0xff, 0xdd, 0xff, 0xff, 0xf5,
    0x0, 0x0, 0x1c, 0xff, 0xff, 0xff, 0xff, 0xe4,
    0x0, 0x0, 0x0, 0x5, 0xad, 0xff, 0xeb, 0x60,
    0x0, 0x0,

    /* U+014E "Ŏ" */
    0x0, 0x0, 0x5, 0x86, 0x0, 0x0, 0x6, 0x85,
    0x0, 0x0, 0x0, 0x0, 0x0, 0x7, 0xff, 0x20,
    0x0, 0x2f, 0xf7, 0x0, 0x0, 0x0, 0x0, 0x0,
    0x1, 0xff, 0xe6, 0x36, 0xef, 0xf1, 0x0, 0x0,
    0x0, 0x0, 0x0, 0x0, 0x5f, 0xff, 0xff, 0xff,
    0x50, 0x0, 0x0, 0x0, 0x0, 0x0, 0x0, 0x2,
    0xae, 0xfe, 0xa2, 0x0, 0x0, 0x0, 0x0, 0x0,
    0x0, 0x0, 0x0, 0x0, 0x0, 0x0, 0x0, 0x0,
    0x0, 0x0, 0x0, 0x0, 0x0, 0x0, 0x0, 0x0,
    0x0, 0x0, 0x0, 0x0, 0x0, 0x0, 0x0, 0x0,
    0x6a, 0xde, 0xfe, 0xdb, 0x71, 0x0, 0x0, 0x0,
    0x0, 0x0, 0x7e, 0xff, 0xff, 0xff, 0xff, 0xff,
    0xa1, 0x0, 0x0, 0x0, 0x1c, 0xff, 0xff, 0xff,
    0xff, 0xff, 0xff, 0xfe, 0x30, 0x0, 0x0, 0xbf,
    0xff, 0xff, 0xb7, 0x67, 0xae, 0xff, 0xff, 0xe1,
    0x0, 0x7, 0xff, 0xff, 0xc2, 0x0, 0x0, 0x0,
    0x9f, 0xff, 0xfb, 0x0, 0xe, 0xff, 0xfd, 0x0,
    0x0, 0x0, 0x0, 0xa, 0xff, 0xff, 0x30, 0x4f,
    0xff, 0xf4, 0x0, 0x0, 0x0, 0x0, 0x1, 0xff,
    0xff, 0x90, 0x8f, 0xff, 0xe0, 0x0, 0x0, 0x0,
    0x0, 0x0, 0xaf, 0xff, 0xd0, 0xaf, 0xff, 0xb0,
    0x0, 0x0, 0x0, 0x0, 0x0, 0x7f, 0xff, 0xf0,
    0xbf, 0xff, 0x90, 0x0, 0x0, 0x0, 0x0, 0x0,
    0x5f, 0xff, 0xf0, 0xbf, 0xff, 0x90, 0x0, 0x0,
    0x0, 0x0, 0x0, 0x5f, 0xff, 0xf0, 0xaf, 0xff,
    0xb0, 0x0, 0x0, 0x0, 0x0, 0x0, 0x7f, 0xff,
    0xf0, 0x7f, 0xff, 0xe0, 0x0, 0x0, 0x0, 0x0,
    0x0, 0xaf, 0xff, 0xc0, 0x3f, 0xff, 0xf5, 0x0,
    0x0, 0x0, 0x0, 0x1, 0xff, 0xff, 0x80, 0xd,
    0xff, 0xfe, 0x10, 0x0, 0x0, 0x0, 0xa, 0xff,
    0xff, 0x20, 0x6, 0xff, 0xff, 0xd2, 0x0, 0x0,
    0x0, 0x9f, 0xff, 0xfa, 0x0, 0x0, 0xaf, 0xff,
    0xff, 0xb7, 0x67, 0xae, 0xff, 0xff, 0xd1, 0x0,
    0x0, 0xb, 0xff, 0xff, 0xff, 0xff, 0xff, 0xff,
    0xfd, 0x20, 0x0, 0x0, 0x0, 0x7e, 0xff, 0xff,
    0xff, 0xff, 0xff, 0x90, 0x0, 0x0, 0x0, 0x0,
    0x0, 0x5a, 0xde, 0xff, 0xdb, 0x61, 0x0, 0x0,
    0x0,

    /* U+014F "ŏ" */
    0x0, 0xd, 0xfb, 0x0, 0x0, 0x2f, 0xf5, 0x0,
    0x0, 0x0, 0x8f, 0xf9, 0x10, 0x4d, 0xff, 0x0,
    0x0, 0x0, 0x0, 0xdf, 0xff, 0xff, 0xff, 0x60,
    0x0, 0x0, 0x0, 0x1, 0xaf, 0xff, 0xfe, 0x50,
    0x0, 0x0, 0x0, 0x0, 0x0, 0x3, 0x42, 0x0,
    0x0, 0x0, 0x0, 0x0, 0x0, 0x0, 0x0, 0x0,
    0x0, 0x0, 0x0, 0x0, 0x0, 0x4a, 0xdf, 0xfe,
    0xc7, 0x10, 0x0, 0x0, 0x1, 0xcf, 0xff, 0xff,
    0xff, 0xff, 0x60, 0x0, 0x1, 0xef, 0xff, 0xfe,
    0xdf, 0xff, 0xff, 0x70, 0x0, 0xbf, 0xff, 0xe3,
    0x0, 0x9, 0xff, 0xff, 0x20, 0x3f, 0xff, 0xf3,
    0x0, 0x0, 0xd, 0xff, 0xf9, 0x8, 0xff, 0xfc,
    0x0, 0x0, 0x0, 0x7f, 0xff, 0xd0, 0xbf, 0xff,
    0x90, 0x0, 0x0, 0x4, 0xff, 0xff, 0xc, 0xff,
    0xf8, 0x0, 0x0, 0x0, 0x2f, 0xff, 0xf1, 0xcf,
    0xff, 0x80, 0x0, 0x0, 0x2, 0xff, 0xff, 0x1b,
    0xff, 0xf9, 0x0, 0x0, 0x0, 0x4f, 0xff, 0xf0,
    0x8f, 0xff, 0xc0, 0x0, 0x0, 0x7, 0xff, 0xfd,
    0x3, 0xff, 0xff, 0x30, 0x0, 0x0, 0xdf, 0xff,
    0x80, 0xb, 0xff, 0xfd, 0x20, 0x1, 0xaf, 0xff,
    0xf1, 0x0, 0x1e, 0xff, 0xff, 0xdd, 0xff, 0xff,
    0xf5, 0x0, 0x0, 0x1c, 0xff, 0xff, 0xff, 0xff,
    0xe4, 0x0, 0x0, 0x0, 0x5, 0xad, 0xff, 0xeb,
    0x60, 0x0, 0x0,

    /* U+0150 "Ő" */
    0x0, 0x0, 0x0, 0x0, 0x4f, 0xff, 0x80, 0x5f,
    0xff, 0x70, 0x0, 0x0, 0x0, 0x0, 0x2, 0xff,
    0xf7, 0x3, 0xff, 0xf6, 0x0, 0x0, 0x0, 0x0,
    0x0, 0x1e, 0xfe, 0x30, 0x2e, 0xfd, 0x30, 0x0,
    0x0, 0x0, 0x0, 0x0, 0xcf, 0xb1, 0x0, 0xdf,
    0xb1, 0x0, 0x0, 0x0, 0x0, 0x0, 0x0, 0x22,
    0x0, 0x0, 0x22, 0x0, 0x0, 0x0, 0x0, 0x0,
    0x0, 0x0, 0x0, 0x0, 0x0, 0x0, 0x0, 0x0,
    0x0, 0x0, 0x0, 0x0, 0x0, 0x0, 0x0, 0x0,
    0x0, 0x0, 0x0, 0x0, 0x0, 0x0, 0x0, 0x0,
    0x6a, 0xde, 0xfe, 0xdb, 0x71, 0x0, 0x0, 0x0,
    0x0, 0x0, 0x7e, 0xff, 0xff, 0xff, 0xff, 0xff,
    0xa1, 0x0, 0x0, 0x0, 0x1c, 0xff, 0xff, 0xff,
    0xff, 0xff, 0xff, 0xfe, 0x30, 0x0, 0x0, 0xbf,
    0xff, 0xff, 0xb7, 0x67, 0xae, 0xff, 0xff, 0xe1,
    0x0, 0x7, 0xff, 0xff, 0xc2, 0x0, 0x0, 0x0,
    0x9f, 0xff, 0xfb, 0x0, 0xe, 0xff, 0xfd, 0x0,
    0x0, 0x0, 0x0, 0xa, 0xff, 0xff, 0x30, 0x4f,
    0xff, 0xf4, 0x0, 0x0, 0x0, 0x0, 0x1, 0xff,
    0xff, 0x90, 0x8f, 0xff, 0xe0, 0x0, 0x0, 0x0,
    0x0, 0x0, 0xaf, 0xff, 0xd0, 0xaf, 0xff, 0xb0,
    0x0, 0x0, 0x0, 0x0, 0x0, 0x7f, 0xff, 0xf0,
    0xbf, 0xff, 0x90, 0x0, 0x0, 0x0, 0x0, 0x0,
    0x5f, 0xff, 0xf0, 0xbf, 0xff, 0x90, 0x0, 0x0,
    0x0, 0x0, 0x0, 0x5f, 0xff, 0xf0, 0xaf, 0xff,
    0xb0, 0x0, 0x0, 0x0, 0x0, 0x0, 0x7f, 0xff,
    0xf0, 0x7f, 0xff, 0xe0, 0x0, 0x0, 0x0, 0x0,
    0x0, 0xaf, 0xff, 0xc0, 0x3f, 0xff, 0xf5, 0x0,
    0x0, 0x0, 0x0, 0x1, 0xff, 0xff, 0x80, 0xd,
    0xff, 0xfe, 0x10, 0x0, 0x0, 0x0, 0xa, 0xff,
    0xff, 0x20, 0x6, 0xff, 0xff, 0xd2, 0x0, 0x0,
    0x0, 0x9f, 0xff, 0xfa, 0x0, 0x0, 0xaf, 0xff,
    0xff, 0xb7, 0x67, 0xae, 0xff, 0xff, 0xd1, 0x0,
    0x0, 0xb, 0xff, 0xff, 0xff, 0xff, 0xff, 0xff,
    0xfd, 0x20, 0x0, 0x0, 0x0, 0x7e, 0xff, 0xff,
    0xff, 0xff, 0xff, 0x90, 0x0, 0x0, 0x0, 0x0,
    0x0, 0x5a, 0xde, 0xff, 0xdb, 0x61, 0x0, 0x0,
    0x0,

    /* U+0151 "ő" */
    0x0, 0x0, 0x0, 0xcf, 0xfe, 0x0, 0xdf, 0xfe,
    0x0, 0x0, 0x0, 0xaf, 0xfd, 0x20, 0xbf, 0xfc,
    0x10, 0x0, 0x0, 0x8f, 0xfa, 0x0, 0x9f, 0xf9,
    0x0, 0x0, 0x0, 0x6f, 0xf7, 0x0, 0x7f, 0xf6,
    0x0, 0x0, 0x0, 0x4, 0x53, 0x0, 0x4, 0x53,
    0x0, 0x0, 0x0, 0x0, 0x0, 0x0, 0x0, 0x0,
    0x0, 0x0, 0x0, 0x0, 0x0, 0x4a, 0xdf, 0xfe,
    0xc7, 0x10, 0x0, 0x0, 0x1, 0xcf, 0xff, 0xff,
    0xff, 0xff, 0x60, 0x0, 0x1, 0xef, 0xff, 0xfe,
    0xdf, 0xff, 0xff, 0x70, 0x0, 0xbf, 0xff, 0xe3,
    0x0, 0x9, 0xff, 0xff, 0x20, 0x3f, 0xff, 0xf3,
    0x0, 0x0, 0xd, 0xff, 0xf9, 0x8, 0xff, 0xfc,
    0x0, 0x0, 0x0, 0x7f, 0xff, 0xd0, 0xbf, 0xff,
    0x90, 0x0, 0x0, 0x4, 0xff, 0xff, 0xc, 0xff,
    0xf8, 0x0, 0x0, 0x0, 0x2f, 0xff, 0xf1, 0xcf,
    0xff, 0x80, 0x0, 0x0, 0x2, 0xff, 0xff, 0x1b,
    0xff, 0xf9, 0x0, 0x0, 0x0, 0x4f, 0xff, 0xf0,
    0x8f, 0xff, 0xc0, 0x0, 0x0, 0x7, 0xff, 0xfd,
    0x3, 0xff, 0xff, 0x30, 0x0, 0x0, 0xdf, 0xff,
    0x80, 0xb, 0xff, 0xfd, 0x20, 0x1, 0xaf, 0xff,
    0xf1, 0x0, 0x1e, 0xff, 0xff, 0xdd, 0xff, 0xff,
    0xf5, 0x0, 0x0, 0x1c, 0xff, 0xff, 0xff, 0xff,
    0xe4, 0x0, 0x0, 0x0, 0x5, 0xad, 0xff, 0xeb,
    0x60, 0x0, 0x0,

    /* U+0152 "Œ" */
    0x0, 0x0, 0x0, 0x6a, 0xde, 0xff, 0xff, 0xff,
    0xff, 0xff, 0xff, 0xff, 0xff, 0xf3, 0x0, 0x0,
    0x8f, 0xff, 0xff, 0xff, 0xff, 0xff, 0xff, 0xff,
    0xff, 0xff, 0xff, 0xf3, 0x0, 0x1c, 0xff, 0xff,
    0xff, 0xff, 0xff, 0xff, 0xff, 0xff, 0xff, 0xff,
    0xff, 0xf3, 0x0, 0xcf, 0xff, 0xff, 0xc9, 0x77,
    0x9f, 0xff, 0xfb, 0x77, 0x77, 0x77, 0x77, 0x71,
    0x7, 0xff, 0xff, 0xd2, 0x0, 0x0, 0xe, 0xff,
    0xf7, 0x0, 0x0, 0x0, 0x0, 0x0, 0xe, 0xff,
    0xfd, 0x0, 0x0, 0x0, 0xe, 0xff, 0xf7, 0x0,
    0x0, 0x0, 0x0, 0x0, 0x4f, 0xff, 0xf4, 0x0,
    0x0, 0x0, 0xe, 0xff, 0xf7, 0x0, 0x0, 0x0,
    0x0, 0x0, 0x8f, 0xff, 0xe0, 0x0, 0x0, 0x0,
    0xe, 0xff, 0xf7, 0x0, 0x0, 0x0, 0x0, 0x0,
    0xaf, 0xff, 0xb0, 0x0, 0x0, 0x0, 0xe, 0xff,
    0xff, 0xff, 0xff, 0xff, 0xff, 0x50, 0xbf, 0xff,
    0x90, 0x0, 0x0, 0x0, 0xe, 0xff, 0xff, 0xff,
    0xff, 0xff, 0xff, 0x50, 0xbf, 0xff, 0x90, 0x0,
    0x0, 0x0, 0xe, 0xff, 0xff, 0xff, 0xff, 0xff,
    0xff, 0x50, 0xaf, 0xff, 0xb0, 0x0, 0x0, 0x0,
    0xe, 0xff, 0xf9, 0x33, 0x33, 0x33, 0x33, 0x10,
    0x8f, 0xff, 0xe0, 0x0, 0x0, 0x0, 0xe, 0xff,
    0xf7, 0x0, 0x0, 0x0, 0x0, 0x0, 0x3f, 0xff,
    0xf4, 0x0, 0x0, 0x0, 0xe, 0xff, 0xf7, 0x0,
    0x0, 0x0, 0x0, 0x0, 0xe, 0xff, 0xfd, 0x0,
    0x0, 0x0, 0xe, 0xff, 0xf7, 0x0, 0x0, 0x0,
    0x0, 0x0, 0x6, 0xff, 0xff, 0xc1, 0x0, 0x0,
    0xe, 0xff, 0xf7, 0x0, 0x0, 0x0, 0x0, 0x0,
    0x0, 0xbf, 0xff, 0xff, 0xa6, 0x55, 0x6f, 0xff,
    0xf9, 0x55, 0x55, 0x55, 0x55, 0x54, 0x0, 0xb,
    0xff, 0xff, 0xff, 0xff, 0xff, 0xff, 0xff, 0xff,
    0xff, 0xff, 0xff, 0xfd, 0x0, 0x0, 0x7e, 0xff,
    0xff, 0xff, 0xff, 0xff, 0xff, 0xff, 0xff, 0xff,
    0xff, 0xfd, 0x0, 0x0, 0x0, 0x6a, 0xde, 0xff,
    0xff, 0xff, 0xff, 0xff, 0xff, 0xff, 0xff, 0xfd,

    /* U+0153 "œ" */
    0x0, 0x0, 0x4a, 0xdf, 0xfe, 0xb6, 0x0, 0x1,
    0x7c, 0xef, 0xeb, 0x50, 0x0, 0x0, 0x1, 0xcf,
    0xff, 0xff, 0xff, 0xfe, 0x34, 0xef, 0xff, 0xff,
    0xff, 0xb0, 0x0, 0x1, 0xef, 0xff, 0xfe, 0xdf,
    0xff, 0xff, 0xff, 0xff, 0xed, 0xff, 0xff, 0xb0,
    0x0, 0xbf, 0xff, 0xe3, 0x0, 0x9, 0xff, 0xff,
    0xff, 0x50, 0x1, 0xbf, 0xff, 0x50, 0x3f, 0xff,
    0xf3, 0x0, 0x0, 0xd, 0xff, 0xff, 0x80, 0x0,
    0x1, 0xff, 0xfb, 0x8, 0xff, 0xfd, 0x0, 0x0,
    0x0, 0x7f, 0xff, 0xf4, 0x0, 0x0, 0xb, 0xff,
    0xf0, 0xbf, 0xff, 0x90, 0x0, 0x0, 0x4, 0xff,
    0xff, 0xff, 0xff, 0xff, 0xff, 0xff, 0x3c, 0xff,
    0xf8, 0x0, 0x0, 0x0, 0x2f, 0xff, 0xff, 0xff,
    0xff, 0xff, 0xff, 0xf4, 0xcf, 0xff, 0x80, 0x0,
    0x0, 0x2, 0xff, 0xff, 0xa9, 0x99, 0x99, 0x99,
    0x99, 0x3b, 0xff, 0xf9, 0x0, 0x0, 0x0, 0x4f,
    0xff, 0xf4, 0x0, 0x0, 0x0, 0x0, 0x0, 0x8f,
    0xff, 0xc0, 0x0, 0x0, 0x7, 0xff, 0xff, 0x60,
    0x0, 0x0, 0x0, 0x0, 0x3, 0xff, 0xff, 0x20,
    0x0, 0x0, 0xdf, 0xff, 0xfd, 0x0, 0x0, 0x8,
    0x87, 0x50, 0xb, 0xff, 0xfd, 0x20, 0x0, 0xaf,
    0xff, 0xff, 0xf8, 0x0, 0x7, 0xff, 0xfb, 0x0,
    0x1e, 0xff, 0xff, 0xcc, 0xff, 0xff, 0xef, 0xff,
    0xfe, 0xce, 0xff, 0xff, 0x20, 0x0, 0x1c, 0xff,
    0xff, 0xff, 0xff, 0xc1, 0x4f, 0xff, 0xff, 0xff,
    0xfe, 0x30, 0x0, 0x0, 0x5, 0xad, 0xff, 0xea,
    0x50, 0x0, 0x18, 0xce, 0xfe, 0xc7, 0x0, 0x0,

    /* U+0154 "Ŕ" */
    0x0, 0x0, 0x0, 0x0, 0x4, 0x88, 0x84, 0x0,
    0x0, 0x0, 0x0, 0x0, 0x0, 0x0, 0x3f, 0xff,
    0xd2, 0x0, 0x0, 0x0, 0x0, 0x0, 0x0, 0x2,
    0xef, 0xfb, 0x10, 0x0, 0x0, 0x0, 0x0, 0x0,
    0x0, 0x2e, 0xff, 0x70, 0x0, 0x0, 0x0, 0x0,
    0x0, 0x0, 0x0, 0xdf, 0xe4, 0x0, 0x0, 0x0,
    0x0, 0x0, 0x0, 0x0, 0x0, 0x0, 0x0, 0x0,
    0x0, 0x0, 0x0, 0x0, 0x0, 0x0, 0x0, 0x0,
    0x0, 0x0, 0x0, 0x0, 0x0, 0x0, 0xff, 0xff,
    0xff, 0xff, 0xff, 0xfe, 0xd9, 0x40, 0x0, 0x0,
    0xff, 0xff, 0xff, 0xff, 0xff, 0xff, 0xff, 0xfc,
    0x10, 0x0, 0xff, 0xff, 0xff, 0xff, 0xff, 0xff,
    0xff, 0xff, 0xe1, 0x0, 0xff, 0xff, 0x85, 0x55,
    0x55, 0x68, 0xef, 0xff, 0xf8, 0x0, 0xff, 0xff,
    0x50, 0x0, 0x0, 0x0, 0xd, 0xff, 0xfd, 0x0,
    0xff, 0xff, 0x50, 0x0, 0x0, 0x0, 0x7, 0xff,
    0xff, 0x0, 0xff, 0xff, 0x50, 0x0, 0x0, 0x0,
    0x6, 0xff, 0xff, 0x0, 0xff, 0xff, 0x50, 0x0,
    0x0, 0x0, 0xb, 0xff, 0xfc, 0x0, 0xff, 0xff,
    0x50, 0x0, 0x0, 0x3, 0xaf, 0xff, 0xf6, 0x0,
    0xff, 0xff, 0xff, 0xff, 0xff, 0xff, 0xff, 0xff,
    0xb0, 0x0, 0xff, 0xff, 0xff, 0xff, 0xff, 0xff,
    0xff, 0xfa, 0x0, 0x0, 0xff, 0xff, 0xff, 0xff,
    0xff, 0xff, 0xfc, 0x20, 0x0, 0x0, 0xff, 0xff,
    0x85, 0x55, 0x59, 0xff, 0xff, 0x20, 0x0, 0x0,
    0xff, 0xff, 0x50, 0x0, 0x0, 0xdf, 0xff, 0xc0,
    0x0, 0x0, 0xff, 0xff, 0x50, 0x0, 0x0, 0x4f,
    0xff, 0xf6, 0x0, 0x0, 0xff, 0xff, 0x50, 0x0,
    0x0, 0xa, 0xff, 0xff, 0x20, 0x0, 0xff, 0xff,
    0x50, 0x0, 0x0, 0x1, 0xef, 0xff, 0xb0, 0x0,
    0xff, 0xff, 0x50, 0x0, 0x0, 0x0, 0x6f, 0xff,
    0xf6, 0x0, 0xff, 0xff, 0x50, 0x0, 0x0, 0x0,
    0xb, 0xff, 0xff, 0x10, 0xff, 0xff, 0x50, 0x0,
    0x0, 0x0, 0x2, 0xff, 0xff, 0xb0,

    /* U+0155 "ŕ" */
    0x0, 0x0, 0x0, 0xcf, 0xff, 0x50, 0x0, 0x0,
    0xaf, 0xff, 0x60, 0x0, 0x0, 0x8f, 0xfe, 0x40,
    0x0, 0x0, 0x5f, 0xfd, 0x20, 0x0, 0x0, 0xc,
    0xca, 0x10, 0x0, 0x0, 0x0, 0x0, 0x0, 0x0,
    0x0, 0xf, 0xff, 0xf0, 0x1b, 0xff, 0x30, 0xff,
    0xff, 0xd, 0xff, 0xf3, 0xe, 0xff, 0xf6, 0xff,
    0xff, 0x30, 0xef, 0xff, 0xdf, 0x96, 0x82, 0xe,
    0xff, 0xff, 0x30, 0x0, 0x0, 0xef, 0xff, 0xa0,
    0x0, 0x0, 0xe, 0xff, 0xf6, 0x0, 0x0, 0x0,
    0xef, 0xff, 0x40, 0x0, 0x0, 0xe, 0xff, 0xf3,
    0x0, 0x0, 0x0, 0xef, 0xff, 0x30, 0x0, 0x0,
    0xe, 0xff, 0xf3, 0x0, 0x0, 0x0, 0xef, 0xff,
    0x30, 0x0, 0x0, 0xe, 0xff, 0xf3, 0x0, 0x0,
    0x0, 0xef, 0xff, 0x30, 0x0, 0x0, 0xe, 0xff,
    0xf3, 0x0, 0x0, 0x0, 0xef, 0xff, 0x30, 0x0,
    0x0,

    /* U+0156 "Ŗ" */
    0xff, 0xff, 0xff, 0xff, 0xff, 0xfe, 0xda, 0x50,
    0x0, 0x0, 0xff, 0xff, 0xff, 0xff, 0xff, 0xff,
    0xff, 0xfd, 0x30, 0x0, 0xff, 0xff, 0xff, 0xff,
    0xff, 0xff, 0xff, 0xff, 0xf2, 0x0, 0xff, 0xff,
    0x85, 0x55, 0x55, 0x57, 0xdf, 0xff, 0xfa, 0x0,
    0xff, 0xff, 0x50, 0x0, 0x0, 0x0, 0xb, 0xff,
    0xfe, 0x0, 0xff, 0xff, 0x50, 0x0, 0x0, 0x0,
    0x6, 0xff, 0xff, 0x0, 0xff, 0xff, 0x50, 0x0,
    0x0, 0x0, 0x9, 0xff, 0xfe, 0x0, 0xff, 0xff,
    0x50, 0x0, 0x0, 0x2, 0x8f, 0xff, 0xf8, 0x0,
    0xff, 0xff, 0xff, 0xff, 0xff, 0xff, 0xff, 0xff,
    0xd1, 0x0, 0xff, 0xff, 0xff, 0xff, 0xff, 0xff,
    0xff, 0xfa, 0x10, 0x0, 0xff, 0xff, 0xff, 0xff,
    0xff, 0xff, 0xfc, 0x20, 0x0, 0x0, 0xff, 0xff,
    0x85, 0x55, 0x59, 0xff, 0xff, 0x10, 0x0, 0x0,
    0xff, 0xff, 0x50, 0x0, 0x0, 0xef, 0xff, 0xa0,
    0x0, 0x0, 0xff, 0xff, 0x50, 0x0, 0x0, 0x6f,
    0xff, 0xf3, 0x0, 0x0, 0xff, 0xff, 0x50, 0x0,
    0x0, 0xd, 0xff, 0xfc, 0x0, 0x0, 0xff, 0xff,
    0x50, 0x0, 0x0, 0x4, 0xff, 0xff, 0x60, 0x0,
    0xff, 0xff, 0x50, 0x0, 0x0, 0x0, 0xbf, 0xff,
    0xe1, 0x0, 0xff, 0xff, 0x50, 0x0, 0x0, 0x0,
    0x3f, 0xff, 0xf9, 0x0, 0xff, 0xff, 0x50, 0x0,
    0x0, 0x0, 0xa, 0xff, 0xff, 0x20, 0xff, 0xff,
    0x50, 0x0, 0x0, 0x0, 0x1, 0xff, 0xff, 0xb0,
    0x0, 0x0, 0x0, 0x0, 0x0, 0x0, 0x0, 0x0,
    0x0, 0x0, 0x0, 0x0, 0x0, 0xe, 0xff, 0xa0,
    0x0, 0x0, 0x0, 0x0, 0x0, 0x0, 0x0, 0xe,
    0xff, 0xa0, 0x0, 0x0, 0x0, 0x0, 0x0, 0x0,
    0x0, 0xe, 0xff, 0x90, 0x0, 0x0, 0x0, 0x0,
    0x0, 0x0, 0x0, 0x0, 0x7f, 0x40, 0x0, 0x0,
    0x0, 0x0, 0x0, 0x0, 0x0, 0x3, 0xfb, 0x0,
    0x0, 0x0, 0x0, 0x0,

    /* U+0157 "ŗ" */
    0xf, 0xff, 0xf0, 0x1b, 0xff, 0x30, 0xff, 0xff,
    0xd, 0xff, 0xf3, 0xe, 0xff, 0xf6, 0xff, 0xff,
    0x30, 0xef, 0xff, 0xdf, 0x96, 0x82, 0xe, 0xff,
    0xff, 0x30, 0x0, 0x0, 0xef, 0xff, 0xa0, 0x0,
    0x0, 0xe, 0xff, 0xf6, 0x0, 0x0, 0x0, 0xef,
    0xff, 0x40, 0x0, 0x0, 0xe, 0xff, 0xf3, 0x0,
    0x0, 0x0, 0xef, 0xff, 0x30, 0x0, 0x0, 0xe,
    0xff, 0xf3, 0x0, 0x0, 0x0, 0xef, 0xff, 0x30,
    0x0, 0x0, 0xe, 0xff, 0xf3, 0x0, 0x0, 0x0,
    0xef, 0xff, 0x30, 0x0, 0x0, 0xe, 0xff, 0xf3,
    0x0, 0x0, 0x0, 0xef, 0xff, 0x30, 0x0, 0x0,
    0x0, 0x0, 0x0, 0x0, 0x0, 0x0, 0xaf, 0xff,
    0x0, 0x0, 0x0, 0xa, 0xff, 0xe0, 0x0, 0x0,
    0x0, 0xaf, 0xfd, 0x0, 0x0, 0x0, 0x0, 0x3f,
    0x80, 0x0, 0x0, 0x0, 0x1d, 0xe1, 0x0, 0x0,
    0x0,

    /* U+0158 "Ř" */
    0x0, 0x18, 0x84, 0x0, 0x0, 0x7, 0x85, 0x0,
    0x0, 0x0, 0x0, 0x9, 0xff, 0x80, 0x2, 0xdf,
    0xf2, 0x0, 0x0, 0x0, 0x0, 0x0, 0xaf, 0xfc,
    0x7f, 0xff, 0x40, 0x0, 0x0, 0x0, 0x0, 0x0,
    0xb, 0xff, 0xff, 0xf5, 0x0, 0x0, 0x0, 0x0,
    0x0, 0x0, 0x0, 0xcf, 0xff, 0x60, 0x0, 0x0,
    0x0, 0x0, 0x0, 0x0, 0x0, 0x0, 0x0, 0x0,
    0x0, 0x0, 0x0, 0x0, 0x0, 0x0, 0x0, 0x0,
    0x0, 0x0, 0x0, 0x0, 0x0, 0x0, 0xff, 0xff,
    0xff, 0xff, 0xff, 0xfe, 0xd9, 0x40, 0x0, 0x0,
    0xff, 0xff, 0xff, 0xff, 0xff, 0xff, 0xff, 0xfc,
    0x10, 0x0, 0xff, 0xff, 0xff, 0xff, 0xff, 0xff,
    0xff, 0xff, 0xe1, 0x0, 0xff, 0xff, 0x85, 0x55,
    0x55, 0x68, 0xef, 0xff, 0xf8, 0x0, 0xff, 0xff,
    0x50, 0x0, 0x0, 0x0, 0xd, 0xff, 0xfd, 0x0,
    0xff, 0xff, 0x50, 0x0, 0x0, 0x0, 0x7, 0xff,
    0xff, 0x0, 0xff, 0xff, 0x50, 0x0, 0x0, 0x0,
    0x6, 0xff, 0xff, 0x0, 0xff, 0xff, 0x50, 0x0,
    0x0, 0x0, 0xb, 0xff, 0xfc, 0x0, 0xff, 0xff,
    0x50, 0x0, 0x0, 0x3, 0xaf, 0xff, 0xf6, 0x0,
    0xff, 0xff, 0xff, 0xff, 0xff, 0xff, 0xff, 0xff,
    0xb0, 0x0, 0xff, 0xff, 0xff, 0xff, 0xff, 0xff,
    0xff, 0xfa, 0x0, 0x0, 0xff, 0xff, 0xff, 0xff,
    0xff, 0xff, 0xfc, 0x20, 0x0, 0x0, 0xff, 0xff,
    0x85, 0x55, 0x59, 0xff, 0xff, 0x20, 0x0, 0x0,
    0xff, 0xff, 0x50, 0x0, 0x0, 0xdf, 0xff, 0xc0,
    0x0, 0x0, 0xff, 0xff, 0x50, 0x0, 0x0, 0x4f,
    0xff, 0xf6, 0x0, 0x0, 0xff, 0xff, 0x50, 0x0,
    0x0, 0xa, 0xff, 0xff, 0x20, 0x0, 0xff, 0xff,
    0x50, 0x0, 0x0, 0x1, 0xef, 0xff, 0xb0, 0x0,
    0xff, 0xff, 0x50, 0x0, 0x0, 0x0, 0x6f, 0xff,
    0xf6, 0x0, 0xff, 0xff, 0x50, 0x0, 0x0, 0x0,
    0xb, 0xff, 0xff, 0x10, 0xff, 0xff, 0x50, 0x0,
    0x0, 0x0, 0x2, 0xff, 0xff, 0xb0,

    /* U+0159 "ř" */
    0x1f, 0xfb, 0x0, 0x0, 0x4f, 0xf7, 0x4, 0xff,
    0xc1, 0x5, 0xff, 0xb0, 0x0, 0x7f, 0xfd, 0x7f,
    0xfd, 0x10, 0x0, 0xa, 0xff, 0xff, 0xf3, 0x0,
    0x0, 0x0, 0xcf, 0xff, 0x50, 0x0, 0x0, 0x0,
    0x0, 0x0, 0x0, 0x0, 0x0, 0xff, 0xff, 0x1,
    0xbf, 0xf3, 0x0, 0xff, 0xff, 0xd, 0xff, 0xf3,
    0x0, 0xef, 0xff, 0x6f, 0xff, 0xf3, 0x0, 0xef,
    0xff, 0xdf, 0x96, 0x82, 0x0, 0xef, 0xff, 0xf3,
    0x0, 0x0, 0x0, 0xef, 0xff, 0xa0, 0x0, 0x0,
    0x0, 0xef, 0xff, 0x60, 0x0, 0x0, 0x0, 0xef,
    0xff, 0x40, 0x0, 0x0, 0x0, 0xef, 0xff, 0x30,
    0x0, 0x0, 0x0, 0xef, 0xff, 0x30, 0x0, 0x0,
    0x0, 0xef, 0xff, 0x30, 0x0, 0x0, 0x0, 0xef,
    0xff, 0x30, 0x0, 0x0, 0x0, 0xef, 0xff, 0x30,
    0x0, 0x0, 0x0, 0xef, 0xff, 0x30, 0x0, 0x0,
    0x0, 0xef, 0xff, 0x30, 0x0, 0x0, 0x0, 0xef,
    0xff, 0x30, 0x0, 0x0,

    /* U+015A "Ś" */
    0x0, 0x0, 0x0, 0x0, 0x0, 0x3, 0x88, 0x84,
    0x0, 0x0, 0x0, 0x0, 0x0, 0x0, 0x4, 0xff,
    0xfd, 0x20, 0x0, 0x0, 0x0, 0x0, 0x0, 0x4,
    0xff, 0xf8, 0x0, 0x0, 0x0, 0x0, 0x0, 0x0,
    0x5, 0xff, 0xd3, 0x0, 0x0, 0x0, 0x0, 0x0,
    0x0, 0x0, 0x68, 0x70, 0x0, 0x0, 0x0, 0x0,
    0x0, 0x0, 0x0, 0x0, 0x0, 0x0, 0x0, 0x0,
    0x0, 0x0, 0x0, 0x0, 0x0, 0x0, 0x0, 0x0,
    0x0, 0x0, 0x0, 0x0, 0x0, 0x5a, 0xce, 0xff,
    0xed, 0xa6, 0x0, 0x0, 0x0, 0x4, 0xef, 0xff,
    0xff, 0xff, 0xff, 0xfe, 0x50, 0x0, 0x3, 0xff,
    0xff, 0xff, 0xff, 0xff, 0xff, 0xff, 0x30, 0x0,
    0xcf, 0xff, 0xe7, 0x21, 0x13, 0x8f, 0xff, 0xfc,
    0x0, 0x1f, 0xff, 0xf4, 0x0, 0x0, 0x0, 0x6f,
    0xff, 0xf2, 0x2, 0xff, 0xff, 0x10, 0x0, 0x0,
    0x0, 0x75, 0x31, 0x0, 0xf, 0xff, 0xf7, 0x0,
    0x0, 0x0, 0x0, 0x0, 0x0, 0x0, 0xbf, 0xff,
    0xfb, 0x51, 0x0, 0x0, 0x0, 0x0, 0x0, 0x2,
    0xef, 0xff, 0xff, 0xfe, 0xb7, 0x30, 0x0, 0x0,
    0x0, 0x2, 0xbf, 0xff, 0xff, 0xff, 0xff, 0xe9,
    0x10, 0x0, 0x0, 0x0, 0x28, 0xcf, 0xff, 0xff,
    0xff, 0xff, 0x50, 0x0, 0x0, 0x0, 0x0, 0x3,
    0x6a, 0xef, 0xff, 0xff, 0x20, 0x0, 0x0, 0x0,
    0x0, 0x0, 0x0, 0x6f, 0xff, 0xf9, 0x0, 0x0,
    0x0, 0x0, 0x0, 0x0, 0x0, 0x8f, 0xff, 0xc0,
    0x8b, 0xdf, 0x50, 0x0, 0x0, 0x0, 0x6, 0xff,
    0xfc, 0xd, 0xff, 0xfd, 0x20, 0x0, 0x0, 0x0,
    0xcf, 0xff, 0xa0, 0x5f, 0xff, 0xff, 0x95, 0x43,
    0x47, 0xdf, 0xff, 0xf5, 0x0, 0x9f, 0xff, 0xff,
    0xff, 0xff, 0xff, 0xff, 0xfa, 0x0, 0x0, 0x6f,
    0xff, 0xff, 0xff, 0xff, 0xff, 0xf8, 0x0, 0x0,
    0x0, 0x6, 0xad, 0xef, 0xfe, 0xda, 0x61, 0x0,
    0x0,

    /* U+015B "ś" */
    0x0, 0x0, 0x0, 0x0, 0xdf, 0xff, 0x40, 0x0,
    0x0, 0x0, 0x0, 0xbf, 0xff, 0x50, 0x0, 0x0,
    0x0, 0x0, 0x9f, 0xfe, 0x30, 0x0, 0x0, 0x0,
    0x0, 0x7f, 0xfc, 0x10, 0x0, 0x0, 0x0, 0x0,
    0x1c, 0xc9, 0x0, 0x0, 0x0, 0x0, 0x0, 0x0,
    0x0, 0x0, 0x0, 0x0, 0x0, 0x0, 0x5, 0xad,
    0xff, 0xec, 0x82, 0x0, 0x0, 0x1c, 0xff, 0xff,
    0xff, 0xff, 0xf7, 0x0, 0xb, 0xff, 0xff, 0xcb,
    0xdf, 0xff, 0xf5, 0x2, 0xff, 0xfc, 0x0, 0x0,
    0x3f, 0xff, 0xd0, 0x4f, 0xff, 0x80, 0x0, 0x0,
    0x57, 0x54, 0x3, 0xff, 0xff, 0x61, 0x0, 0x0,
    0x0, 0x0, 0xd, 0xff, 0xff, 0xfe, 0xa6, 0x20,
    0x0, 0x0, 0x3e, 0xff, 0xff, 0xff, 0xff, 0xc4,
    0x0, 0x0, 0x18, 0xdf, 0xff, 0xff, 0xff, 0xf7,
    0x0, 0x0, 0x0, 0x25, 0x9c, 0xff, 0xff, 0xf1,
    0x0, 0x0, 0x0, 0x0, 0x2, 0xcf, 0xff, 0x53,
    0x68, 0x80, 0x0, 0x0, 0x6, 0xff, 0xf6, 0xbf,
    0xff, 0x60, 0x0, 0x0, 0xbf, 0xff, 0x33, 0xff,
    0xff, 0xeb, 0xbc, 0xff, 0xff, 0xc0, 0x5, 0xff,
    0xff, 0xff, 0xff, 0xff, 0xb1, 0x0, 0x1, 0x7b,
    0xef, 0xff, 0xd9, 0x40, 0x0,

    /* U+015C "Ŝ" */
    0x0, 0x0, 0x0, 0x0, 0xaf, 0xff, 0x90, 0x0,
    0x0, 0x0, 0x0, 0x0, 0x0, 0x9f, 0xff, 0xff,
    0x70, 0x0, 0x0, 0x0, 0x0, 0x0, 0x8f, 0xfe,
    0x6e, 0xff, 0x60, 0x0, 0x0, 0x0, 0x0, 0x7f,
    0xfa, 0x10, 0x1c, 0xff, 0x40, 0x0, 0x0, 0x0,
    0x7, 0x85, 0x0, 0x0, 0x6, 0x86, 0x0, 0x0,
    0x0, 0x0, 0x0, 0x0, 0x0, 0x0, 0x0, 0x0,
    0x0, 0x0, 0x0, 0x0, 0x0, 0x0, 0x0, 0x0,
    0x0, 0x0, 0x0, 0x0, 0x0, 0x5a, 0xce, 0xff,
    0xed, 0xa6, 0x0, 0x0, 0x0, 0x4, 0xef, 0xff,
    0xff, 0xff, 0xff, 0xfe, 0x50, 0x0, 0x3, 0xff,
    0xff, 0xff, 0xff, 0xff, 0xff, 0xff, 0x30, 0x0,
    0xcf, 0xff, 0xe7, 0x21, 0x13, 0x8f, 0xff, 0xfc,
    0x0, 0x1f, 0xff, 0xf4, 0x0, 0x0, 0x0, 0x6f,
    0xff, 0xf2, 0x2, 0xff, 0xff, 0x10, 0x0, 0x0,
    0x0, 0x75, 0x31, 0x0, 0xf, 0xff, 0xf7, 0x0,
    0x0, 0x0, 0x0, 0x0, 0x0, 0x0, 0xbf, 0xff,
    0xfb, 0x51, 0x0, 0x0, 0x0, 0x0, 0x0, 0x2,
    0xef, 0xff, 0xff, 0xfe, 0xb7, 0x30, 0x0, 0x0,
    0x0, 0x2, 0xbf, 0xff, 0xff, 0xff, 0xff, 0xe9,
    0x10, 0x0, 0x0, 0x0, 0x28, 0xcf, 0xff, 0xff,
    0xff, 0xff, 0x50, 0x0, 0x0, 0x0, 0x0, 0x3,
    0x6a, 0xef, 0xff, 0xff, 0x20, 0x0, 0x0, 0x0,
    0x0, 0x0, 0x0, 0x6f, 0xff, 0xf9, 0x0, 0x0,
    0x0, 0x0, 0x0, 0x0, 0x0, 0x8f, 0xff, 0xc0,
    0x8b, 0xdf, 0x50, 0x0, 0x0, 0x0, 0x6, 0xff,
    0xfc, 0xd, 0xff, 0xfd, 0x20, 0x0, 0x0, 0x0,
    0xcf, 0xff, 0xa0, 0x5f, 0xff, 0xff, 0x95, 0x43,
    0x47, 0xdf, 0xff, 0xf5, 0x0, 0x9f, 0xff, 0xff,
    0xff, 0xff, 0xff, 0xff, 0xfa, 0x0, 0x0, 0x6f,
    0xff, 0xff, 0xff, 0xff, 0xff, 0xf8, 0x0, 0x0,
    0x0, 0x6, 0xad, 0xef, 0xfe, 0xda, 0x61, 0x0,
    0x0,

    /* U+015D "ŝ" */
    0x0, 0x0, 0x4, 0x88, 0x81, 0x0, 0x0, 0x0,
    0x0, 0x2, 0xff, 0xff, 0xc0, 0x0, 0x0, 0x0,
    0x1, 0xef, 0xfe, 0xff, 0xa0, 0x0, 0x0, 0x0,
    0xcf, 0xf7, 0xb, 0xff, 0x60, 0x0, 0x0, 0x9f,
    0xf5, 0x0, 0xa, 0xff, 0x30, 0x0, 0x8, 0x84,
    0x0, 0x0, 0x6, 0x85, 0x0, 0x0, 0x0, 0x0,
    0x0, 0x0, 0x0, 0x0, 0x0, 0x0, 0x5a, 0xdf,
    0xfe, 0xc8, 0x20, 0x0, 0x1, 0xcf, 0xff, 0xff,
    0xff, 0xff, 0x70, 0x0, 0xbf, 0xff, 0xfc, 0xbd,
    0xff, 0xff, 0x50, 0x2f, 0xff, 0xc0, 0x0, 0x3,
    0xff, 0xfd, 0x4, 0xff, 0xf8, 0x0, 0x0, 0x5,
    0x75, 0x40, 0x3f, 0xff, 0xf6, 0x10, 0x0, 0x0,
    0x0, 0x0, 0xdf, 0xff, 0xff, 0xea, 0x62, 0x0,
    0x0, 0x3, 0xef, 0xff, 0xff, 0xff, 0xfc, 0x40,
    0x0, 0x1, 0x8d, 0xff, 0xff, 0xff, 0xff, 0x70,
    0x0, 0x0, 0x2, 0x59, 0xcf, 0xff, 0xff, 0x10,
    0x0, 0x0, 0x0, 0x0, 0x2c, 0xff, 0xf5, 0x36,
    0x88, 0x0, 0x0, 0x0, 0x6f, 0xff, 0x6b, 0xff,
    0xf6, 0x0, 0x0, 0xb, 0xff, 0xf3, 0x3f, 0xff,
    0xfe, 0xbb, 0xcf, 0xff, 0xfc, 0x0, 0x5f, 0xff,
    0xff, 0xff, 0xff, 0xfb, 0x10, 0x0, 0x17, 0xbe,
    0xff, 0xfd, 0x94, 0x0, 0x0,

    /* U+015E "Ş" */
    0x0, 0x0, 0x5, 0xac, 0xef, 0xfe, 0xda, 0x60,
    0x0, 0x0, 0x0, 0x4e, 0xff, 0xff, 0xff, 0xff,
    0xff, 0xe5, 0x0, 0x0, 0x3f, 0xff, 0xff, 0xff,
    0xff, 0xff, 0xff, 0xf3, 0x0, 0xc, 0xff, 0xfe,
    0x72, 0x11, 0x38, 0xff, 0xff, 0xc0, 0x1, 0xff,
    0xff, 0x40, 0x0, 0x0, 0x6, 0xff, 0xff, 0x20,
    0x2f, 0xff, 0xf1, 0x0, 0x0, 0x0, 0x7, 0x53,
    0x10, 0x0, 0xff, 0xff, 0x70, 0x0, 0x0, 0x0,
    0x0, 0x0, 0x0, 0xb, 0xff, 0xff, 0xb5, 0x10,
    0x0, 0x0, 0x0, 0x0, 0x0, 0x2e, 0xff, 0xff,
    0xff, 0xeb, 0x73, 0x0, 0x0, 0x0, 0x0, 0x2b,
    0xff, 0xff, 0xff, 0xff, 0xfe, 0x91, 0x0, 0x0,
    0x0, 0x2, 0x8c, 0xff, 0xff, 0xff, 0xff, 0xf5,
    0x0, 0x0, 0x0, 0x0, 0x0, 0x36, 0xae, 0xff,
    0xff, 0xf2, 0x0, 0x0, 0x0, 0x0, 0x0, 0x0,
    0x6, 0xff, 0xff, 0x90, 0x0, 0x0, 0x0, 0x0,
    0x0, 0x0, 0x8, 0xff, 0xfc, 0x8, 0xbd, 0xf5,
    0x0, 0x0, 0x0, 0x0, 0x6f, 0xff, 0xc0, 0xdf,
    0xff, 0xd2, 0x0, 0x0, 0x0, 0xc, 0xff, 0xfa,
    0x5, 0xff, 0xff, 0xf9, 0x54, 0x34, 0x7d, 0xff,
    0xff, 0x50, 0x9, 0xff, 0xff, 0xff, 0xff, 0xff,
    0xff, 0xff, 0xa0, 0x0, 0x6, 0xff, 0xff, 0xff,
    0xff, 0xff, 0xff, 0x80, 0x0, 0x0, 0x0, 0x6a,
    0xde, 0xff, 0xfd, 0xa6, 0x10, 0x0, 0x0, 0x0,
    0x0, 0x0, 0x1f, 0xf0, 0x0, 0x0, 0x0, 0x0,
    0x0, 0x0, 0x0, 0x7, 0xff, 0xf9, 0x0, 0x0,
    0x0, 0x0, 0x0, 0x0, 0x0, 0x24, 0xaf, 0xf5,
    0x0, 0x0, 0x0, 0x0, 0x0, 0x0, 0x0, 0x4,
    0xff, 0x70, 0x0, 0x0, 0x0, 0x0, 0x0, 0x5,
    0xbc, 0xff, 0xf2, 0x0, 0x0, 0x0, 0x0, 0x0,
    0x0, 0x5f, 0xfe, 0xa3, 0x0, 0x0, 0x0,

    /* U+015F "ş" */
    0x0, 0x5, 0xad, 0xff, 0xec, 0x82, 0x0, 0x0,
    0x1c, 0xff, 0xff, 0xff, 0xff, 0xf7, 0x0, 0xb,
    0xff, 0xff, 0xcb, 0xdf, 0xff, 0xf5, 0x2, 0xff,
    0xfc, 0x0, 0x0, 0x3f, 0xff, 0xd0, 0x4f, 0xff,
    0x80, 0x0, 0x0, 0x57, 0x54, 0x3, 0xff, 0xff,
    0x61, 0x0, 0x0, 0x0, 0x0, 0xd, 0xff, 0xff,
    0xfe, 0xa6, 0x20, 0x0, 0x0, 0x3e, 0xff, 0xff,
    0xff, 0xff, 0xc4, 0x0, 0x0, 0x18, 0xdf, 0xff,
    0xff, 0xff, 0xf7, 0x0, 0x0, 0x0, 0x25, 0x9c,
    0xff, 0xff, 0xf1, 0x0, 0x0, 0x0, 0x0, 0x2,
    0xcf, 0xff, 0x53, 0x68, 0x80, 0x0, 0x0, 0x6,
    0xff, 0xf6, 0xbf, 0xff, 0x60, 0x0, 0x0, 0xbf,
    0xff, 0x33, 0xff, 0xff, 0xeb, 0xbc, 0xff, 0xff,
    0xc0, 0x5, 0xff, 0xff, 0xff, 0xff, 0xff, 0xb1,
    0x0, 0x1, 0x7b, 0xef, 0xff, 0xd9, 0x40, 0x0,
    0x0, 0x0, 0x1, 0xff, 0x0, 0x0, 0x0, 0x0,
    0x0, 0x0, 0x7f, 0xff, 0x90, 0x0, 0x0, 0x0,
    0x0, 0x2, 0x4a, 0xff, 0x50, 0x0, 0x0, 0x0,
    0x0, 0x0, 0x4f, 0xf7, 0x0, 0x0, 0x0, 0x0,
    0x5b, 0xcf, 0xff, 0x20, 0x0, 0x0, 0x0, 0x5,
    0xff, 0xea, 0x30, 0x0, 0x0,

    /* U+0160 "Š" */
    0x0, 0x0, 0x3f, 0xfa, 0x0, 0x0, 0x8f, 0xf5,
    0x0, 0x0, 0x0, 0x0, 0x5f, 0xfd, 0x31, 0xbf,
    0xf8, 0x0, 0x0, 0x0, 0x0, 0x0, 0x6f, 0xff,
    0xef, 0xf9, 0x0, 0x0, 0x0, 0x0, 0x0, 0x0,
    0x7f, 0xff, 0xfb, 0x0, 0x0, 0x0, 0x0, 0x0,
    0x0, 0x0, 0x68, 0x87, 0x0, 0x0, 0x0, 0x0,
    0x0, 0x0, 0x0, 0x0, 0x0, 0x0, 0x0, 0x0,
    0x0, 0x0, 0x0, 0x0, 0x0, 0x0, 0x0, 0x0,
    0x0, 0x0, 0x0, 0x0, 0x0, 0x5a, 0xce, 0xff,
    0xed, 0xa6, 0x0, 0x0, 0x0, 0x4, 0xef, 0xff,
    0xff, 0xff, 0xff, 0xfe, 0x50, 0x0, 0x3, 0xff,
    0xff, 0xff, 0xff, 0xff, 0xff, 0xff, 0x30, 0x0,
    0xcf, 0xff, 0xe7, 0x21, 0x13, 0x8f, 0xff, 0xfc,
    0x0, 0x1f, 0xff, 0xf4, 0x0, 0x0, 0x0, 0x6f,
    0xff, 0xf2, 0x2, 0xff, 0xff, 0x10, 0x0, 0x0,
    0x0, 0x75, 0x31, 0x0, 0xf, 0xff, 0xf7, 0x0,
    0x0, 0x0, 0x0, 0x0, 0x0, 0x0, 0xbf, 0xff,
    0xfb, 0x51, 0x0, 0x0, 0x0, 0x0, 0x0, 0x2,
    0xef, 0xff, 0xff, 0xfe, 0xb7, 0x30, 0x0, 0x0,
    0x0, 0x2, 0xbf, 0xff, 0xff, 0xff, 0xff, 0xe9,
    0x10, 0x0, 0x0, 0x0, 0x28, 0xcf, 0xff, 0xff,
    0xff, 0xff, 0x50, 0x0, 0x0, 0x0, 0x0, 0x3,
    0x6a, 0xef, 0xff, 0xff, 0x20, 0x0, 0x0, 0x0,
    0x0, 0x0, 0x0, 0x6f, 0xff, 0xf9, 0x0, 0x0,
    0x0, 0x0, 0x0, 0x0, 0x0, 0x8f, 0xff, 0xc0,
    0x8b, 0xdf, 0x50, 0x0, 0x0, 0x0, 0x6, 0xff,
    0xfc, 0xd, 0xff, 0xfd, 0x20, 0x0, 0x0, 0x0,
    0xcf, 0xff, 0xa0, 0x5f, 0xff, 0xff, 0x95, 0x43,
    0x47, 0xdf, 0xff, 0xf5, 0x0, 0x9f, 0xff, 0xff,
    0xff, 0xff, 0xff, 0xff, 0xfa, 0x0, 0x0, 0x6f,
    0xff, 0xff, 0xff, 0xff, 0xff, 0xf8, 0x0, 0x0,
    0x0, 0x6, 0xad, 0xef, 0xfe, 0xda, 0x61, 0x0,
    0x0,

    /* U+0161 "š" */
    0x0, 0x78, 0x40, 0x0, 0x0, 0x68, 0x60, 0x0,
    0x8, 0xff, 0x70, 0x0, 0x9f, 0xf5, 0x0, 0x0,
    0xb, 0xff, 0x80, 0xaf, 0xf8, 0x0, 0x0, 0x0,
    0xd, 0xff, 0xef, 0xfb, 0x0, 0x0, 0x0, 0x0,
    0x2e, 0xff, 0xfd, 0x10, 0x0, 0x0, 0x0, 0x0,
    0x38, 0x88, 0x20, 0x0, 0x0, 0x0, 0x0, 0x0,
    0x0, 0x0, 0x0, 0x0, 0x0, 0x0, 0x5a, 0xdf,
    0xfe, 0xc8, 0x20, 0x0, 0x1, 0xcf, 0xff, 0xff,
    0xff, 0xff, 0x70, 0x0, 0xbf, 0xff, 0xfc, 0xbd,
    0xff, 0xff, 0x50, 0x2f, 0xff, 0xc0, 0x0, 0x3,
    0xff, 0xfd, 0x4, 0xff, 0xf8, 0x0, 0x0, 0x5,
    0x75, 0x40, 0x3f, 0xff, 0xf6, 0x10, 0x0, 0x0,
    0x0, 0x0, 0xdf, 0xff, 0xff, 0xea, 0x62, 0x0,
    0x0, 0x3, 0xef, 0xff, 0xff, 0xff, 0xfc, 0x40,
    0x0, 0x1, 0x8d, 0xff, 0xff, 0xff, 0xff, 0x70,
    0x0, 0x0, 0x2, 0x59, 0xcf, 0xff, 0xff, 0x10,
    0x0, 0x0, 0x0, 0x0, 0x2c, 0xff, 0xf5, 0x36,
    0x88, 0x0, 0x0, 0x0, 0x6f, 0xff, 0x6b, 0xff,
    0xf6, 0x0, 0x0, 0xb, 0xff, 0xf3, 0x3f, 0xff,
    0xfe, 0xbb, 0xcf, 0xff, 0xfc, 0x0, 0x5f, 0xff,
    0xff, 0xff, 0xff, 0xfb, 0x10, 0x0, 0x17, 0xbe,
    0xff, 0xfd, 0x94, 0x0, 0x0,

    /* U+0162 "Ţ" */
    0xaf, 0xff, 0xff, 0xff, 0xff, 0xff, 0xff, 0xff,
    0xff, 0xaf, 0xff, 0xff, 0xff, 0xff, 0xff, 0xff,
    0xff, 0xff, 0xaf, 0xff, 0xff, 0xff, 0xff, 0xff,
    0xff, 0xff, 0xff, 0x34, 0x44, 0x44, 0x4f, 0xff,
    0xf8, 0x44, 0x44, 0x44, 0x0, 0x0, 0x0, 0xf,
    0xff, 0xf5, 0x0, 0x0, 0x0, 0x0, 0x0, 0x0,
    0xf, 0xff, 0xf5, 0x0, 0x0, 0x0, 0x0, 0x0,
    0x0, 0xf, 0xff, 0xf5, 0x0, 0x0, 0x0, 0x0,
    0x0, 0x0, 0xf, 0xff, 0xf5, 0x0, 0x0, 0x0,
    0x0, 0x0, 0x0, 0xf, 0xff, 0xf5, 0x0, 0x0,
    0x0, 0x0, 0x0, 0x0, 0xf, 0xff, 0xf5, 0x0,
    0x0, 0x0, 0x0, 0x0, 0x0, 0xf, 0xff, 0xf5,
    0x0, 0x0, 0x0, 0x0, 0x0, 0x0, 0xf, 0xff,
    0xf5, 0x0, 0x0, 0x0, 0x0, 0x0, 0x0, 0xf,
    0xff, 0xf5, 0x0, 0x0, 0x0, 0x0, 0x0, 0x0,
    0xf, 0xff, 0xf5, 0x0, 0x0, 0x0, 0x0, 0x0,
    0x0, 0xf, 0xff, 0xf5, 0x0, 0x0, 0x0, 0x0,
    0x0, 0x0, 0xf, 0xff, 0xf5, 0x0, 0x0, 0x0,
    0x0, 0x0, 0x0, 0xf, 0xff, 0xf5, 0x0, 0x0,
    0x0, 0x0, 0x0, 0x0, 0xf, 0xff, 0xf5, 0x0,
    0x0, 0x0, 0x0, 0x0, 0x0, 0xf, 0xff, 0xf5,
    0x0, 0x0, 0x0, 0x0, 0x0, 0x0, 0xf, 0xff,
    0xf5, 0x0, 0x0, 0x0, 0x0, 0x0, 0x0, 0x1,
    0xff, 0x0, 0x0, 0x0, 0x0, 0x0, 0x0, 0x0,
    0x6, 0xff, 0xa5, 0x0, 0x0, 0x0, 0x0, 0x0,
    0x0, 0x5, 0x8d, 0xff, 0x30, 0x0, 0x0, 0x0,
    0x0, 0x0, 0x0, 0x5, 0xff, 0x60, 0x0, 0x0,
    0x0, 0x0, 0x0, 0x5b, 0xcf, 0xff, 0x20, 0x0,
    0x0, 0x0, 0x0, 0x0, 0x6f, 0xfe, 0xa3, 0x0,
    0x0, 0x0,

    /* U+0163 "ţ" */
    0x0, 0x1, 0x88, 0x30, 0x0, 0x0, 0x7, 0xff,
    0x70, 0x0, 0x0, 0xd, 0xff, 0x70, 0x0, 0x0,
    0x3f, 0xff, 0x70, 0x0, 0xaf, 0xff, 0xff, 0xff,
    0xf7, 0xaf, 0xff, 0xff, 0xff, 0xf7, 0x7c, 0xef,
    0xff, 0xdc, 0xc5, 0x0, 0xaf, 0xff, 0x70, 0x0,
    0x0, 0xaf, 0xff, 0x70, 0x0, 0x0, 0xaf, 0xff,
    0x70, 0x0, 0x0, 0xaf, 0xff, 0x70, 0x0, 0x0,
    0xaf, 0xff, 0x70, 0x0, 0x0, 0xaf, 0xff, 0x70,
    0x0, 0x0, 0xaf, 0xff, 0x70, 0x0, 0x0, 0xaf,
    0xff, 0x70, 0x0, 0x0, 0xaf, 0xff, 0x80, 0x0,
    0x0, 0x8f, 0xff, 0xd0, 0x0, 0x0, 0x6f, 0xff,
    0xff, 0xd9, 0x0, 0xe, 0xff, 0xff, 0xfa, 0x0,
    0x2, 0xaf, 0xfe, 0xc5, 0x0, 0x0, 0x3f, 0xd0,
    0x0, 0x0, 0x0, 0x9f, 0xfe, 0x70, 0x0, 0x0,
    0x35, 0xcf, 0xf3, 0x0, 0x0, 0x0, 0x7f, 0xf4,
    0x0, 0x7, 0xbc, 0xff, 0xe0, 0x0, 0x8, 0xff,
    0xd9, 0x10,

    /* U+0164 "Ť" */
    0x0, 0x1, 0x88, 0x40, 0x0, 0x0, 0x78, 0x50,
    0x0, 0x0, 0x0, 0x9f, 0xf8, 0x0, 0x2d, 0xff,
    0x20, 0x0, 0x0, 0x0, 0xa, 0xff, 0xc7, 0xff,
    0xf3, 0x0, 0x0, 0x0, 0x0, 0x0, 0xbf, 0xff,
    0xff, 0x50, 0x0, 0x0, 0x0, 0x0, 0x0, 0xc,
    0xff, 0xf6, 0x0, 0x0, 0x0, 0x0, 0x0, 0x0,
    0x0, 0x0, 0x0, 0x0, 0x0, 0x0, 0x0, 0x0,
    0x0, 0x0, 0x0, 0x0, 0x0, 0x0, 0x0, 0xaf,
    0xff, 0xff, 0xff, 0xff, 0xff, 0xff, 0xff, 0xff,
    0xaf, 0xff, 0xff, 0xff, 0xff, 0xff, 0xff, 0xff,
    0xff, 0xaf, 0xff, 0xff, 0xff, 0xff, 0xff, 0xff,
    0xff, 0xff, 0x34, 0x44, 0x44, 0x4f, 0xff, 0xf8,
    0x44, 0x44, 0x44, 0x0, 0x0, 0x0, 0xf, 0xff,
    0xf5, 0x0, 0x0, 0x0, 0x0, 0x0, 0x0, 0xf,
    0xff, 0xf5, 0x0, 0x0, 0x0, 0x0, 0x0, 0x0,
    0xf, 0xff, 0xf5, 0x0, 0x0, 0x0, 0x0, 0x0,
    0x0, 0xf, 0xff, 0xf5, 0x0, 0x0, 0x0, 0x0,
    0x0, 0x0, 0xf, 0xff, 0xf5, 0x0, 0x0, 0x0,
    0x0, 0x0, 0x0, 0xf, 0xff, 0xf5, 0x0, 0x0,
    0x0, 0x0, 0x0, 0x0, 0xf, 0xff, 0xf5, 0x0,
    0x0, 0x0, 0x0, 0x0, 0x0, 0xf, 0xff, 0xf5,
    0x0, 0x0, 0x0, 0x0, 0x0, 0x0, 0xf, 0xff,
    0xf5, 0x0, 0x0, 0x0, 0x0, 0x0, 0x0, 0xf,
    0xff, 0xf5, 0x0, 0x0, 0x0, 0x0, 0x0, 0x0,
    0xf, 0xff, 0xf5, 0x0, 0x0, 0x0, 0x0, 0x0,
    0x0, 0xf, 0xff, 0xf5, 0x0, 0x0, 0x0, 0x0,
    0x0, 0x0, 0xf, 0xff, 0xf5, 0x0, 0x0, 0x0,
    0x0, 0x0, 0x0, 0xf, 0xff, 0xf5, 0x0, 0x0,
    0x0, 0x0, 0x0, 0x0, 0xf, 0xff, 0xf5, 0x0,
    0x0, 0x0, 0x0, 0x0, 0x0, 0xf, 0xff, 0xf5,
    0x0, 0x0, 0x0,

    /* U+0165 "ť" */
    0x0, 0x0, 0x0, 0x0, 0x0, 0x3f, 0xff, 0x60,
    0x0, 0x0, 0x0, 0x0, 0x3, 0xff, 0xf6, 0x0,
    0x3, 0xdd, 0x60, 0x0, 0x3f, 0xff, 0x50, 0x0,
    0x9f, 0xf7, 0x0, 0x0, 0xb, 0xf3, 0x0, 0xe,
    0xff, 0x70, 0x0, 0x1, 0xfd, 0x0, 0x4, 0xff,
    0xf7, 0x0, 0x0, 0x9f, 0x40, 0xaf, 0xff, 0xff,
    0xff, 0xf7, 0x0, 0x0, 0xa, 0xff, 0xff, 0xff,
    0xff, 0x70, 0x0, 0x0, 0x7c, 0xef, 0xff, 0xdc,
    0xc5, 0x0, 0x0, 0x0, 0xa, 0xff, 0xf7, 0x0,
    0x0, 0x0, 0x0, 0x0, 0xaf, 0xff, 0x70, 0x0,
    0x0, 0x0, 0x0, 0xa, 0xff, 0xf7, 0x0, 0x0,
    0x0, 0x0, 0x0, 0xaf, 0xff, 0x70, 0x0, 0x0,
    0x0, 0x0, 0xa, 0xff, 0xf7, 0x0, 0x0, 0x0,
    0x0, 0x0, 0xaf, 0xff, 0x70, 0x0, 0x0, 0x0,
    0x0, 0xa, 0xff, 0xf7, 0x0, 0x0, 0x0, 0x0,
    0x0, 0xaf, 0xff, 0x70, 0x0, 0x0, 0x0, 0x0,
    0xa, 0xff, 0xf8, 0x0, 0x0, 0x0, 0x0, 0x0,
    0x8f, 0xff, 0xd0, 0x0, 0x0, 0x0, 0x0, 0x6,
    0xff, 0xff, 0xfd, 0x90, 0x0, 0x0, 0x0, 0xe,
    0xff, 0xff, 0xfa, 0x0, 0x0, 0x0, 0x0, 0x2a,
    0xef, 0xec, 0x50, 0x0, 0x0,

    /* U+0166 "Ŧ" */
    0xaf, 0xff, 0xff, 0xff, 0xff, 0xff, 0xff, 0xff,
    0xff, 0xaf, 0xff, 0xff, 0xff, 0xff, 0xff, 0xff,
    0xff, 0xff, 0xaf, 0xff, 0xff, 0xff, 0xff, 0xff,
    0xff, 0xff, 0xff, 0x34, 0x44, 0x44, 0x4f, 0xff,
    0xf8, 0x44, 0x44, 0x44, 0x0, 0x0, 0x0, 0xf,
    0xff, 0xf5, 0x0, 0x0, 0x0, 0x0, 0x0, 0x0,
    0xf, 0xff, 0xf5, 0x0, 0x0, 0x0, 0x0, 0x0,
    0x0, 0xf, 0xff, 0xf5, 0x0, 0x0, 0x0, 0x0,
    0x0, 0x0, 0xf, 0xff, 0xf5, 0x0, 0x0, 0x0,
    0x0, 0x3, 0xcc, 0xcf, 0xff, 0xfd, 0xcc, 0x70,
    0x0, 0x0, 0x5, 0xff, 0xff, 0xff, 0xff, 0xff,
    0xa0, 0x0, 0x0, 0x5, 0xff, 0xff, 0xff, 0xff,
    0xff, 0xa0, 0x0, 0x0, 0x0, 0x0, 0xf, 0xff,
    0xf5, 0x0, 0x0, 0x0, 0x0, 0x0, 0x0, 0xf,
    0xff, 0xf5, 0x0, 0x0, 0x0, 0x0, 0x0, 0x0,
    0xf, 0xff, 0xf5, 0x0, 0x0, 0x0, 0x0, 0x0,
    0x0, 0xf, 0xff, 0xf5, 0x0, 0x0, 0x0, 0x0,
    0x0, 0x0, 0xf, 0xff, 0xf5, 0x0, 0x0, 0x0,
    0x0, 0x0, 0x0, 0xf, 0xff, 0xf5, 0x0, 0x0,
    0x0, 0x0, 0x0, 0x0, 0xf, 0xff, 0xf5, 0x0,
    0x0, 0x0, 0x0, 0x0, 0x0, 0xf, 0xff, 0xf5,
    0x0, 0x0, 0x0, 0x0, 0x0, 0x0, 0xf, 0xff,
    0xf5, 0x0, 0x0, 0x0,

    /* U+0167 "ŧ" */
    0x0, 0x1, 0x88, 0x30, 0x0, 0x0, 0x7, 0xff,
    0x70, 0x0, 0x0, 0xd, 0xff, 0x70, 0x0, 0x0,
    0x3f, 0xff, 0x70, 0x0, 0xaf, 0xff, 0xff, 0xff,
    0xf7, 0xaf, 0xff, 0xff, 0xff, 0xf7, 0x7c, 0xef,
    0xff, 0xdc, 0xc5, 0x0, 0xaf, 0xff, 0x70, 0x0,
    0x0, 0xaf, 0xff, 0x70, 0x0, 0x0, 0xaf, 0xff,
    0x70, 0x0, 0x7f, 0xff, 0xff, 0xff, 0xf2, 0x7f,
    0xff, 0xff, 0xff, 0xf2, 0x5c, 0xef, 0xff, 0xdc,
    0xc1, 0x0, 0xaf, 0xff, 0x70, 0x0, 0x0, 0xaf,
    0xff, 0x70, 0x0, 0x0, 0xaf, 0xff, 0x80, 0x0,
    0x0, 0x9f, 0xff, 0xd0, 0x0, 0x0, 0x6f, 0xff,
    0xff, 0xd9, 0x0, 0x1e, 0xff, 0xff, 0xfa, 0x0,
    0x2, 0xae, 0xfe, 0xc5,

    /* U+0168 "Ũ" */
    0x0, 0x0, 0x5, 0xdf, 0xc4, 0x0, 0x9, 0xf7,
    0x0, 0x0, 0x0, 0x3, 0xff, 0xff, 0xfa, 0x21,
    0xef, 0x50, 0x0, 0x0, 0x0, 0x9f, 0xe8, 0xcf,
    0xff, 0xff, 0xf1, 0x0, 0x0, 0x0, 0xc, 0xf5,
    0x0, 0x5e, 0xff, 0xf7, 0x0, 0x0, 0x0, 0x0,
    0x67, 0x10, 0x0, 0x5, 0x73, 0x0, 0x0, 0x0,
    0x0, 0x0, 0x0, 0x0, 0x0, 0x0, 0x0, 0x0,
    0x0, 0x0, 0x0, 0x0, 0x0, 0x0, 0x0, 0x0,
    0x0, 0x0, 0x3, 0xff, 0xff, 0x20, 0x0, 0x0,
    0x0, 0x7, 0xff, 0xfd, 0x3f, 0xff, 0xf2, 0x0,
    0x0, 0x0, 0x0, 0x7f, 0xff, 0xd3, 0xff, 0xff,
    0x20, 0x0, 0x0, 0x0, 0x7, 0xff, 0xfd, 0x3f,
    0xff, 0xf2, 0x0, 0x0, 0x0, 0x0, 0x7f, 0xff,
    0xd3, 0xff, 0xff, 0x20, 0x0, 0x0, 0x0, 0x7,
    0xff, 0xfd, 0x3f, 0xff, 0xf2, 0x0, 0x0, 0x0,
    0x0, 0x7f, 0xff, 0xd3, 0xff, 0xff, 0x20, 0x0,
    0x0, 0x0, 0x7, 0xff, 0xfd, 0x3f, 0xff, 0xf2,
    0x0, 0x0, 0x0, 0x0, 0x7f, 0xff, 0xd3, 0xff,
    0xff, 0x20, 0x0, 0x0, 0x0, 0x7, 0xff, 0xfd,
    0x3f, 0xff, 0xf2, 0x0, 0x0, 0x0, 0x0, 0x7f,
    0xff, 0xd3, 0xff, 0xff, 0x20, 0x0, 0x0, 0x0,
    0x7, 0xff, 0xfd, 0x3f, 0xff, 0xf2, 0x0, 0x0,
    0x0, 0x0, 0x7f, 0xff, 0xd2, 0xff, 0xff, 0x20,
    0x0, 0x0, 0x0, 0x8, 0xff, 0xfc, 0x1f, 0xff,
    0xf4, 0x0, 0x0, 0x0, 0x0, 0xbf, 0xff, 0xb0,
    0xef, 0xff, 0xa0, 0x0, 0x0, 0x0, 0x2f, 0xff,
    0xf7, 0xa, 0xff, 0xff, 0x60, 0x0, 0x0, 0x1c,
    0xff, 0xff, 0x20, 0x2f, 0xff, 0xff, 0xc7, 0x66,
    0x9f, 0xff, 0xff, 0x90, 0x0, 0x6f, 0xff, 0xff,
    0xff, 0xff, 0xff, 0xff, 0xc0, 0x0, 0x0, 0x5e,
    0xff, 0xff, 0xff, 0xff, 0xff, 0x80, 0x0, 0x0,
    0x0, 0x5, 0xad, 0xef, 0xfd, 0xb7, 0x10, 0x0,
    0x0,

    /* U+0169 "ũ" */
    0x0, 0x3, 0xcf, 0xd6, 0x0, 0x5, 0xfb, 0x0,
    0x0, 0xe, 0xff, 0xff, 0xd4, 0xb, 0xf9, 0x0,
    0x0, 0x5f, 0xf8, 0xaf, 0xff, 0xff, 0xf5, 0x0,
    0x0, 0x8f, 0x90, 0x3, 0xcf, 0xff, 0xb0, 0x0,
    0x0, 0x47, 0x30, 0x0, 0x4, 0x74, 0x0, 0x0,
    0x0, 0x0, 0x0, 0x0, 0x0, 0x0, 0x0, 0x0,
    0x2f, 0xff, 0xf0, 0x0, 0x0, 0xe, 0xff, 0xf3,
    0x2f, 0xff, 0xf0, 0x0, 0x0, 0xe, 0xff, 0xf3,
    0x2f, 0xff, 0xf0, 0x0, 0x0, 0xe, 0xff, 0xf3,
    0x2f, 0xff, 0xf0, 0x0, 0x0, 0xe, 0xff, 0xf3,
    0x2f, 0xff, 0xf0, 0x0, 0x0, 0xe, 0xff, 0xf3,
    0x2f, 0xff, 0xf0, 0x0, 0x0, 0xe, 0xff, 0xf3,
    0x2f, 0xff, 0xf0, 0x0, 0x0, 0xe, 0xff, 0xf3,
    0x2f, 0xff, 0xf0, 0x0, 0x0, 0xe, 0xff, 0xf3,
    0x2f, 0xff, 0xf0, 0x0, 0x0, 0xe, 0xff, 0xf3,
    0x2f, 0xff, 0xf0, 0x0, 0x0, 0xf, 0xff, 0xf3,
    0x1f, 0xff, 0xf2, 0x0, 0x0, 0x4f, 0xff, 0xf3,
    0xf, 0xff, 0xf7, 0x0, 0x0, 0xbf, 0xff, 0xf3,
    0xc, 0xff, 0xff, 0x61, 0x2a, 0xfe, 0xff, 0xf3,
    0x6, 0xff, 0xff, 0xff, 0xff, 0x9b, 0xff, 0xf3,
    0x0, 0xbf, 0xff, 0xff, 0xfc, 0x1a, 0xff, 0xf4,
    0x0, 0x6, 0xcf, 0xfc, 0x70, 0x9, 0xff, 0xf5,

    /* U+016A "Ū" */
    0x0, 0x0, 0xa, 0xff, 0xff, 0xff, 0xff, 0x50,
    0x0, 0x0, 0x0, 0x0, 0xaf, 0xff, 0xff, 0xff,
    0xf5, 0x0, 0x0, 0x0, 0x0, 0x4, 0x77, 0x77,
    0x77, 0x77, 0x20, 0x0, 0x0, 0x0, 0x0, 0x0,
    0x0, 0x0, 0x0, 0x0, 0x0, 0x0, 0x0, 0x0,
    0x0, 0x0, 0x0, 0x0, 0x0, 0x0, 0x0, 0x3,
    0xff, 0xff, 0x20, 0x0, 0x0, 0x0, 0x7, 0xff,
    0xfd, 0x3f, 0xff, 0xf2, 0x0, 0x0, 0x0, 0x0,
    0x7f, 0xff, 0xd3, 0xff, 0xff, 0x20, 0x0, 0x0,
    0x0, 0x7, 0xff, 0xfd, 0x3f, 0xff, 0xf2, 0x0,
    0x0, 0x0, 0x0, 0x7f, 0xff, 0xd3, 0xff, 0xff,
    0x20, 0x0, 0x0, 0x0, 0x7, 0xff, 0xfd, 0x3f,
    0xff, 0xf2, 0x0, 0x0, 0x0, 0x0, 0x7f, 0xff,
    0xd3, 0xff, 0xff, 0x20, 0x0, 0x0, 0x0, 0x7,
    0xff, 0xfd, 0x3f, 0xff, 0xf2, 0x0, 0x0, 0x0,
    0x0, 0x7f, 0xff, 0xd3, 0xff, 0xff, 0x20, 0x0,
    0x0, 0x0, 0x7, 0xff, 0xfd, 0x3f, 0xff, 0xf2,
    0x0, 0x0, 0x0, 0x0, 0x7f, 0xff, 0xd3, 0xff,
    0xff, 0x20, 0x0, 0x0, 0x0, 0x7, 0xff, 0xfd,
    0x3f, 0xff, 0xf2, 0x0, 0x0, 0x0, 0x0, 0x7f,
    0xff, 0xd2, 0xff, 0xff, 0x20, 0x0, 0x0, 0x0,
    0x8, 0xff, 0xfc, 0x1f, 0xff, 0xf4, 0x0, 0x0,
    0x0, 0x0, 0xbf, 0xff, 0xb0, 0xef, 0xff, 0xa0,
    0x0, 0x0, 0x0, 0x2f, 0xff, 0xf7, 0xa, 0xff,
    0xff, 0x60, 0x0, 0x0, 0x1c, 0xff, 0xff, 0x20,
    0x2f, 0xff, 0xff, 0xc7, 0x66, 0x9f, 0xff, 0xff,
    0x90, 0x0, 0x6f, 0xff, 0xff, 0xff, 0xff, 0xff,
    0xff, 0xc0, 0x0, 0x0, 0x5e, 0xff, 0xff, 0xff,
    0xff, 0xff, 0x80, 0x0, 0x0, 0x0, 0x5, 0xad,
    0xef, 0xfd, 0xb7, 0x10, 0x0, 0x0,

    /* U+016B "ū" */
    0x0, 0x6, 0xff, 0xff, 0xff, 0xff, 0x80, 0x0,
    0x0, 0x6, 0xff, 0xff, 0xff, 0xff, 0x80, 0x0,
    0x0, 0x2, 0x77, 0x77, 0x77, 0x77, 0x30, 0x0,
    0x0, 0x0, 0x0, 0x0, 0x0, 0x0, 0x0, 0x0,
    0x2f, 0xff, 0xf0, 0x0, 0x0, 0xe, 0xff, 0xf3,
    0x2f, 0xff, 0xf0, 0x0, 0x0, 0xe, 0xff, 0xf3,
    0x2f, 0xff, 0xf0, 0x0, 0x0, 0xe, 0xff, 0xf3,
    0x2f, 0xff, 0xf0, 0x0, 0x0, 0xe, 0xff, 0xf3,
    0x2f, 0xff, 0xf0, 0x0, 0x0, 0xe, 0xff, 0xf3,
    0x2f, 0xff, 0xf0, 0x0, 0x0, 0xe, 0xff, 0xf3,
    0x2f, 0xff, 0xf0, 0x0, 0x0, 0xe, 0xff, 0xf3,
    0x2f, 0xff, 0xf0, 0x0, 0x0, 0xe, 0xff, 0xf3,
    0x2f, 0xff, 0xf0, 0x0, 0x0, 0xe, 0xff, 0xf3,
    0x2f, 0xff, 0xf0, 0x0, 0x0, 0xf, 0xff, 0xf3,
    0x1f, 0xff, 0xf2, 0x0, 0x0, 0x4f, 0xff, 0xf3,
    0xf, 0xff, 0xf7, 0x0, 0x0, 0xbf, 0xff, 0xf3,
    0xc, 0xff, 0xff, 0x61, 0x2a, 0xfe, 0xff, 0xf3,
    0x6, 0xff, 0xff, 0xff, 0xff, 0x9b, 0xff, 0xf3,
    0x0, 0xbf, 0xff, 0xff, 0xfc, 0x1a, 0xff, 0xf4,
    0x0, 0x6, 0xcf, 0xfc, 0x70, 0x9, 0xff, 0xf5,

    /* U+016C "Ŭ" */
    0x0, 0x0, 0x28, 0x81, 0x0, 0x0, 0x38, 0x70,
    0x0, 0x0, 0x0, 0x2, 0xff, 0x70, 0x0, 0xc,
    0xfc, 0x0, 0x0, 0x0, 0x0, 0xb, 0xff, 0x94,
    0x5c, 0xff, 0x50, 0x0, 0x0, 0x0, 0x0, 0x1d,
    0xff, 0xff, 0xff, 0x90, 0x0, 0x0, 0x0, 0x0,
    0x0, 0x8, 0xdf, 0xfc, 0x50, 0x0, 0x0, 0x0,
    0x0, 0x0, 0x0, 0x0, 0x0, 0x0, 0x0, 0x0,
    0x0, 0x0, 0x0, 0x0, 0x0, 0x0, 0x0, 0x0,
    0x0, 0x0, 0x3, 0xff, 0xff, 0x20, 0x0, 0x0,
    0x0, 0x7, 0xff, 0xfd, 0x3f, 0xff, 0xf2, 0x0,
    0x0, 0x0, 0x0, 0x7f, 0xff, 0xd3, 0xff, 0xff,
    0x20, 0x0, 0x0, 0x0, 0x7, 0xff, 0xfd, 0x3f,
    0xff, 0xf2, 0x0, 0x0, 0x0, 0x0, 0x7f, 0xff,
    0xd3, 0xff, 0xff, 0x20, 0x0, 0x0, 0x0, 0x7,
    0xff, 0xfd, 0x3f, 0xff, 0xf2, 0x0, 0x0, 0x0,
    0x0, 0x7f, 0xff, 0xd3, 0xff, 0xff, 0x20, 0x0,
    0x0, 0x0, 0x7, 0xff, 0xfd, 0x3f, 0xff, 0xf2,
    0x0, 0x0, 0x0, 0x0, 0x7f, 0xff, 0xd3, 0xff,
    0xff, 0x20, 0x0, 0x0, 0x0, 0x7, 0xff, 0xfd,
    0x3f, 0xff, 0xf2, 0x0, 0x0, 0x0, 0x0, 0x7f,
    0xff, 0xd3, 0xff, 0xff, 0x20, 0x0, 0x0, 0x0,
    0x7, 0xff, 0xfd, 0x3f, 0xff, 0xf2, 0x0, 0x0,
    0x0, 0x0, 0x7f, 0xff, 0xd2, 0xff, 0xff, 0x20,
    0x0, 0x0, 0x0, 0x8, 0xff, 0xfc, 0x1f, 0xff,
    0xf4, 0x0, 0x0, 0x0, 0x0, 0xbf, 0xff, 0xb0,
    0xef, 0xff, 0xa0, 0x0, 0x0, 0x0, 0x2f, 0xff,
    0xf7, 0xa, 0xff, 0xff, 0x60, 0x0, 0x0, 0x1c,
    0xff, 0xff, 0x20, 0x2f, 0xff, 0xff, 0xc7, 0x66,
    0x9f, 0xff, 0xff, 0x90, 0x0, 0x6f, 0xff, 0xff,
    0xff, 0xff, 0xff, 0xff, 0xc0, 0x0, 0x0, 0x5e,
    0xff, 0xff, 0xff, 0xff, 0xff, 0x80, 0x0, 0x0,
    0x0, 0x5, 0xad, 0xef, 0xfd, 0xb7, 0x10, 0x0,
    0x0,

    /* U+016D "ŭ" */
    0x0, 0xf, 0xf9, 0x0, 0x0, 0x4f, 0xf3, 0x0,
    0x0, 0xa, 0xff, 0x71, 0x4, 0xef, 0xe0, 0x0,
    0x0, 0x1, 0xef, 0xff, 0xff, 0xff, 0x40, 0x0,
    0x0, 0x0, 0x2b, 0xff, 0xff, 0xd4, 0x0, 0x0,
    0x0, 0x0, 0x0, 0x13, 0x42, 0x0, 0x0, 0x0,
    0x0, 0x0, 0x0, 0x0, 0x0, 0x0, 0x0, 0x0,
    0x2f, 0xff, 0xf0, 0x0, 0x0, 0xe, 0xff, 0xf3,
    0x2f, 0xff, 0xf0, 0x0, 0x0, 0xe, 0xff, 0xf3,
    0x2f, 0xff, 0xf0, 0x0, 0x0, 0xe, 0xff, 0xf3,
    0x2f, 0xff, 0xf0, 0x0, 0x0, 0xe, 0xff, 0xf3,
    0x2f, 0xff, 0xf0, 0x0, 0x0, 0xe, 0xff, 0xf3,
    0x2f, 0xff, 0xf0, 0x0, 0x0, 0xe, 0xff, 0xf3,
    0x2f, 0xff, 0xf0, 0x0, 0x0, 0xe, 0xff, 0xf3,
    0x2f, 0xff, 0xf0, 0x0, 0x0, 0xe, 0xff, 0xf3,
    0x2f, 0xff, 0xf0, 0x0, 0x0, 0xe, 0xff, 0xf3,
    0x2f, 0xff, 0xf0, 0x0, 0x0, 0xf, 0xff, 0xf3,
    0x1f, 0xff, 0xf2, 0x0, 0x0, 0x4f, 0xff, 0xf3,
    0xf, 0xff, 0xf7, 0x0, 0x0, 0xbf, 0xff, 0xf3,
    0xc, 0xff, 0xff, 0x61, 0x2a, 0xfe, 0xff, 0xf3,
    0x6, 0xff, 0xff, 0xff, 0xff, 0x9b, 0xff, 0xf3,
    0x0, 0xbf, 0xff, 0xff, 0xfc, 0x1a, 0xff, 0xf4,
    0x0, 0x6, 0xcf, 0xfc, 0x70, 0x9, 0xff, 0xf5,

    /* U+016E "Ů" */
    0x0, 0x0, 0x0, 0x3, 0xbf, 0xe9, 0x10, 0x0,
    0x0, 0x0, 0x0, 0x0, 0x3, 0xff, 0xef, 0xfd,
    0x0, 0x0, 0x0, 0x0, 0x0, 0x0, 0xbf, 0x70,
    0xb, 0xf6, 0x0, 0x0, 0x0, 0x0, 0x0, 0xd,
    0xf1, 0x0, 0x5f, 0x80, 0x0, 0x0, 0x0, 0x0,
    0x0, 0xbf, 0x70, 0xb, 0xf6, 0x0, 0x0, 0x0,
    0x0, 0x0, 0x3, 0xff, 0xef, 0xfd, 0x0, 0x0,
    0x0, 0x0, 0x0, 0x0, 0x3, 0xcf, 0xe9, 0x10,
    0x0, 0x0, 0x0, 0x0, 0x0, 0x0, 0x0, 0x0,
    0x0, 0x0, 0x0, 0x0, 0x0, 0x0, 0x0, 0x0,
    0x0, 0x0, 0x0, 0x0, 0x0, 0x3, 0xff, 0xff,
    0x20, 0x0, 0x0, 0x0, 0x7, 0xff, 0xfd, 0x3f,
    0xff, 0xf2, 0x0, 0x0, 0x0, 0x0, 0x7f, 0xff,
    0xd3, 0xff, 0xff, 0x20, 0x0, 0x0, 0x0, 0x7,
    0xff, 0xfd, 0x3f, 0xff, 0xf2, 0x0, 0x0, 0x0,
    0x0, 0x7f, 0xff, 0xd3, 0xff, 0xff, 0x20, 0x0,
    0x0, 0x0, 0x7, 0xff, 0xfd, 0x3f, 0xff, 0xf2,
    0x0, 0x0, 0x0, 0x0, 0x7f, 0xff, 0xd3, 0xff,
    0xff, 0x20, 0x0, 0x0, 0x0, 0x7, 0xff, 0xfd,
    0x3f, 0xff, 0xf2, 0x0, 0x0, 0x0, 0x0, 0x7f,
    0xff, 0xd3, 0xff, 0xff, 0x20, 0x0, 0x0, 0x0,
    0x7, 0xff, 0xfd, 0x3f, 0xff, 0xf2, 0x0, 0x0,
    0x0, 0x0, 0x7f, 0xff, 0xd3, 0xff, 0xff, 0x20,
    0x0, 0x0, 0x0, 0x7, 0xff, 0xfd, 0x3f, 0xff,
    0xf2, 0x0, 0x0, 0x0, 0x0, 0x7f, 0xff, 0xd2,
    0xff, 0xff, 0x20, 0x0, 0x0, 0x0, 0x8, 0xff,
    0xfc, 0x1f, 0xff, 0xf4, 0x0, 0x0, 0x0, 0x0,
    0xbf, 0xff, 0xb0, 0xef, 0xff, 0xa0, 0x0, 0x0,
    0x0, 0x2f, 0xff, 0xf7, 0xa, 0xff, 0xff, 0x60,
    0x0, 0x0, 0x1c, 0xff, 0xff, 0x20, 0x2f, 0xff,
    0xff, 0xc7, 0x66, 0x9f, 0xff, 0xff, 0x90, 0x0,
    0x6f, 0xff, 0xff, 0xff, 0xff, 0xff, 0xff, 0xc0,
    0x0, 0x0, 0x5e, 0xff, 0xff, 0xff, 0xff, 0xff,
    0x80, 0x0, 0x0, 0x0, 0x5, 0xad, 0xef, 0xfd,
    0xb7, 0x10, 0x0, 0x0,

    /* U+016F "ů" */
    0x0, 0x0, 0x1, 0xae, 0xfb, 0x20, 0x0, 0x0,
    0x0, 0x0, 0xd, 0xff, 0xff, 0xf2, 0x0, 0x0,
    0x0, 0x0, 0x7f, 0xb0, 0x8, 0xfa, 0x0, 0x0,
    0x0, 0x0, 0x9f, 0x50, 0x1, 0xfc, 0x0, 0x0,
    0x0, 0x0, 0x7f, 0xa0, 0x7, 0xfa, 0x0, 0x0,
    0x0, 0x0, 0x1e, 0xfe, 0xef, 0xf2, 0x0, 0x0,
    0x0, 0x0, 0x1, 0xaf, 0xfb, 0x30, 0x0, 0x0,
    0x0, 0x0, 0x0, 0x0, 0x0, 0x0, 0x0, 0x0,
    0x2f, 0xff, 0xf0, 0x0, 0x0, 0xe, 0xff, 0xf3,
    0x2f, 0xff, 0xf0, 0x0, 0x0, 0xe, 0xff, 0xf3,
    0x2f, 0xff, 0xf0, 0x0, 0x0, 0xe, 0xff, 0xf3,
    0x2f, 0xff, 0xf0, 0x0, 0x0, 0xe, 0xff, 0xf3,
    0x2f, 0xff, 0xf0, 0x0, 0x0, 0xe, 0xff, 0xf3,
    0x2f, 0xff, 0xf0, 0x0, 0x0, 0xe, 0xff, 0xf3,
    0x2f, 0xff, 0xf0, 0x0, 0x0, 0xe, 0xff, 0xf3,
    0x2f, 0xff, 0xf0, 0x0, 0x0, 0xe, 0xff, 0xf3,
    0x2f, 0xff, 0xf0, 0x0, 0x0, 0xe, 0xff, 0xf3,
    0x2f, 0xff, 0xf0, 0x0, 0x0, 0xf, 0xff, 0xf3,
    0x1f, 0xff, 0xf2, 0x0, 0x0, 0x4f, 0xff, 0xf3,
    0xf, 0xff, 0xf7, 0x0, 0x0, 0xbf, 0xff, 0xf3,
    0xc, 0xff, 0xff, 0x61, 0x2a, 0xfe, 0xff, 0xf3,
    0x6, 0xff, 0xff, 0xff, 0xff, 0x9b, 0xff, 0xf3,
    0x0, 0xbf, 0xff, 0xff, 0xfc, 0x1a, 0xff, 0xf4,
    0x0, 0x6, 0xcf, 0xfc, 0x70, 0x9, 0xff, 0xf5,

    /* U+0170 "Ű" */
    0x0, 0x0, 0x0, 0x8, 0xff, 0xf4, 0x9, 0xff,
    0xf3, 0x0, 0x0, 0x0, 0x6, 0xff, 0xe4, 0x6,
    0xff, 0xe3, 0x0, 0x0, 0x0, 0x4, 0xff, 0xc1,
    0x4, 0xff, 0xb1, 0x0, 0x0, 0x0, 0x1, 0xff,
    0x80, 0x2, 0xff, 0x80, 0x0, 0x0, 0x0, 0x0,
    0x2, 0x10, 0x0, 0x2, 0x10, 0x0, 0x0, 0x0,
    0x0, 0x0, 0x0, 0x0, 0x0, 0x0, 0x0, 0x0,
    0x0, 0x0, 0x0, 0x0, 0x0, 0x0, 0x0, 0x0,
    0x0, 0x0, 0x3, 0xff, 0xff, 0x20, 0x0, 0x0,
    0x0, 0x7, 0xff, 0xfd, 0x3f, 0xff, 0xf2, 0x0,
    0x0, 0x0, 0x0, 0x7f, 0xff, 0xd3, 0xff, 0xff,
    0x20, 0x0, 0x0, 0x0, 0x7, 0xff, 0xfd, 0x3f,
    0xff, 0xf2, 0x0, 0x0, 0x0, 0x0, 0x7f, 0xff,
    0xd3, 0xff, 0xff, 0x20, 0x0, 0x0, 0x0, 0x7,
    0xff, 0xfd, 0x3f, 0xff, 0xf2, 0x0, 0x0, 0x0,
    0x0, 0x7f, 0xff, 0xd3, 0xff, 0xff, 0x20, 0x0,
    0x0, 0x0, 0x7, 0xff, 0xfd, 0x3f, 0xff, 0xf2,
    0x0, 0x0, 0x0, 0x0, 0x7f, 0xff, 0xd3, 0xff,
    0xff, 0x20, 0x0, 0x0, 0x0, 0x7, 0xff, 0xfd,
    0x3f, 0xff, 0xf2, 0x0, 0x0, 0x0, 0x0, 0x7f,
    0xff, 0xd3, 0xff, 0xff, 0x20, 0x0, 0x0, 0x0,
    0x7, 0xff, 0xfd, 0x3f, 0xff, 0xf2, 0x0, 0x0,
    0x0, 0x0, 0x7f, 0xff, 0xd2, 0xff, 0xff, 0x20,
    0x0, 0x0, 0x0, 0x8, 0xff, 0xfc, 0x1f, 0xff,
    0xf4, 0x0, 0x0, 0x0, 0x0, 0xbf, 0xff, 0xb0,
    0xef, 0xff, 0xa0, 0x0, 0x0, 0x0, 0x2f, 0xff,
    0xf7, 0xa, 0xff, 0xff, 0x60, 0x0, 0x0, 0x1c,
    0xff, 0xff, 0x20, 0x2f, 0xff, 0xff, 0xc7, 0x66,
    0x9f, 0xff, 0xff, 0x90, 0x0, 0x6f, 0xff, 0xff,
    0xff, 0xff, 0xff, 0xff, 0xc0, 0x0, 0x0, 0x5e,
    0xff, 0xff, 0xff, 0xff, 0xff, 0x80, 0x0, 0x0,
    0x0, 0x5, 0xad, 0xef, 0xfd, 0xb7, 0x10, 0x0,
    0x0,

    /* U+0171 "ű" */
    0x0, 0x0, 0x5, 0xff, 0xf6, 0x6, 0xff, 0xf5,
    0x0, 0x0, 0x3f, 0xff, 0x60, 0x4f, 0xff, 0x60,
    0x0, 0x2, 0xef, 0xe3, 0x2, 0xff, 0xe3, 0x0,
    0x0, 0x1d, 0xfc, 0x10, 0x1e, 0xfc, 0x10, 0x0,
    0x0, 0x15, 0x50, 0x0, 0x15, 0x50, 0x0, 0x0,
    0x0, 0x0, 0x0, 0x0, 0x0, 0x0, 0x0, 0x0,
    0x2f, 0xff, 0xf0, 0x0, 0x0, 0xe, 0xff, 0xf3,
    0x2f, 0xff, 0xf0, 0x0, 0x0, 0xe, 0xff, 0xf3,
    0x2f, 0xff, 0xf0, 0x0, 0x0, 0xe, 0xff, 0xf3,
    0x2f, 0xff, 0xf0, 0x0, 0x0, 0xe, 0xff, 0xf3,
    0x2f, 0xff, 0xf0, 0x0, 0x0, 0xe, 0xff, 0xf3,
    0x2f, 0xff, 0xf0, 0x0, 0x0, 0xe, 0xff, 0xf3,
    0x2f, 0xff, 0xf0, 0x0, 0x0, 0xe, 0xff, 0xf3,
    0x2f, 0xff, 0xf0, 0x0, 0x0, 0xe, 0xff, 0xf3,
    0x2f, 0xff, 0xf0, 0x0, 0x0, 0xe, 0xff, 0xf3,
    0x2f, 0xff, 0xf0, 0x0, 0x0, 0xf, 0xff, 0xf3,
    0x1f, 0xff, 0xf2, 0x0, 0x0, 0x4f, 0xff, 0xf3,
    0xf, 0xff, 0xf7, 0x0, 0x0, 0xbf, 0xff, 0xf3,
    0xc, 0xff, 0xff, 0x61, 0x2a, 0xfe, 0xff, 0xf3,
    0x6, 0xff, 0xff, 0xff, 0xff, 0x9b, 0xff, 0xf3,
    0x0, 0xbf, 0xff, 0xff, 0xfc, 0x1a, 0xff, 0xf4,
    0x0, 0x6, 0xcf, 0xfc, 0x70, 0x9, 0xff, 0xf5,

    /* U+0172 "Ų" */
    0x3f, 0xff, 0xf2, 0x0, 0x0, 0x0, 0x0, 0x7f,
    0xff, 0xd3, 0xff, 0xff, 0x20, 0x0, 0x0, 0x0,
    0x7, 0xff, 0xfd, 0x3f, 0xff, 0xf2, 0x0, 0x0,
    0x0, 0x0, 0x7f, 0xff, 0xd3, 0xff, 0xff, 0x20,
    0x0, 0x0, 0x0, 0x7, 0xff, 0xfd, 0x3f, 0xff,
    0xf2, 0x0, 0x0, 0x0, 0x0, 0x7f, 0xff, 0xd3,
    0xff, 0xff, 0x20, 0x0, 0x0, 0x0, 0x7, 0xff,
    0xfd, 0x3f, 0xff, 0xf2, 0x0, 0x0, 0x0, 0x0,
    0x7f, 0xff, 0xd3, 0xff, 0xff, 0x20, 0x0, 0x0,
    0x0, 0x7, 0xff, 0xfd, 0x3f, 0xff, 0xf2, 0x0,
    0x0, 0x0, 0x0, 0x7f, 0xff, 0xd3, 0xff, 0xff,
    0x20, 0x0, 0x0, 0x0, 0x7, 0xff, 0xfd, 0x3f,
    0xff, 0xf2, 0x0, 0x0, 0x0, 0x0, 0x7f, 0xff,
    0xd3, 0xff, 0xff, 0x20, 0x0, 0x0, 0x0, 0x7,
    0xff, 0xfd, 0x2f, 0xff, 0xf2, 0x0, 0x0, 0x0,
    0x0, 0x8f, 0xff, 0xc1, 0xff, 0xff, 0x40, 0x0,
    0x0, 0x0, 0xb, 0xff, 0xfb, 0xe, 0xff, 0xfa,
    0x0, 0x0, 0x0, 0x2, 0xff, 0xff, 0x70, 0xaf,
    0xff, 0xf6, 0x0, 0x0, 0x1, 0xcf, 0xff, 0xf2,
    0x2, 0xff, 0xff, 0xfc, 0x76, 0x69, 0xff, 0xff,
    0xf9, 0x0, 0x6, 0xff, 0xff, 0xff, 0xff, 0xff,
    0xff, 0xfc, 0x0, 0x0, 0x5, 0xef, 0xff, 0xff,
    0xff, 0xff, 0xf8, 0x0, 0x0, 0x0, 0x0, 0x5a,
    0xde, 0xff, 0xfd, 0x71, 0x0, 0x0, 0x0, 0x0,
    0x0, 0x0, 0x1d, 0xf8, 0x0, 0x0, 0x0, 0x0,
    0x0, 0x0, 0x0, 0x8, 0xff, 0x0, 0x0, 0x0,
    0x0, 0x0, 0x0, 0x0, 0x0, 0xdf, 0xc0, 0x0,
    0x0, 0x0, 0x0, 0x0, 0x0, 0x0, 0xd, 0xff,
    0x42, 0x40, 0x0, 0x0, 0x0, 0x0, 0x0, 0x0,
    0x7f, 0xff, 0xfc, 0x0, 0x0, 0x0, 0x0, 0x0,
    0x0, 0x0, 0x7d, 0xfe, 0x80, 0x0, 0x0,

    /* U+0173 "ų" */
    0x2f, 0xff, 0xf0, 0x0, 0x0, 0xe, 0xff, 0xf3,
    0x2f, 0xff, 0xf0, 0x0, 0x0, 0xe, 0xff, 0xf3,
    0x2f, 0xff, 0xf0, 0x0, 0x0, 0xe, 0xff, 0xf3,
    0x2f, 0xff, 0xf0, 0x0, 0x0, 0xe, 0xff, 0xf3,
    0x2f, 0xff, 0xf0, 0x0, 0x0, 0xe, 0xff, 0xf3,
    0x2f, 0xff, 0xf0, 0x0, 0x0, 0xe, 0xff, 0xf3,
    0x2f, 0xff, 0xf0, 0x0, 0x0, 0xe, 0xff, 0xf3,
    0x2f, 0xff, 0xf0, 0x0, 0x0, 0xe, 0xff, 0xf3,
    0x2f, 0xff, 0xf0, 0x0, 0x0, 0xe, 0xff, 0xf3,
    0x2f, 0xff, 0xf0, 0x0, 0x0, 0xf, 0xff, 0xf3,
    0x1f, 0xff, 0xf2, 0x0, 0x0, 0x4f, 0xff, 0xf3,
    0xf, 0xff, 0xf7, 0x0, 0x0, 0xbf, 0xff, 0xf3,
    0xc, 0xff, 0xff, 0x61, 0x2a, 0xfe, 0xff, 0xf3,
    0x6, 0xff, 0xff, 0xff, 0xff, 0x9b, 0xff, 0xf3,
    0x0, 0xbf, 0xff, 0xff, 0xfc, 0x1a, 0xff, 0xf4,
    0x0, 0x6, 0xcf, 0xfc, 0x70, 0xb, 0xff, 0xf5,
    0x0, 0x0, 0x0, 0x0, 0x0, 0x3f, 0xf3, 0x0,
    0x0, 0x0, 0x0, 0x0, 0x0, 0xef, 0x80, 0x0,
    0x0, 0x0, 0x0, 0x0, 0x5, 0xff, 0x40, 0x0,
    0x0, 0x0, 0x0, 0x0, 0x5, 0xff, 0x91, 0x31,
    0x0, 0x0, 0x0, 0x0, 0x1, 0xff, 0xff, 0xf4,
    0x0, 0x0, 0x0, 0x0, 0x0, 0x3b, 0xef, 0xc2,

    /* U+0174 "Ŵ" */
    0x0, 0x0, 0x0, 0x0, 0x0, 0x0, 0x58, 0x87,
    0x10, 0x0, 0x0, 0x0, 0x0, 0x0, 0x0, 0x0,
    0x0, 0x0, 0x0, 0x0, 0x5f, 0xff, 0xfc, 0x0,
    0x0, 0x0, 0x0, 0x0, 0x0, 0x0, 0x0, 0x0,
    0x0, 0x0, 0x4f, 0xff, 0xef, 0xfb, 0x0, 0x0,
    0x0, 0x0, 0x0, 0x0, 0x0, 0x0, 0x0, 0x0,
    0x3f, 0xfe, 0x41, 0xaf, 0xf9, 0x0, 0x0, 0x0,
    0x0, 0x0, 0x0, 0x0, 0x0, 0x0, 0x1f, 0xfb,
    0x10, 0x0, 0x7f, 0xf6, 0x0, 0x0, 0x0, 0x0,
    0x0, 0x0, 0x0, 0x0, 0x0, 0x0, 0x0, 0x0,
    0x0, 0x0, 0x0, 0x0, 0x0, 0x0, 0x0, 0x0,
    0x0, 0x0, 0x0, 0x0, 0x0, 0x0, 0x0, 0x0,
    0x0, 0x0, 0x0, 0x0, 0x0, 0xd, 0xff, 0xf8,
    0x0, 0x0, 0x0, 0x5f, 0xff, 0xfb, 0x0, 0x0,
    0x0, 0x3f, 0xff, 0xf2, 0x9f, 0xff, 0xc0, 0x0,
    0x0, 0x9, 0xff, 0xff, 0xf0, 0x0, 0x0, 0x6,
    0xff, 0xfe, 0x4, 0xff, 0xff, 0x0, 0x0, 0x0,
    0xcf, 0xff, 0xff, 0x30, 0x0, 0x0, 0xaf, 0xff,
    0x90, 0xf, 0xff, 0xf3, 0x0, 0x0, 0xf, 0xff,
    0xff, 0xf7, 0x0, 0x0, 0xe, 0xff, 0xf5, 0x0,
    0xcf, 0xff, 0x70, 0x0, 0x4, 0xff, 0xfd, 0xff,
    0xb0, 0x0, 0x1, 0xff, 0xff, 0x10, 0x8, 0xff,
    0xfa, 0x0, 0x0, 0x8f, 0xfe, 0x8f, 0xff, 0x0,
    0x0, 0x5f, 0xff, 0xd0, 0x0, 0x3f, 0xff, 0xe0,
    0x0, 0xc, 0xff, 0xb5, 0xff, 0xf3, 0x0, 0x8,
    0xff, 0xf8, 0x0, 0x0, 0xff, 0xff, 0x20, 0x0,
    0xff, 0xf7, 0x2f, 0xff, 0x70, 0x0, 0xcf, 0xff,
    0x40, 0x0, 0xb, 0xff, 0xf5, 0x0, 0x3f, 0xff,
    0x30, 0xff, 0xfb, 0x0, 0xf, 0xff, 0xf0, 0x0,
    0x0, 0x7f, 0xff, 0x90, 0x7, 0xff, 0xf0, 0xb,
    0xff, 0xf0, 0x3, 0xff, 0xfb, 0x0, 0x0, 0x2,
    0xff, 0xfd, 0x0, 0xbf, 0xfc, 0x0, 0x7f, 0xff,
    0x30, 0x7f, 0xff, 0x70, 0x0, 0x0, 0xe, 0xff,
    0xf1, 0xf, 0xff, 0x80, 0x3, 0xff, 0xf6, 0xa,
    0xff, 0xf3, 0x0, 0x0, 0x0, 0xaf, 0xff, 0x42,
    0xff, 0xf4, 0x0, 0xf, 0xff, 0xa0, 0xef, 0xff,
    0x0, 0x0, 0x0, 0x6, 0xff, 0xf8, 0x6f, 0xff,
    0x0, 0x0, 0xbf, 0xfd, 0x2f, 0xff, 0xa0, 0x0,
    0x0, 0x0, 0x1f, 0xff, 0xb9, 0xff, 0xc0, 0x0,
    0x8, 0xff, 0xf6, 0xff, 0xf6, 0x0, 0x0, 0x0,
    0x0, 0xdf, 0xff, 0xdf, 0xf8, 0x0, 0x0, 0x4f,
    0xff, 0xcf, 0xff, 0x20, 0x0, 0x0, 0x0, 0x9,
    0xff, 0xff, 0xff, 0x40, 0x0, 0x0, 0xff, 0xff,
    0xff, 0xe0, 0x0, 0x0, 0x0, 0x0, 0x5f, 0xff,
    0xff, 0xf1, 0x0, 0x0, 0xc, 0xff, 0xff, 0xf9,
    0x0, 0x0, 0x0, 0x0, 0x1, 0xff, 0xff, 0xfd,
    0x0, 0x0, 0x0, 0x8f, 0xff, 0xff, 0x50, 0x0,
    0x0, 0x0, 0x0, 0xc, 0xff, 0xff, 0x90, 0x0,
    0x0, 0x4, 0xff, 0xff, 0xf1, 0x0, 0x0, 0x0,

    /* U+0175 "ŵ" */
    0x0, 0x0, 0x0, 0x0, 0x0, 0x5f, 0xff, 0xc0,
    0x0, 0x0, 0x0, 0x0, 0x0, 0x0, 0x0, 0x0,
    0x0, 0x3f, 0xff, 0xff, 0x90, 0x0, 0x0, 0x0,
    0x0, 0x0, 0x0, 0x0, 0x0, 0x1e, 0xff, 0x7d,
    0xff, 0x60, 0x0, 0x0, 0x0, 0x0, 0x0, 0x0,
    0x0, 0xc, 0xff, 0x50, 0x1c, 0xff, 0x30, 0x0,
    0x0, 0x0, 0x0, 0x0, 0x0, 0x9, 0xfe, 0x30,
    0x0, 0xb, 0xfe, 0x0, 0x0, 0x0, 0x0, 0x0,
    0x0, 0x0, 0x0, 0x0, 0x0, 0x0, 0x0, 0x0,
    0x0, 0x0, 0x0, 0xf, 0xff, 0xe0, 0x0, 0x0,
    0xaf, 0xff, 0xf0, 0x0, 0x0, 0x8f, 0xff, 0x40,
    0xbf, 0xff, 0x10, 0x0, 0xe, 0xff, 0xff, 0x30,
    0x0, 0xc, 0xff, 0xf0, 0x7, 0xff, 0xf5, 0x0,
    0x3, 0xff, 0xff, 0xf8, 0x0, 0x0, 0xff, 0xfb,
    0x0, 0x3f, 0xff, 0x80, 0x0, 0x7f, 0xfc, 0xff,
    0xc0, 0x0, 0x3f, 0xff, 0x70, 0x0, 0xef, 0xfb,
    0x0, 0xb, 0xff, 0x5f, 0xff, 0x0, 0x6, 0xff,
    0xf3, 0x0, 0xa, 0xff, 0xf0, 0x0, 0xff, 0xf1,
    0xcf, 0xf4, 0x0, 0xaf, 0xff, 0x0, 0x0, 0x6f,
    0xff, 0x20, 0x4f, 0xfd, 0x9, 0xff, 0x80, 0xd,
    0xff, 0xb0, 0x0, 0x2, 0xff, 0xf6, 0x8, 0xff,
    0x90, 0x5f, 0xfc, 0x1, 0xff, 0xf7, 0x0, 0x0,
    0xe, 0xff, 0x90, 0xcf, 0xf5, 0x1, 0xff, 0xf1,
    0x4f, 0xff, 0x20, 0x0, 0x0, 0xaf, 0xfc, 0x1f,
    0xff, 0x10, 0xc, 0xff, 0x58, 0xff, 0xe0, 0x0,
    0x0, 0x6, 0xff, 0xf4, 0xff, 0xc0, 0x0, 0x8f,
    0xf8, 0xbf, 0xfa, 0x0, 0x0, 0x0, 0x2f, 0xff,
    0xbf, 0xf8, 0x0, 0x4, 0xff, 0xcf, 0xff, 0x60,
    0x0, 0x0, 0x0, 0xef, 0xff, 0xff, 0x40, 0x0,
    0xf, 0xff, 0xff, 0xf2, 0x0, 0x0, 0x0, 0xa,
    0xff, 0xff, 0xf0, 0x0, 0x0, 0xcf, 0xff, 0xfe,
    0x0, 0x0, 0x0, 0x0, 0x5f, 0xff, 0xfb, 0x0,
    0x0, 0x8, 0xff, 0xff, 0x90, 0x0, 0x0, 0x0,
    0x1, 0xff, 0xff, 0x70, 0x0, 0x0, 0x3f, 0xff,
    0xf5, 0x0, 0x0,

    /* U+0176 "Ŷ" */
    0x0, 0x0, 0x0, 0x0, 0x8a, 0xa9, 0x0, 0x0,
    0x0, 0x0, 0x0, 0x0, 0x0, 0x9, 0xff, 0xff,
    0xb0, 0x0, 0x0, 0x0, 0x0, 0x0, 0x0, 0x7f,
    0xff, 0xef, 0xf9, 0x0, 0x0, 0x0, 0x0, 0x0,
    0x5, 0xff, 0xd3, 0x2c, 0xff, 0x70, 0x0, 0x0,
    0x0, 0x0, 0x3f, 0xfb, 0x10, 0x0, 0xaf, 0xf3,
    0x0, 0x0, 0x0, 0x0, 0x1, 0x10, 0x0, 0x0,
    0x1, 0x10, 0x0, 0x0, 0x0, 0x0, 0x0, 0x0,
    0x0, 0x0, 0x0, 0x0, 0x0, 0x0, 0x3f, 0xff,
    0xf5, 0x0, 0x0, 0x0, 0x0, 0x4f, 0xff, 0xf3,
    0x8, 0xff, 0xfe, 0x0, 0x0, 0x0, 0x0, 0xdf,
    0xff, 0x90, 0x0, 0xef, 0xff, 0x80, 0x0, 0x0,
    0x7, 0xff, 0xfe, 0x10, 0x0, 0x4f, 0xff, 0xf1,
    0x0, 0x0, 0x1f, 0xff, 0xf5, 0x0, 0x0, 0xa,
    0xff, 0xfa, 0x0, 0x0, 0xaf, 0xff, 0xb0, 0x0,
    0x0, 0x1, 0xff, 0xff, 0x40, 0x4, 0xff, 0xff,
    0x20, 0x0, 0x0, 0x0, 0x7f, 0xff, 0xd0, 0xd,
    0xff, 0xf7, 0x0, 0x0, 0x0, 0x0, 0xc, 0xff,
    0xf6, 0x7f, 0xff, 0xd0, 0x0, 0x0, 0x0, 0x0,
    0x3, 0xff, 0xfe, 0xff, 0xff, 0x30, 0x0, 0x0,
    0x0, 0x0, 0x0, 0x9f, 0xff, 0xff, 0xf9, 0x0,
    0x0, 0x0, 0x0, 0x0, 0x0, 0xe, 0xff, 0xff,
    0xe1, 0x0, 0x0, 0x0, 0x0, 0x0, 0x0, 0x5,
    0xff, 0xff, 0x50, 0x0, 0x0, 0x0, 0x0, 0x0,
    0x0, 0x2, 0xff, 0xff, 0x20, 0x0, 0x0, 0x0,
    0x0, 0x0, 0x0, 0x2, 0xff, 0xff, 0x20, 0x0,
    0x0, 0x0, 0x0, 0x0, 0x0, 0x2, 0xff, 0xff,
    0x20, 0x0, 0x0, 0x0, 0x0, 0x0, 0x0, 0x2,
    0xff, 0xff, 0x20, 0x0, 0x0, 0x0, 0x0, 0x0,
    0x0, 0x2, 0xff, 0xff, 0x20, 0x0, 0x0, 0x0,
    0x0, 0x0, 0x0, 0x2, 0xff, 0xff, 0x20, 0x0,
    0x0, 0x0, 0x0, 0x0, 0x0, 0x2, 0xff, 0xff,
    0x20, 0x0, 0x0, 0x0, 0x0, 0x0, 0x0, 0x2,
    0xff, 0xff, 0x20, 0x0, 0x0, 0x0,

    /* U+0177 "ŷ" */
    0x0, 0x0, 0x0, 0x28, 0x88, 0x30, 0x0, 0x0,
    0x0, 0x0, 0x0, 0x1d, 0xff, 0xfe, 0x10, 0x0,
    0x0, 0x0, 0x0, 0xb, 0xff, 0xef, 0xfc, 0x0,
    0x0, 0x0, 0x0, 0x9, 0xff, 0xa0, 0x9f, 0xfa,
    0x0, 0x0, 0x0, 0x6, 0xff, 0x80, 0x0, 0x7f,
    0xf6, 0x0, 0x0, 0x0, 0x78, 0x50, 0x0, 0x0,
    0x58, 0x70, 0x0, 0x0, 0x0, 0x0, 0x0, 0x0,
    0x0, 0x0, 0x0, 0x9, 0xff, 0xfb, 0x0, 0x0,
    0x0, 0xe, 0xff, 0xf5, 0x2f, 0xff, 0xf1, 0x0,
    0x0, 0x4, 0xff, 0xfe, 0x0, 0xcf, 0xff, 0x60,
    0x0, 0x0, 0x9f, 0xff, 0x90, 0x5, 0xff, 0xfc,
    0x0, 0x0, 0xe, 0xff, 0xf3, 0x0, 0xe, 0xff,
    0xf1, 0x0, 0x3, 0xff, 0xfd, 0x0, 0x0, 0x9f,
    0xff, 0x60, 0x0, 0x8f, 0xff, 0x70, 0x0, 0x2,
    0xff, 0xfc, 0x0, 0xd, 0xff, 0xf1, 0x0, 0x0,
    0xc, 0xff, 0xf1, 0x2, 0xff, 0xfb, 0x0, 0x0,
    0x0, 0x5f, 0xff, 0x70, 0x6f, 0xff, 0x50, 0x0,
    0x0, 0x0, 0xef, 0xfc, 0xb, 0xff, 0xe0, 0x0,
    0x0, 0x0, 0x8, 0xff, 0xf1, 0xff, 0xf9, 0x0,
    0x0, 0x0, 0x0, 0x2f, 0xff, 0x9f, 0xff, 0x20,
    0x0, 0x0, 0x0, 0x0, 0xcf, 0xff, 0xff, 0xc0,
    0x0, 0x0, 0x0, 0x0, 0x5, 0xff, 0xff, 0xf6,
    0x0, 0x0, 0x0, 0x0, 0x0, 0xe, 0xff, 0xff,
    0x10, 0x0, 0x0, 0x0, 0x0, 0x0, 0x9f, 0xff,
    0xa0, 0x0, 0x0, 0x0, 0x0, 0x0, 0xd, 0xff,
    0xf4, 0x0, 0x0, 0x0, 0x0, 0x0, 0x5, 0xff,
    0xfd, 0x0, 0x0, 0x0, 0x0, 0x0, 0x5, 0xff,
    0xff, 0x50, 0x0, 0x0, 0x0, 0x7, 0xff, 0xff,
    0xff, 0xb0, 0x0, 0x0, 0x0, 0x0, 0x7f, 0xff,
    0xff, 0xd1, 0x0, 0x0, 0x0, 0x0, 0x6, 0xef,
    0xfd, 0x80, 0x0, 0x0, 0x0, 0x0, 0x0,

    /* U+0178 "Ÿ" */
    0x0, 0x0, 0x2, 0x22, 0x0, 0x0, 0x22, 0x10,
    0x0, 0x0, 0x0, 0x0, 0xd, 0xff, 0x0, 0x2,
    0xff, 0xb0, 0x0, 0x0, 0x0, 0x0, 0xd, 0xff,
    0x0, 0x2, 0xff, 0xb0, 0x0, 0x0, 0x0, 0x0,
    0xd, 0xff, 0x0, 0x2, 0xff, 0xb0, 0x0, 0x0,
    0x0, 0x0, 0x0, 0x0, 0x0, 0x0, 0x0, 0x0,
    0x0, 0x0, 0x0, 0x0, 0x0, 0x0, 0x0, 0x0,
    0x0, 0x0, 0x0, 0x0, 0x3f, 0xff, 0xf5, 0x0,
    0x0, 0x0, 0x0, 0x4f, 0xff, 0xf3, 0x8, 0xff,
    0xfe, 0x0, 0x0, 0x0, 0x0, 0xdf, 0xff, 0x90,
    0x0, 0xef, 0xff, 0x80, 0x0, 0x0, 0x7, 0xff,
    0xfe, 0x10, 0x0, 0x4f, 0xff, 0xf1, 0x0, 0x0,
    0x1f, 0xff, 0xf5, 0x0, 0x0, 0xa, 0xff, 0xfa,
    0x0, 0x0, 0xaf, 0xff, 0xb0, 0x0, 0x0, 0x1,
    0xff, 0xff, 0x40, 0x4, 0xff, 0xff, 0x20, 0x0,
    0x0, 0x0, 0x7f, 0xff, 0xd0, 0xd, 0xff, 0xf7,
    0x0, 0x0, 0x0, 0x0, 0xc, 0xff, 0xf6, 0x7f,
    0xff, 0xd0, 0x0, 0x0, 0x0, 0x0, 0x3, 0xff,
    0xfe, 0xff, 0xff, 0x30, 0x0, 0x0, 0x0, 0x0,
    0x0, 0x9f, 0xff, 0xff, 0xf9, 0x0, 0x0, 0x0,
    0x0, 0x0, 0x0, 0xe, 0xff, 0xff, 0xe1, 0x0,
    0x0, 0x0, 0x0, 0x0, 0x0, 0x5, 0xff, 0xff,
    0x50, 0x0, 0x0, 0x0, 0x0, 0x0, 0x0, 0x2,
    0xff, 0xff, 0x20, 0x0, 0x0, 0x0, 0x0, 0x0,
    0x0, 0x2, 0xff, 0xff, 0x20, 0x0, 0x0, 0x0,
    0x0, 0x0, 0x0, 0x2, 0xff, 0xff, 0x20, 0x0,
    0x0, 0x0, 0x0, 0x0, 0x0, 0x2, 0xff, 0xff,
    0x20, 0x0, 0x0, 0x0, 0x0, 0x0, 0x0, 0x2,
    0xff, 0xff, 0x20, 0x0, 0x0, 0x0, 0x0, 0x0,
    0x0, 0x2, 0xff, 0xff, 0x20, 0x0, 0x0, 0x0,
    0x0, 0x0, 0x0, 0x2, 0xff, 0xff, 0x20, 0x0,
    0x0, 0x0, 0x0, 0x0, 0x0, 0x2, 0xff, 0xff,
    0x20, 0x0, 0x0, 0x0,

    /* U+0179 "Ź" */
    0x0, 0x0, 0x0, 0x0, 0x0, 0x48, 0x88, 0x30,
    0x0, 0x0, 0x0, 0x0, 0x0, 0x4, 0xff, 0xfd,
    0x20, 0x0, 0x0, 0x0, 0x0, 0x0, 0x4f, 0xff,
    0xa0, 0x0, 0x0, 0x0, 0x0, 0x0, 0x3, 0xff,
    0xf6, 0x0, 0x0, 0x0, 0x0, 0x0, 0x0, 0xe,
    0xfd, 0x30, 0x0, 0x0, 0x0, 0x0, 0x0, 0x0,
    0x0, 0x0, 0x0, 0x0, 0x0, 0x0, 0x0, 0x0,
    0x0, 0x0, 0x0, 0x0, 0x0, 0x0, 0x0, 0x0,
    0xff, 0xff, 0xff, 0xff, 0xff, 0xff, 0xff, 0xd0,
    0x0, 0xff, 0xff, 0xff, 0xff, 0xff, 0xff, 0xff,
    0xd0, 0x0, 0xff, 0xff, 0xff, 0xff, 0xff, 0xff,
    0xff, 0xd0, 0x0, 0x55, 0x55, 0x55, 0x55, 0x57,
    0xff, 0xff, 0x60, 0x0, 0x0, 0x0, 0x0, 0x0,
    0xd, 0xff, 0xf9, 0x0, 0x0, 0x0, 0x0, 0x0,
    0x0, 0xbf, 0xff, 0xc0, 0x0, 0x0, 0x0, 0x0,
    0x0, 0x8, 0xff, 0xfe, 0x10, 0x0, 0x0, 0x0,
    0x0, 0x0, 0x5f, 0xff, 0xf3, 0x0, 0x0, 0x0,
    0x0, 0x0, 0x3, 0xff, 0xff, 0x50, 0x0, 0x0,
    0x0, 0x0, 0x0, 0x1e, 0xff, 0xf8, 0x0, 0x0,
    0x0, 0x0, 0x0, 0x0, 0xcf, 0xff, 0xb0, 0x0,
    0x0, 0x0, 0x0, 0x0, 0xa, 0xff, 0xfd, 0x0,
    0x0, 0x0, 0x0, 0x0, 0x0, 0x7f, 0xff, 0xe2,
    0x0, 0x0, 0x0, 0x0, 0x0, 0x4, 0xff, 0xff,
    0x40, 0x0, 0x0, 0x0, 0x0, 0x0, 0x2f, 0xff,
    0xf7, 0x0, 0x0, 0x0, 0x0, 0x0, 0x1, 0xdf,
    0xff, 0xa0, 0x0, 0x0, 0x0, 0x0, 0x0, 0xb,
    0xff, 0xff, 0x65, 0x55, 0x55, 0x55, 0x55, 0x52,
    0x1f, 0xff, 0xff, 0xff, 0xff, 0xff, 0xff, 0xff,
    0xf7, 0x1f, 0xff, 0xff, 0xff, 0xff, 0xff, 0xff,
    0xff, 0xf7, 0x1f, 0xff, 0xff, 0xff, 0xff, 0xff,
    0xff, 0xff, 0xf7,

    /* U+017A "ź" */
    0x0, 0x0, 0x0, 0xc, 0xff, 0xf4, 0x0, 0x0,
    0x0, 0xb, 0xff, 0xf5, 0x0, 0x0, 0x0, 0x9,
    0xff, 0xd2, 0x0, 0x0, 0x0, 0x8, 0xff, 0xb0,
    0x0, 0x0, 0x0, 0x0, 0x89, 0x60, 0x0, 0x0,
    0x0, 0x0, 0x0, 0x0, 0x0, 0x0, 0x0, 0x3f,
    0xff, 0xff, 0xff, 0xff, 0xff, 0x33, 0xff, 0xff,
    0xff, 0xff, 0xff, 0xf3, 0x3f, 0xff, 0xff, 0xff,
    0xff, 0xff, 0x30, 0x0, 0x0, 0x0, 0xbf, 0xff,
    0xc0, 0x0, 0x0, 0x0, 0x7f, 0xff, 0xe1, 0x0,
    0x0, 0x0, 0x3f, 0xff, 0xf4, 0x0, 0x0, 0x0,
    0x1e, 0xff, 0xf9, 0x0, 0x0, 0x0, 0xa, 0xff,
    0xfc, 0x0, 0x0, 0x0, 0x6, 0xff, 0xff, 0x20,
    0x0, 0x0, 0x2, 0xff, 0xff, 0x50, 0x0, 0x0,
    0x0, 0xdf, 0xff, 0xa0, 0x0, 0x0, 0x0, 0x9f,
    0xff, 0xd0, 0x0, 0x0, 0x0, 0x5f, 0xff, 0xf3,
    0x0, 0x0, 0x0, 0xc, 0xff, 0xff, 0xff, 0xff,
    0xff, 0xfe, 0xcf, 0xff, 0xff, 0xff, 0xff, 0xff,
    0xec, 0xff, 0xff, 0xff, 0xff, 0xff, 0xfe,

    /* U+017B "Ż" */
    0x0, 0x0, 0x0, 0xb, 0xff, 0xf6, 0x0, 0x0,
    0x0, 0x0, 0x0, 0x0, 0xb, 0xff, 0xf6, 0x0,
    0x0, 0x0, 0x0, 0x0, 0x0, 0xb, 0xff, 0xf6,
    0x0, 0x0, 0x0, 0x0, 0x0, 0x0, 0x0, 0x0,
    0x0, 0x0, 0x0, 0x0, 0x0, 0x0, 0x0, 0x0,
    0x0, 0x0, 0x0, 0x0, 0x0, 0x0, 0xff, 0xff,
    0xff, 0xff, 0xff, 0xff, 0xff, 0xd0, 0x0, 0xff,
    0xff, 0xff, 0xff, 0xff, 0xff, 0xff, 0xd0, 0x0,
    0xff, 0xff, 0xff, 0xff, 0xff, 0xff, 0xff, 0xd0,
    0x0, 0x55, 0x55, 0x55, 0x55, 0x57, 0xff, 0xff,
    0x60, 0x0, 0x0, 0x0, 0x0, 0x0, 0xd, 0xff,
    0xf9, 0x0, 0x0, 0x0, 0x0, 0x0, 0x0, 0xbf,
    0xff, 0xc0, 0x0, 0x0, 0x0, 0x0, 0x0, 0x8,
    0xff, 0xfe, 0x10, 0x0, 0x0, 0x0, 0x0, 0x0,
    0x5f, 0xff, 0xf3, 0x0, 0x0, 0x0, 0x0, 0x0,
    0x3, 0xff, 0xff, 0x50, 0x0, 0x0, 0x0, 0x0,
    0x0, 0x1e, 0xff, 0xf8, 0x0, 0x0, 0x0, 0x0,
    0x0, 0x0, 0xcf, 0xff, 0xb0, 0x0, 0x0, 0x0,
    0x0, 0x0, 0xa, 0xff, 0xfd, 0x0, 0x0, 0x0,
    0x0, 0x0, 0x0, 0x7f, 0xff, 0xe2, 0x0, 0x0,
    0x0, 0x0, 0x0, 0x4, 0xff, 0xff, 0x40, 0x0,
    0x0, 0x0, 0x0, 0x0, 0x2f, 0xff, 0xf7, 0x0,
    0x0, 0x0, 0x0, 0x0, 0x1, 0xdf, 0xff, 0xa0,
    0x0, 0x0, 0x0, 0x0, 0x0, 0xb, 0xff, 0xff,
    0x65, 0x55, 0x55, 0x55, 0x55, 0x52, 0x1f, 0xff,
    0xff, 0xff, 0xff, 0xff, 0xff, 0xff, 0xf7, 0x1f,
    0xff, 0xff, 0xff, 0xff, 0xff, 0xff, 0xff, 0xf7,
    0x1f, 0xff, 0xff, 0xff, 0xff, 0xff, 0xff, 0xff,
    0xf7,

    /* U+017C "ż" */
    0x0, 0x0, 0x4f, 0xff, 0xd0, 0x0, 0x0, 0x0,
    0x4, 0xff, 0xfd, 0x0, 0x0, 0x0, 0x0, 0x4f,
    0xff, 0xd0, 0x0, 0x0, 0x0, 0x0, 0x0, 0x0,
    0x0, 0x0, 0x0, 0x0, 0x0, 0x0, 0x0, 0x0,
    0x0, 0x0, 0x0, 0x0, 0x0, 0x0, 0x0, 0x3f,
    0xff, 0xff, 0xff, 0xff, 0xff, 0x33, 0xff, 0xff,
    0xff, 0xff, 0xff, 0xf3, 0x3f, 0xff, 0xff, 0xff,
    0xff, 0xff, 0x30, 0x0, 0x0, 0x0, 0xbf, 0xff,
    0xc0, 0x0, 0x0, 0x0, 0x7f, 0xff, 0xe1, 0x0,
    0x0, 0x0, 0x3f, 0xff, 0xf4, 0x0, 0x0, 0x0,
    0x1e, 0xff, 0xf9, 0x0, 0x0, 0x0, 0xa, 0xff,
    0xfc, 0x0, 0x0, 0x0, 0x6, 0xff, 0xff, 0x20,
    0x0, 0x0, 0x2, 0xff, 0xff, 0x50, 0x0, 0x0,
    0x0, 0xdf, 0xff, 0xa0, 0x0, 0x0, 0x0, 0x9f,
    0xff, 0xd0, 0x0, 0x0, 0x0, 0x5f, 0xff, 0xf3,
    0x0, 0x0, 0x0, 0xc, 0xff, 0xff, 0xff, 0xff,
    0xff, 0xfe, 0xcf, 0xff, 0xff, 0xff, 0xff, 0xff,
    0xec, 0xff, 0xff, 0xff, 0xff, 0xff, 0xfe,

    /* U+017D "Ž" */
    0x0, 0x0, 0x78, 0x50, 0x0, 0x0, 0x68, 0x60,
    0x0, 0x0, 0x0, 0x7f, 0xfa, 0x10, 0x1b, 0xff,
    0x40, 0x0, 0x0, 0x0, 0x8, 0xff, 0xe6, 0xef,
    0xf6, 0x0, 0x0, 0x0, 0x0, 0x0, 0x9f, 0xff,
    0xff, 0x70, 0x0, 0x0, 0x0, 0x0, 0x0, 0xa,
    0xff, 0xf9, 0x0, 0x0, 0x0, 0x0, 0x0, 0x0,
    0x0, 0x0, 0x0, 0x0, 0x0, 0x0, 0x0, 0x0,
    0x0, 0x0, 0x0, 0x0, 0x0, 0x0, 0x0, 0x0,
    0xff, 0xff, 0xff, 0xff, 0xff, 0xff, 0xff, 0xd0,
    0x0, 0xff, 0xff, 0xff, 0xff, 0xff, 0xff, 0xff,
    0xd0, 0x0, 0xff, 0xff, 0xff, 0xff, 0xff, 0xff,
    0xff, 0xd0, 0x0, 0x55, 0x55, 0x55, 0x55, 0x57,
    0xff, 0xff, 0x60, 0x0, 0x0, 0x0, 0x0, 0x0,
    0xd, 0xff, 0xf9, 0x0, 0x0, 0x0, 0x0, 0x0,
    0x0, 0xbf, 0xff, 0xc0, 0x0, 0x0, 0x0, 0x0,
    0x0, 0x8, 0xff, 0xfe, 0x10, 0x0, 0x0, 0x0,
    0x0, 0x0, 0x5f, 0xff, 0xf3, 0x0, 0x0, 0x0,
    0x0, 0x0, 0x3, 0xff, 0xff, 0x50, 0x0, 0x0,
    0x0, 0x0, 0x0, 0x1e, 0xff, 0xf8, 0x0, 0x0,
    0x0, 0x0, 0x0, 0x0, 0xcf, 0xff, 0xb0, 0x0,
    0x0, 0x0, 0x0, 0x0, 0xa, 0xff, 0xfd, 0x0,
    0x0, 0x0, 0x0, 0x0, 0x0, 0x7f, 0xff, 0xe2,
    0x0, 0x0, 0x0, 0x0, 0x0, 0x4, 0xff, 0xff,
    0x40, 0x0, 0x0, 0x0, 0x0, 0x0, 0x2f, 0xff,
    0xf7, 0x0, 0x0, 0x0, 0x0, 0x0, 0x1, 0xdf,
    0xff, 0xa0, 0x0, 0x0, 0x0, 0x0, 0x0, 0xb,
    0xff, 0xff, 0x65, 0x55, 0x55, 0x55, 0x55, 0x52,
    0x1f, 0xff, 0xff, 0xff, 0xff, 0xff, 0xff, 0xff,
    0xf7, 0x1f, 0xff, 0xff, 0xff, 0xff, 0xff, 0xff,
    0xff, 0xf7, 0x1f, 0xff, 0xff, 0xff, 0xff, 0xff,
    0xff, 0xff, 0xf7,

    /* U+017E "ž" */
    0xc, 0xfd, 0x20, 0x0, 0x1d, 0xfc, 0x0, 0x1e,
    0xfe, 0x30, 0x2e, 0xfe, 0x10, 0x0, 0x3f, 0xff,
    0x6e, 0xff, 0x30, 0x0, 0x0, 0x5f, 0xff, 0xff,
    0x60, 0x0, 0x0, 0x0, 0x8f, 0xff, 0xa0, 0x0,
    0x0, 0x0, 0x0, 0x0, 0x0, 0x0, 0x0, 0x3f,
    0xff, 0xff, 0xff, 0xff, 0xff, 0x33, 0xff, 0xff,
    0xff, 0xff, 0xff, 0xf3, 0x3f, 0xff, 0xff, 0xff,
    0xff, 0xff, 0x30, 0x0, 0x0, 0x0, 0xbf, 0xff,
    0xc0, 0x0, 0x0, 0x0, 0x7f, 0xff, 0xe1, 0x0,
    0x0, 0x0, 0x3f, 0xff, 0xf4, 0x0, 0x0, 0x0,
    0x1e, 0xff, 0xf9, 0x0, 0x0, 0x0, 0xa, 0xff,
    0xfc, 0x0, 0x0, 0x0, 0x6, 0xff, 0xff, 0x20,
    0x0, 0x0, 0x2, 0xff, 0xff, 0x50, 0x0, 0x0,
    0x0, 0xdf, 0xff, 0xa0, 0x0, 0x0, 0x0, 0x9f,
    0xff, 0xd0, 0x0, 0x0, 0x0, 0x5f, 0xff, 0xf3,
    0x0, 0x0, 0x0, 0xc, 0xff, 0xff, 0xff, 0xff,
    0xff, 0xfe, 0xcf, 0xff, 0xff, 0xff, 0xff, 0xff,
    0xec, 0xff, 0xff, 0xff, 0xff, 0xff, 0xfe,

    /* U+017F "ſ" */
    0x2, 0xae, 0xff, 0xd3, 0x2f, 0xff, 0xff, 0xf4,
    0xaf, 0xff, 0xfd, 0xc4, 0xdf, 0xff, 0x70, 0x0,
    0xef, 0xff, 0x30, 0x0, 0xef, 0xff, 0x30, 0x0,
    0xef, 0xff, 0x30, 0x0, 0xef, 0xff, 0x30, 0x0,
    0xef, 0xff, 0x30, 0x0, 0xef, 0xff, 0x30, 0x0,
    0xef, 0xff, 0x30, 0x0, 0xef, 0xff, 0x30, 0x0,
    0xef, 0xff, 0x30, 0x0, 0xef, 0xff, 0x30, 0x0,
    0xef, 0xff, 0x30, 0x0, 0xef, 0xff, 0x30, 0x0,
    0xef, 0xff, 0x30, 0x0, 0xef, 0xff, 0x30, 0x0,
    0xef, 0xff, 0x30, 0x0, 0xef, 0xff, 0x30, 0x0,
    0xef, 0xff, 0x30, 0x0, 0xef, 0xff, 0x30, 0x0,

    /* U+20AC "€" */
    0x0, 0x0, 0x2, 0x9c, 0xef, 0xfc, 0x81, 0x0,
    0x0, 0x0, 0x9, 0xff, 0xff, 0xff, 0xff, 0xf4,
    0x0, 0x0, 0x9, 0xff, 0xff, 0xff, 0xff, 0xff,
    0xf2, 0x0, 0x3, 0xff, 0xff, 0xb5, 0x35, 0xdf,
    0xff, 0xa0, 0x0, 0xaf, 0xff, 0xc0, 0x0, 0x2,
    0x99, 0x98, 0x0, 0xe, 0xff, 0xf5, 0x0, 0x0,
    0x0, 0x0, 0x0, 0x6f, 0xff, 0xff, 0xff, 0xff,
    0xe0, 0x0, 0x0, 0xa, 0xff, 0xff, 0xff, 0xff,
    0xfb, 0x0, 0x0, 0x0, 0x24, 0xff, 0xff, 0x42,
    0x22, 0x10, 0x0, 0x0, 0x0, 0x2f, 0xff, 0xf2,
    0x0, 0x0, 0x0, 0x0, 0x0, 0x6f, 0xff, 0xff,
    0xff, 0xff, 0xf0, 0x0, 0x0, 0xa, 0xff, 0xff,
    0xff, 0xff, 0xfd, 0x0, 0x0, 0x0, 0x22, 0xef,
    0xff, 0x62, 0x22, 0x10, 0x0, 0x0, 0x0, 0xb,
    0xff, 0xf7, 0x0, 0x0, 0x0, 0x0, 0x0, 0x0,
    0x8f, 0xff, 0xc0, 0x0, 0x0, 0xaa, 0xaa, 0x0,
    0x2, 0xff, 0xff, 0x40, 0x0, 0x4f, 0xff, 0xe0,
    0x0, 0xb, 0xff, 0xfe, 0x63, 0x6e, 0xff, 0xf8,
    0x0, 0x0, 0x1e, 0xff, 0xff, 0xff, 0xff, 0xfe,
    0x0, 0x0, 0x0, 0x3e, 0xff, 0xff, 0xff, 0xfe,
    0x20, 0x0, 0x0, 0x0, 0x6, 0xbe, 0xff, 0xc7,
    0x0, 0x0
};


/*---------------------
 *  GLYPH DESCRIPTION
 *--------------------*/

static const lv_font_fmt_txt_glyph_dsc_t glyph_dsc[] = {
    {.bitmap_index = 0, .adv_w = 0, .box_w = 0, .box_h = 0, .ofs_x = 0, .ofs_y = 0} /* id = 0 reserved */,
    {.bitmap_index = 0, .adv_w = 133, .box_w = 0, .box_h = 0, .ofs_x = 0, .ofs_y = 0},
    {.bitmap_index = 0, .adv_w = 160, .box_w = 6, .box_h = 20, .ofs_x = 2, .ofs_y = 0},
    {.bitmap_index = 60, .adv_w = 228, .box_w = 12, .box_h = 8, .ofs_x = 1, .ofs_y = 12},
    {.bitmap_index = 108, .adv_w = 267, .box_w = 17, .box_h = 20, .ofs_x = 0, .ofs_y = 0},
    {.bitmap_index = 278, .adv_w = 267, .box_w = 17, .box_h = 25, .ofs_x = 0, .ofs_y = -3},
    {.bitmap_index = 491, .adv_w = 427, .box_w = 26, .box_h = 20, .ofs_x = 0, .ofs_y = 0},
    {.bitmap_index = 751, .adv_w = 347, .box_w = 20, .box_h = 20, .ofs_x = 1, .ofs_y = 0},
    {.bitmap_index = 951, .adv_w = 114, .box_w = 5, .box_h = 8, .ofs_x = 1, .ofs_y = 12},
    {.bitmap_index = 971, .adv_w = 160, .box_w = 9, .box_h = 28, .ofs_x = 1, .ofs_y = -6},
    {.bitmap_index = 1097, .adv_w = 160, .box_w = 9, .box_h = 28, .ofs_x = 0, .ofs_y = -6},
    {.bitmap_index = 1223, .adv_w = 187, .box_w = 12, .box_h = 12, .ofs_x = 0, .ofs_y = 8},
    {.bitmap_index = 1295, .adv_w = 280, .box_w = 16, .box_h = 16, .ofs_x = 1, .ofs_y = 2},
    {.bitmap_index = 1423, .adv_w = 133, .box_w = 5, .box_h = 10, .ofs_x = 2, .ofs_y = -5},
    {.bitmap_index = 1448, .adv_w = 160, .box_w = 8, .box_h = 4, .ofs_x = 1, .ofs_y = 6},
    {.bitmap_index = 1464, .adv_w = 133, .box_w = 5, .box_h = 5, .ofs_x = 2, .ofs_y = 0},
    {.bitmap_index = 1477, .adv_w = 133, .box_w = 9, .box_h = 22, .ofs_x = 0, .ofs_y = 0},
    {.bitmap_index = 1576, .adv_w = 267, .box_w = 15, .box_h = 20, .ofs_x = 1, .ofs_y = 0},
    {.bitmap_index = 1726, .adv_w = 267, .box_w = 15, .box_h = 20, .ofs_x = 1, .ofs_y = 0},
    {.bitmap_index = 1876, .adv_w = 267, .box_w = 15, .box_h = 20, .ofs_x = 1, .ofs_y = 0},
    {.bitmap_index = 2026, .adv_w = 267, .box_w = 16, .box_h = 20, .ofs_x = 0, .ofs_y = 0},
    {.bitmap_index = 2186, .adv_w = 267, .box_w = 17, .box_h = 20, .ofs_x = 0, .ofs_y = 0},
    {.bitmap_index = 2356, .adv_w = 267, .box_w = 16, .box_h = 20, .ofs_x = 0, .ofs_y = 0},
    {.bitmap_index = 2516, .adv_w = 267, .box_w = 15, .box_h = 20, .ofs_x = 1, .ofs_y = 0},
    {.bitmap_index = 2666, .adv_w = 267, .box_w = 15, .box_h = 20, .ofs_x = 1, .ofs_y = 0},
    {.bitmap_index = 2816, .adv_w = 267, .box_w = 16, .box_h = 20, .ofs_x = 0, .ofs_y = 0},
    {.bitmap_index = 2976, .adv_w = 267, .box_w = 15, .box_h = 20, .ofs_x = 1, .ofs_y = 0},
    {.bitmap_index = 3126, .adv_w = 160, .box_w = 6, .box_h = 15, .ofs_x = 2, .ofs_y = 0},
    {.bitmap_index = 3171, .adv_w = 160, .box_w = 6, .box_h = 20, .ofs_x = 2, .ofs_y = -5},
    {.bitmap_index = 3231, .adv_w = 280, .box_w = 16, .box_h = 17, .ofs_x = 1, .ofs_y = 1},
    {.bitmap_index = 3367, .adv_w = 280, .box_w = 16, .box_h = 12, .ofs_x = 1, .ofs_y = 4},
    {.bitmap_index = 3463, .adv_w = 280, .box_w = 16, .box_h = 17, .ofs_x = 1, .ofs_y = 1},
    {.bitmap_index = 3599, .adv_w = 293, .box_w = 16, .box_h = 20, .ofs_x = 1, .ofs_y = 0},
    {.bitmap_index = 3759, .adv_w = 468, .box_w = 27, .box_h = 25, .ofs_x = 1, .ofs_y = -5},
    {.bitmap_index = 4097, .adv_w = 347, .box_w = 21, .box_h = 20, .ofs_x = 0, .ofs_y = 0},
    {.bitmap_index = 4307, .adv_w = 347, .box_w = 19, .box_h = 20, .ofs_x = 2, .ofs_y = 0},
    {.bitmap_index = 4497, .adv_w = 347, .box_w = 20, .box_h = 20, .ofs_x = 1, .ofs_y = 0},
    {.bitmap_index = 4697, .adv_w = 347, .box_w = 19, .box_h = 20, .ofs_x = 2, .ofs_y = 0},
    {.bitmap_index = 4887, .adv_w = 320, .box_w = 17, .box_h = 20, .ofs_x = 2, .ofs_y = 0},
    {.bitmap_index = 5057, .adv_w = 293, .box_w = 16, .box_h = 20, .ofs_x = 2, .ofs_y = 0},
    {.bitmap_index = 5217, .adv_w = 373, .box_w = 21, .box_h = 20, .ofs_x = 1, .ofs_y = 0},
    {.bitmap_index = 5427, .adv_w = 347, .box_w = 18, .box_h = 20, .ofs_x = 2, .ofs_y = 0},
    {.bitmap_index = 5607, .adv_w = 133, .box_w = 5, .box_h = 20, .ofs_x = 2, .ofs_y = 0},
    {.bitmap_index = 5657, .adv_w = 267, .box_w = 15, .box_h = 20, .ofs_x = 0, .ofs_y = 0},
    {.bitmap_index = 5807, .adv_w = 347, .box_w = 20, .box_h = 20, .ofs_x = 2, .ofs_y = 0},
    {.bitmap_index = 6007, .adv_w = 293, .box_w = 16, .box_h = 20, .ofs_x = 2, .ofs_y = 0},
    {.bitmap_index = 6167, .adv_w = 400, .box_w = 21, .box_h = 20, .ofs_x = 2, .ofs_y = 0},
    {.bitmap_index = 6377, .adv_w = 347, .box_w = 18, .box_h = 20, .ofs_x = 2, .ofs_y = 0},
    {.bitmap_index = 6557, .adv_w = 373, .box_w = 22, .box_h = 20, .ofs_x = 1, .ofs_y = 0},
    {.bitmap_index = 6777, .adv_w = 320, .box_w = 17, .box_h = 20, .ofs_x = 2, .ofs_y = 0},
    {.bitmap_index = 6947, .adv_w = 373, .box_w = 22, .box_h = 26, .ofs_x = 1, .ofs_y = -6},
    {.bitmap_index = 7233, .adv_w = 347, .box_w = 20, .box_h = 20, .ofs_x = 2, .ofs_y = 0},
    {.bitmap_index = 7433, .adv_w = 320, .box_w = 19, .box_h = 20, .ofs_x = 0, .ofs_y = 0},
    {.bitmap_index = 7623, .adv_w = 293, .box_w = 18, .box_h = 20, .ofs_x = 0, .ofs_y = 0},
    {.bitmap_index = 7803, .adv_w = 347, .box_w = 19, .box_h = 20, .ofs_x = 1, .ofs_y = 0},
    {.bitmap_index = 7993, .adv_w = 320, .box_w = 20, .box_h = 20, .ofs_x = 0, .ofs_y = 0},
    {.bitmap_index = 8193, .adv_w = 453, .box_w = 29, .box_h = 20, .ofs_x = 0, .ofs_y = 0},
    {.bitmap_index = 8483, .adv_w = 320, .box_w = 20, .box_h = 20, .ofs_x = 0, .ofs_y = 0},
    {.bitmap_index = 8683, .adv_w = 320, .box_w = 20, .box_h = 20, .ofs_x = 0, .ofs_y = 0},
    {.bitmap_index = 8883, .adv_w = 293, .box_w = 18, .box_h = 20, .ofs_x = 0, .ofs_y = 0},
    {.bitmap_index = 9063, .adv_w = 160, .box_w = 9, .box_h = 28, .ofs_x = 1, .ofs_y = -6},
    {.bitmap_index = 9189, .adv_w = 133, .box_w = 9, .box_h = 22, .ofs_x = 0, .ofs_y = 0},
    {.bitmap_index = 9288, .adv_w = 160, .box_w = 9, .box_h = 28, .ofs_x = 0, .ofs_y = -6},
    {.bitmap_index = 9414, .adv_w = 280, .box_w = 17, .box_h = 13, .ofs_x = 0, .ofs_y = 7},
    {.bitmap_index = 9525, .adv_w = 267, .box_w = 18, .box_h = 2, .ofs_x = -1, .ofs_y = -4},
    {.bitmap_index = 9543, .adv_w = 160, .box_w = 9, .box_h = 5, .ofs_x = 0, .ofs_y = 17},
    {.bitmap_index = 9566, .adv_w = 267, .box_w = 17, .box_h = 16, .ofs_x = 0, .ofs_y = 0},
    {.bitmap_index = 9702, .adv_w = 293, .box_w = 17, .box_h = 22, .ofs_x = 1, .ofs_y = 0},
    {.bitmap_index = 9889, .adv_w = 267, .box_w = 15, .box_h = 16, .ofs_x = 1, .ofs_y = 0},
    {.bitmap_index = 10009, .adv_w = 293, .box_w = 16, .box_h = 22, .ofs_x = 1, .ofs_y = 0},
    {.bitmap_index = 10185, .adv_w = 267, .box_w = 15, .box_h = 16, .ofs_x = 1, .ofs_y = 0},
    {.bitmap_index = 10305, .adv_w = 160, .box_w = 11, .box_h = 22, .ofs_x = 0, .ofs_y = 0},
    {.bitmap_index = 10426, .adv_w = 293, .box_w = 16, .box_h = 22, .ofs_x = 1, .ofs_y = -6},
    {.bitmap_index = 10602, .adv_w = 293, .box_w = 15, .box_h = 22, .ofs_x = 2, .ofs_y = 0},
    {.bitmap_index = 10767, .adv_w = 133, .box_w = 5, .box_h = 22, .ofs_x = 2, .ofs_y = 0},
    {.bitmap_index = 10822, .adv_w = 133, .box_w = 8, .box_h = 28, .ofs_x = -1, .ofs_y = -6},
    {.bitmap_index = 10934, .adv_w = 267, .box_w = 15, .box_h = 22, .ofs_x = 2, .ofs_y = 0},
    {.bitmap_index = 11099, .adv_w = 133, .box_w = 5, .box_h = 22, .ofs_x = 2, .ofs_y = 0},
    {.bitmap_index = 11154, .adv_w = 427, .box_w = 24, .box_h = 16, .ofs_x = 1, .ofs_y = 0},
    {.bitmap_index = 11346, .adv_w = 293, .box_w = 16, .box_h = 16, .ofs_x = 1, .ofs_y = 0},
    {.bitmap_index = 11474, .adv_w = 293, .box_w = 17, .box_h = 16, .ofs_x = 1, .ofs_y = 0},
    {.bitmap_index = 11610, .adv_w = 293, .box_w = 17, .box_h = 22, .ofs_x = 1, .ofs_y = -6},
    {.bitmap_index = 11797, .adv_w = 293, .box_w = 16, .box_h = 22, .ofs_x = 1, .ofs_y = -6},
    {.bitmap_index = 11973, .adv_w = 187, .box_w = 11, .box_h = 16, .ofs_x = 1, .ofs_y = 0},
    {.bitmap_index = 12061, .adv_w = 267, .box_w = 15, .box_h = 16, .ofs_x = 1, .ofs_y = 0},
    {.bitmap_index = 12181, .adv_w = 160, .box_w = 10, .box_h = 20, .ofs_x = 0, .ofs_y = 0},
    {.bitmap_index = 12281, .adv_w = 293, .box_w = 16, .box_h = 16, .ofs_x = 1, .ofs_y = 0},
    {.bitmap_index = 12409, .adv_w = 267, .box_w = 17, .box_h = 16, .ofs_x = 0, .ofs_y = 0},
    {.bitmap_index = 12545, .adv_w = 373, .box_w = 25, .box_h = 16, .ofs_x = -1, .ofs_y = 0},
    {.bitmap_index = 12745, .adv_w = 267, .box_w = 17, .box_h = 16, .ofs_x = 0, .ofs_y = 0},
    {.bitmap_index = 12881, .adv_w = 267, .box_w = 17, .box_h = 22, .ofs_x = 0, .ofs_y = -6},
    {.bitmap_index = 13068, .adv_w = 240, .box_w = 13, .box_h = 16, .ofs_x = 1, .ofs_y = 0},
    {.bitmap_index = 13172, .adv_w = 187, .box_w = 12, .box_h = 28, .ofs_x = 0, .ofs_y = -6},
    {.bitmap_index = 13340, .adv_w = 134, .box_w = 5, .box_h = 28, .ofs_x = 2, .ofs_y = -6},
    {.bitmap_index = 13410, .adv_w = 187, .box_w = 12, .box_h = 28, .ofs_x = 0, .ofs_y = -6},
    {.bitmap_index = 13578, .adv_w = 280, .box_w = 16, .box_h = 5, .ofs_x = 1, .ofs_y = 8},
    {.bitmap_index = 13618, .adv_w = 133, .box_w = 0, .box_h = 0, .ofs_x = 0, .ofs_y = 0},
    {.bitmap_index = 13618, .adv_w = 160, .box_w = 6, .box_h = 21, .ofs_x = 2, .ofs_y = -5},
    {.bitmap_index = 13681, .adv_w = 267, .box_w = 16, .box_h = 20, .ofs_x = 0, .ofs_y = 0},
    {.bitmap_index = 13841, .adv_w = 267, .box_w = 17, .box_h = 20, .ofs_x = 0, .ofs_y = 0},
    {.bitmap_index = 14011, .adv_w = 267, .box_w = 16, .box_h = 16, .ofs_x = 0, .ofs_y = 2},
    {.bitmap_index = 14139, .adv_w = 267, .box_w = 17, .box_h = 20, .ofs_x = 0, .ofs_y = 0},
    {.bitmap_index = 14309, .adv_w = 134, .box_w = 5, .box_h = 28, .ofs_x = 2, .ofs_y = -6},
    {.bitmap_index = 14379, .adv_w = 267, .box_w = 16, .box_h = 24, .ofs_x = 0, .ofs_y = -4},
    {.bitmap_index = 14571, .adv_w = 160, .box_w = 10, .box_h = 4, .ofs_x = 0, .ofs_y = 17},
    {.bitmap_index = 14591, .adv_w = 354, .box_w = 22, .box_h = 21, .ofs_x = 0, .ofs_y = 0},
    {.bitmap_index = 14822, .adv_w = 178, .box_w = 12, .box_h = 11, .ofs_x = 0, .ofs_y = 11},
    {.bitmap_index = 14888, .adv_w = 267, .box_w = 15, .box_h = 12, .ofs_x = 1, .ofs_y = 2},
    {.bitmap_index = 14978, .adv_w = 280, .box_w = 16, .box_h = 10, .ofs_x = 1, .ofs_y = 2},
    {.bitmap_index = 15058, .adv_w = 160, .box_w = 8, .box_h = 4, .ofs_x = 1, .ofs_y = 6},
    {.bitmap_index = 15074, .adv_w = 354, .box_w = 22, .box_h = 21, .ofs_x = 0, .ofs_y = 0},
    {.bitmap_index = 15305, .adv_w = 265, .box_w = 18, .box_h = 3, .ofs_x = -1, .ofs_y = 20},
    {.bitmap_index = 15332, .adv_w = 192, .box_w = 10, .box_h = 10, .ofs_x = 1, .ofs_y = 12},
    {.bitmap_index = 15382, .adv_w = 263, .box_w = 16, .box_h = 19, .ofs_x = 0, .ofs_y = 0},
    {.bitmap_index = 15534, .adv_w = 160, .box_w = 10, .box_h = 11, .ofs_x = 0, .ofs_y = 10},
    {.bitmap_index = 15589, .adv_w = 160, .box_w = 10, .box_h = 11, .ofs_x = 0, .ofs_y = 10},
    {.bitmap_index = 15644, .adv_w = 160, .box_w = 8, .box_h = 5, .ofs_x = 1, .ofs_y = 17},
    {.bitmap_index = 15664, .adv_w = 277, .box_w = 15, .box_h = 22, .ofs_x = 1, .ofs_y = -6},
    {.bitmap_index = 15829, .adv_w = 267, .box_w = 15, .box_h = 25, .ofs_x = 1, .ofs_y = -5},
    {.bitmap_index = 16017, .adv_w = 160, .box_w = 5, .box_h = 5, .ofs_x = 2, .ofs_y = 8},
    {.bitmap_index = 16030, .adv_w = 160, .box_w = 7, .box_h = 6, .ofs_x = 1, .ofs_y = -6},
    {.bitmap_index = 16051, .adv_w = 160, .box_w = 9, .box_h = 11, .ofs_x = 1, .ofs_y = 10},
    {.bitmap_index = 16101, .adv_w = 175, .box_w = 11, .box_h = 11, .ofs_x = 0, .ofs_y = 11},
    {.bitmap_index = 16162, .adv_w = 267, .box_w = 15, .box_h = 12, .ofs_x = 1, .ofs_y = 2},
    {.bitmap_index = 16252, .adv_w = 400, .box_w = 27, .box_h = 23, .ofs_x = 1, .ofs_y = -2},
    {.bitmap_index = 16563, .adv_w = 400, .box_w = 23, .box_h = 21, .ofs_x = 1, .ofs_y = 0},
    {.bitmap_index = 16805, .adv_w = 400, .box_w = 27, .box_h = 23, .ofs_x = 1, .ofs_y = -2},
    {.bitmap_index = 17116, .adv_w = 293, .box_w = 16, .box_h = 21, .ofs_x = 1, .ofs_y = -5},
    {.bitmap_index = 17284, .adv_w = 347, .box_w = 21, .box_h = 27, .ofs_x = 0, .ofs_y = 0},
    {.bitmap_index = 17568, .adv_w = 347, .box_w = 21, .box_h = 27, .ofs_x = 0, .ofs_y = 0},
    {.bitmap_index = 17852, .adv_w = 347, .box_w = 21, .box_h = 27, .ofs_x = 0, .ofs_y = 0},
    {.bitmap_index = 18136, .adv_w = 347, .box_w = 21, .box_h = 27, .ofs_x = 0, .ofs_y = 0},
    {.bitmap_index = 18420, .adv_w = 347, .box_w = 21, .box_h = 26, .ofs_x = 0, .ofs_y = 0},
    {.bitmap_index = 18693, .adv_w = 347, .box_w = 21, .box_h = 26, .ofs_x = 0, .ofs_y = 0},
    {.bitmap_index = 18966, .adv_w = 480, .box_w = 29, .box_h = 20, .ofs_x = 0, .ofs_y = 0},
    {.bitmap_index = 19256, .adv_w = 347, .box_w = 20, .box_h = 26, .ofs_x = 1, .ofs_y = -6},
    {.bitmap_index = 19516, .adv_w = 320, .box_w = 17, .box_h = 27, .ofs_x = 2, .ofs_y = 0},
    {.bitmap_index = 19746, .adv_w = 320, .box_w = 17, .box_h = 27, .ofs_x = 2, .ofs_y = 0},
    {.bitmap_index = 19976, .adv_w = 320, .box_w = 17, .box_h = 27, .ofs_x = 2, .ofs_y = 0},
    {.bitmap_index = 20206, .adv_w = 320, .box_w = 17, .box_h = 26, .ofs_x = 2, .ofs_y = 0},
    {.bitmap_index = 20427, .adv_w = 133, .box_w = 8, .box_h = 27, .ofs_x = -1, .ofs_y = 0},
    {.bitmap_index = 20535, .adv_w = 133, .box_w = 8, .box_h = 27, .ofs_x = 1, .ofs_y = 0},
    {.bitmap_index = 20643, .adv_w = 133, .box_w = 12, .box_h = 27, .ofs_x = -2, .ofs_y = 0},
    {.bitmap_index = 20805, .adv_w = 133, .box_w = 10, .box_h = 26, .ofs_x = -1, .ofs_y = 0},
    {.bitmap_index = 20935, .adv_w = 347, .box_w = 21, .box_h = 20, .ofs_x = 0, .ofs_y = 0},
    {.bitmap_index = 21145, .adv_w = 347, .box_w = 18, .box_h = 27, .ofs_x = 2, .ofs_y = 0},
    {.bitmap_index = 21388, .adv_w = 373, .box_w = 22, .box_h = 27, .ofs_x = 1, .ofs_y = 0},
    {.bitmap_index = 21685, .adv_w = 373, .box_w = 22, .box_h = 27, .ofs_x = 1, .ofs_y = 0},
    {.bitmap_index = 21982, .adv_w = 373, .box_w = 22, .box_h = 27, .ofs_x = 1, .ofs_y = 0},
    {.bitmap_index = 22279, .adv_w = 373, .box_w = 22, .box_h = 27, .ofs_x = 1, .ofs_y = 0},
    {.bitmap_index = 22576, .adv_w = 373, .box_w = 22, .box_h = 26, .ofs_x = 1, .ofs_y = 0},
    {.bitmap_index = 22862, .adv_w = 280, .box_w = 16, .box_h = 16, .ofs_x = 1, .ofs_y = 2},
    {.bitmap_index = 22990, .adv_w = 373, .box_w = 22, .box_h = 23, .ofs_x = 1, .ofs_y = -1},
    {.bitmap_index = 23243, .adv_w = 347, .box_w = 19, .box_h = 27, .ofs_x = 1, .ofs_y = 0},
    {.bitmap_index = 23500, .adv_w = 347, .box_w = 19, .box_h = 27, .ofs_x = 1, .ofs_y = 0},
    {.bitmap_index = 23757, .adv_w = 347, .box_w = 19, .box_h = 27, .ofs_x = 1, .ofs_y = 0},
    {.bitmap_index = 24014, .adv_w = 347, .box_w = 19, .box_h = 26, .ofs_x = 1, .ofs_y = 0},
    {.bitmap_index = 24261, .adv_w = 320, .box_w = 20, .box_h = 27, .ofs_x = 0, .ofs_y = 0},
    {.bitmap_index = 24531, .adv_w = 320, .box_w = 17, .box_h = 20, .ofs_x = 2, .ofs_y = 0},
    {.bitmap_index = 24701, .adv_w = 293, .box_w = 16, .box_h = 22, .ofs_x = 2, .ofs_y = 0},
    {.bitmap_index = 24877, .adv_w = 267, .box_w = 17, .box_h = 22, .ofs_x = 0, .ofs_y = 0},
    {.bitmap_index = 25064, .adv_w = 267, .box_w = 17, .box_h = 22, .ofs_x = 0, .ofs_y = 0},
    {.bitmap_index = 25251, .adv_w = 267, .box_w = 17, .box_h = 23, .ofs_x = 0, .ofs_y = 0},
    {.bitmap_index = 25447, .adv_w = 267, .box_w = 17, .box_h = 22, .ofs_x = 0, .ofs_y = 0},
    {.bitmap_index = 25634, .adv_w = 267, .box_w = 17, .box_h = 20, .ofs_x = 0, .ofs_y = 0},
    {.bitmap_index = 25804, .adv_w = 267, .box_w = 17, .box_h = 25, .ofs_x = 0, .ofs_y = 0},
    {.bitmap_index = 26017, .adv_w = 427, .box_w = 26, .box_h = 16, .ofs_x = 0, .ofs_y = 0},
    {.bitmap_index = 26225, .adv_w = 267, .box_w = 15, .box_h = 22, .ofs_x = 1, .ofs_y = -6},
    {.bitmap_index = 26390, .adv_w = 267, .box_w = 15, .box_h = 22, .ofs_x = 1, .ofs_y = 0},
    {.bitmap_index = 26555, .adv_w = 267, .box_w = 15, .box_h = 22, .ofs_x = 1, .ofs_y = 0},
    {.bitmap_index = 26720, .adv_w = 267, .box_w = 15, .box_h = 23, .ofs_x = 1, .ofs_y = 0},
    {.bitmap_index = 26893, .adv_w = 267, .box_w = 15, .box_h = 20, .ofs_x = 1, .ofs_y = 0},
    {.bitmap_index = 27043, .adv_w = 133, .box_w = 8, .box_h = 22, .ofs_x = -1, .ofs_y = 0},
    {.bitmap_index = 27131, .adv_w = 133, .box_w = 9, .box_h = 22, .ofs_x = 1, .ofs_y = 0},
    {.bitmap_index = 27230, .adv_w = 133, .box_w = 12, .box_h = 22, .ofs_x = -2, .ofs_y = 0},
    {.bitmap_index = 27362, .adv_w = 133, .box_w = 10, .box_h = 20, .ofs_x = -1, .ofs_y = 0},
    {.bitmap_index = 27462, .adv_w = 293, .box_w = 17, .box_h = 23, .ofs_x = 1, .ofs_y = 0},
    {.bitmap_index = 27658, .adv_w = 293, .box_w = 16, .box_h = 22, .ofs_x = 1, .ofs_y = 0},
    {.bitmap_index = 27834, .adv_w = 293, .box_w = 17, .box_h = 22, .ofs_x = 1, .ofs_y = 0},
    {.bitmap_index = 28021, .adv_w = 293, .box_w = 17, .box_h = 22, .ofs_x = 1, .ofs_y = 0},
    {.bitmap_index = 28208, .adv_w = 293, .box_w = 17, .box_h = 23, .ofs_x = 1, .ofs_y = 0},
    {.bitmap_index = 28404, .adv_w = 293, .box_w = 17, .box_h = 22, .ofs_x = 1, .ofs_y = 0},
    {.bitmap_index = 28591, .adv_w = 293, .box_w = 17, .box_h = 20, .ofs_x = 1, .ofs_y = 0},
    {.bitmap_index = 28761, .adv_w = 263, .box_w = 16, .box_h = 15, .ofs_x = 0, .ofs_y = 2},
    {.bitmap_index = 28881, .adv_w = 293, .box_w = 19, .box_h = 18, .ofs_x = 0, .ofs_y = -1},
    {.bitmap_index = 29052, .adv_w = 293, .box_w = 16, .box_h = 22, .ofs_x = 1, .ofs_y = 0},
    {.bitmap_index = 29228, .adv_w = 293, .box_w = 16, .box_h = 22, .ofs_x = 1, .ofs_y = 0},
    {.bitmap_index = 29404, .adv_w = 293, .box_w = 16, .box_h = 23, .ofs_x = 1, .ofs_y = 0},
    {.bitmap_index = 29588, .adv_w = 293, .box_w = 16, .box_h = 20, .ofs_x = 1, .ofs_y = 0},
    {.bitmap_index = 29748, .adv_w = 267, .box_w = 17, .box_h = 28, .ofs_x = 0, .ofs_y = -6},
    {.bitmap_index = 29986, .adv_w = 293, .box_w = 16, .box_h = 28, .ofs_x = 2, .ofs_y = -6},
    {.bitmap_index = 30210, .adv_w = 267, .box_w = 17, .box_h = 26, .ofs_x = 0, .ofs_y = -6},
    {.bitmap_index = 30431, .adv_w = 347, .box_w = 21, .box_h = 25, .ofs_x = 0, .ofs_y = 0},
    {.bitmap_index = 30694, .adv_w = 267, .box_w = 17, .box_h = 20, .ofs_x = 0, .ofs_y = 0},
    {.bitmap_index = 30864, .adv_w = 347, .box_w = 21, .box_h = 27, .ofs_x = 0, .ofs_y = 0},
    {.bitmap_index = 31148, .adv_w = 267, .box_w = 17, .box_h = 22, .ofs_x = 0, .ofs_y = 0},
    {.bitmap_index = 31335, .adv_w = 347, .box_w = 21, .box_h = 26, .ofs_x = 0, .ofs_y = -6},
    {.bitmap_index = 31608, .adv_w = 267, .box_w = 17, .box_h = 22, .ofs_x = 0, .ofs_y = -6},
    {.bitmap_index = 31795, .adv_w = 347, .box_w = 20, .box_h = 27, .ofs_x = 1, .ofs_y = 0},
    {.bitmap_index = 32065, .adv_w = 267, .box_w = 15, .box_h = 22, .ofs_x = 1, .ofs_y = 0},
    {.bitmap_index = 32230, .adv_w = 347, .box_w = 20, .box_h = 27, .ofs_x = 1, .ofs_y = 0},
    {.bitmap_index = 32500, .adv_w = 267, .box_w = 15, .box_h = 23, .ofs_x = 1, .ofs_y = 0},
    {.bitmap_index = 32673, .adv_w = 347, .box_w = 20, .box_h = 26, .ofs_x = 1, .ofs_y = 0},
    {.bitmap_index = 32933, .adv_w = 267, .box_w = 15, .box_h = 22, .ofs_x = 1, .ofs_y = 0},
    {.bitmap_index = 33098, .adv_w = 347, .box_w = 20, .box_h = 27, .ofs_x = 1, .ofs_y = 0},
    {.bitmap_index = 33368, .adv_w = 267, .box_w = 15, .box_h = 23, .ofs_x = 1, .ofs_y = 0},
    {.bitmap_index = 33541, .adv_w = 347, .box_w = 19, .box_h = 27, .ofs_x = 2, .ofs_y = 0},
    {.bitmap_index = 33798, .adv_w = 345, .box_w = 21, .box_h = 22, .ofs_x = 1, .ofs_y = 0},
    {.bitmap_index = 34029, .adv_w = 347, .box_w = 21, .box_h = 20, .ofs_x = 0, .ofs_y = 0},
    {.bitmap_index = 34239, .adv_w = 293, .box_w = 18, .box_h = 22, .ofs_x = 1, .ofs_y = 0},
    {.bitmap_index = 34437, .adv_w = 320, .box_w = 17, .box_h = 25, .ofs_x = 2, .ofs_y = 0},
    {.bitmap_index = 34650, .adv_w = 267, .box_w = 15, .box_h = 20, .ofs_x = 1, .ofs_y = 0},
    {.bitmap_index = 34800, .adv_w = 320, .box_w = 17, .box_h = 27, .ofs_x = 2, .ofs_y = 0},
    {.bitmap_index = 35030, .adv_w = 267, .box_w = 15, .box_h = 22, .ofs_x = 1, .ofs_y = 0},
    {.bitmap_index = 35195, .adv_w = 320, .box_w = 17, .box_h = 25, .ofs_x = 2, .ofs_y = 0},
    {.bitmap_index = 35408, .adv_w = 267, .box_w = 15, .box_h = 22, .ofs_x = 1, .ofs_y = 0},
    {.bitmap_index = 35573, .adv_w = 320, .box_w = 17, .box_h = 26, .ofs_x = 2, .ofs_y = -6},
    {.bitmap_index = 35794, .adv_w = 267, .box_w = 15, .box_h = 22, .ofs_x = 1, .ofs_y = -6},
    {.bitmap_index = 35959, .adv_w = 320, .box_w = 17, .box_h = 27, .ofs_x = 2, .ofs_y = 0},
    {.bitmap_index = 36189, .adv_w = 267, .box_w = 15, .box_h = 23, .ofs_x = 1, .ofs_y = 0},
    {.bitmap_index = 36362, .adv_w = 373, .box_w = 21, .box_h = 27, .ofs_x = 1, .ofs_y = 0},
    {.bitmap_index = 36646, .adv_w = 293, .box_w = 16, .box_h = 29, .ofs_x = 1, .ofs_y = -6},
    {.bitmap_index = 36878, .adv_w = 373, .box_w = 21, .box_h = 27, .ofs_x = 1, .ofs_y = 0},
    {.bitmap_index = 37162, .adv_w = 293, .box_w = 16, .box_h = 28, .ofs_x = 1, .ofs_y = -6},
    {.bitmap_index = 37386, .adv_w = 373, .box_w = 21, .box_h = 26, .ofs_x = 1, .ofs_y = 0},
    {.bitmap_index = 37659, .adv_w = 293, .box_w = 16, .box_h = 28, .ofs_x = 1, .ofs_y = -6},
    {.bitmap_index = 37883, .adv_w = 373, .box_w = 21, .box_h = 26, .ofs_x = 1, .ofs_y = -6},
    {.bitmap_index = 38156, .adv_w = 293, .box_w = 16, .box_h = 30, .ofs_x = 1, .ofs_y = -6},
    {.bitmap_index = 38396, .adv_w = 347, .box_w = 18, .box_h = 27, .ofs_x = 2, .ofs_y = 0},
    {.bitmap_index = 38639, .adv_w = 293, .box_w = 15, .box_h = 28, .ofs_x = 2, .ofs_y = 0},
    {.bitmap_index = 38849, .adv_w = 347, .box_w = 22, .box_h = 20, .ofs_x = 0, .ofs_y = 0},
    {.bitmap_index = 39069, .adv_w = 293, .box_w = 17, .box_h = 22, .ofs_x = 0, .ofs_y = 0},
    {.bitmap_index = 39256, .adv_w = 133, .box_w = 12, .box_h = 27, .ofs_x = -2, .ofs_y = 0},
    {.bitmap_index = 39418, .adv_w = 133, .box_w = 12, .box_h = 22, .ofs_x = -2, .ofs_y = 0},
    {.bitmap_index = 39550, .adv_w = 133, .box_w = 10, .box_h = 25, .ofs_x = -1, .ofs_y = 0},
    {.bitmap_index = 39675, .adv_w = 133, .box_w = 10, .box_h = 20, .ofs_x = -1, .ofs_y = 0},
    {.bitmap_index = 39775, .adv_w = 133, .box_w = 11, .box_h = 27, .ofs_x = -1, .ofs_y = 0},
    {.bitmap_index = 39924, .adv_w = 133, .box_w = 11, .box_h = 22, .ofs_x = -1, .ofs_y = 0},
    {.bitmap_index = 40045, .adv_w = 133, .box_w = 6, .box_h = 26, .ofs_x = 1, .ofs_y = -6},
    {.bitmap_index = 40123, .adv_w = 133, .box_w = 6, .box_h = 28, .ofs_x = 1, .ofs_y = -6},
    {.bitmap_index = 40207, .adv_w = 133, .box_w = 5, .box_h = 25, .ofs_x = 2, .ofs_y = 0},
    {.bitmap_index = 40270, .adv_w = 133, .box_w = 5, .box_h = 16, .ofs_x = 2, .ofs_y = 0},
    {.bitmap_index = 40310, .adv_w = 377, .box_w = 20, .box_h = 20, .ofs_x = 2, .ofs_y = 0},
    {.bitmap_index = 40510, .adv_w = 267, .box_w = 13, .box_h = 28, .ofs_x = 2, .ofs_y = -6},
    {.bitmap_index = 40692, .adv_w = 267, .box_w = 16, .box_h = 27, .ofs_x = 0, .ofs_y = 0},
    {.bitmap_index = 40908, .adv_w = 133, .box_w = 12, .box_h = 29, .ofs_x = -2, .ofs_y = -6},
    {.bitmap_index = 41082, .adv_w = 347, .box_w = 20, .box_h = 26, .ofs_x = 2, .ofs_y = -6},
    {.bitmap_index = 41342, .adv_w = 267, .box_w = 15, .box_h = 28, .ofs_x = 2, .ofs_y = -6},
    {.bitmap_index = 41552, .adv_w = 267, .box_w = 15, .box_h = 16, .ofs_x = 2, .ofs_y = 0},
    {.bitmap_index = 41672, .adv_w = 293, .box_w = 16, .box_h = 27, .ofs_x = 2, .ofs_y = 0},
    {.bitmap_index = 41888, .adv_w = 133, .box_w = 9, .box_h = 28, .ofs_x = 1, .ofs_y = 0},
    {.bitmap_index = 42014, .adv_w = 293, .box_w = 16, .box_h = 26, .ofs_x = 2, .ofs_y = -6},
    {.bitmap_index = 42222, .adv_w = 133, .box_w = 5, .box_h = 28, .ofs_x = 2, .ofs_y = -6},
    {.bitmap_index = 42292, .adv_w = 293, .box_w = 16, .box_h = 20, .ofs_x = 2, .ofs_y = 0},
    {.bitmap_index = 42452, .adv_w = 185, .box_w = 10, .box_h = 22, .ofs_x = 2, .ofs_y = 0},
    {.bitmap_index = 42562, .adv_w = 293, .box_w = 16, .box_h = 20, .ofs_x = 2, .ofs_y = 0},
    {.bitmap_index = 42722, .adv_w = 230, .box_w = 11, .box_h = 22, .ofs_x = 2, .ofs_y = 0},
    {.bitmap_index = 42843, .adv_w = 293, .box_w = 18, .box_h = 20, .ofs_x = 0, .ofs_y = 0},
    {.bitmap_index = 43023, .adv_w = 133, .box_w = 9, .box_h = 22, .ofs_x = 0, .ofs_y = 0},
    {.bitmap_index = 43122, .adv_w = 347, .box_w = 18, .box_h = 27, .ofs_x = 2, .ofs_y = 0},
    {.bitmap_index = 43365, .adv_w = 293, .box_w = 16, .box_h = 22, .ofs_x = 1, .ofs_y = 0},
    {.bitmap_index = 43541, .adv_w = 347, .box_w = 18, .box_h = 26, .ofs_x = 2, .ofs_y = -6},
    {.bitmap_index = 43775, .adv_w = 293, .box_w = 16, .box_h = 22, .ofs_x = 1, .ofs_y = -6},
    {.bitmap_index = 43951, .adv_w = 347, .box_w = 18, .box_h = 27, .ofs_x = 2, .ofs_y = 0},
    {.bitmap_index = 44194, .adv_w = 293, .box_w = 16, .box_h = 22, .ofs_x = 1, .ofs_y = 0},
    {.bitmap_index = 44370, .adv_w = 340, .box_w = 21, .box_h = 20, .ofs_x = -1, .ofs_y = 0},
    {.bitmap_index = 44580, .adv_w = 347, .box_w = 19, .box_h = 20, .ofs_x = 1, .ofs_y = 0},
    {.bitmap_index = 44770, .adv_w = 293, .box_w = 16, .box_h = 22, .ofs_x = 1, .ofs_y = -6},
    {.bitmap_index = 44946, .adv_w = 373, .box_w = 22, .box_h = 25, .ofs_x = 1, .ofs_y = 0},
    {.bitmap_index = 45221, .adv_w = 293, .box_w = 17, .box_h = 20, .ofs_x = 1, .ofs_y = 0},
    {.bitmap_index = 45391, .adv_w = 373, .box_w = 22, .box_h = 27, .ofs_x = 1, .ofs_y = 0},
    {.bitmap_index = 45688, .adv_w = 293, .box_w = 17, .box_h = 22, .ofs_x = 1, .ofs_y = 0},
    {.bitmap_index = 45875, .adv_w = 373, .box_w = 22, .box_h = 27, .ofs_x = 1, .ofs_y = 0},
    {.bitmap_index = 46172, .adv_w = 293, .box_w = 17, .box_h = 22, .ofs_x = 1, .ofs_y = 0},
    {.bitmap_index = 46359, .adv_w = 480, .box_w = 28, .box_h = 20, .ofs_x = 1, .ofs_y = 0},
    {.bitmap_index = 46639, .adv_w = 453, .box_w = 27, .box_h = 16, .ofs_x = 1, .ofs_y = 0},
    {.bitmap_index = 46855, .adv_w = 347, .box_w = 20, .box_h = 27, .ofs_x = 2, .ofs_y = 0},
    {.bitmap_index = 47125, .adv_w = 187, .box_w = 11, .box_h = 22, .ofs_x = 1, .ofs_y = 0},
    {.bitmap_index = 47246, .adv_w = 347, .box_w = 20, .box_h = 26, .ofs_x = 2, .ofs_y = -6},
    {.bitmap_index = 47506, .adv_w = 187, .box_w = 11, .box_h = 22, .ofs_x = 1, .ofs_y = -6},
    {.bitmap_index = 47627, .adv_w = 347, .box_w = 20, .box_h = 27, .ofs_x = 2, .ofs_y = 0},
    {.bitmap_index = 47897, .adv_w = 187, .box_w = 12, .box_h = 22, .ofs_x = 0, .ofs_y = 0},
    {.bitmap_index = 48029, .adv_w = 320, .box_w = 19, .box_h = 27, .ofs_x = 0, .ofs_y = 0},
    {.bitmap_index = 48286, .adv_w = 267, .box_w = 15, .box_h = 22, .ofs_x = 1, .ofs_y = 0},
    {.bitmap_index = 48451, .adv_w = 320, .box_w = 19, .box_h = 27, .ofs_x = 0, .ofs_y = 0},
    {.bitmap_index = 48708, .adv_w = 267, .box_w = 15, .box_h = 23, .ofs_x = 1, .ofs_y = 0},
    {.bitmap_index = 48881, .adv_w = 320, .box_w = 19, .box_h = 26, .ofs_x = 0, .ofs_y = -6},
    {.bitmap_index = 49128, .adv_w = 267, .box_w = 15, .box_h = 22, .ofs_x = 1, .ofs_y = -6},
    {.bitmap_index = 49293, .adv_w = 320, .box_w = 19, .box_h = 27, .ofs_x = 0, .ofs_y = 0},
    {.bitmap_index = 49550, .adv_w = 267, .box_w = 15, .box_h = 23, .ofs_x = 1, .ofs_y = 0},
    {.bitmap_index = 49723, .adv_w = 293, .box_w = 18, .box_h = 26, .ofs_x = 0, .ofs_y = -6},
    {.bitmap_index = 49957, .adv_w = 160, .box_w = 10, .box_h = 26, .ofs_x = 0, .ofs_y = -6},
    {.bitmap_index = 50087, .adv_w = 293, .box_w = 18, .box_h = 27, .ofs_x = 0, .ofs_y = 0},
    {.bitmap_index = 50330, .adv_w = 230, .box_w = 15, .box_h = 22, .ofs_x = 0, .ofs_y = 0},
    {.bitmap_index = 50495, .adv_w = 293, .box_w = 18, .box_h = 20, .ofs_x = 0, .ofs_y = 0},
    {.bitmap_index = 50675, .adv_w = 160, .box_w = 10, .box_h = 20, .ofs_x = 0, .ofs_y = 0},
    {.bitmap_index = 50775, .adv_w = 347, .box_w = 19, .box_h = 27, .ofs_x = 1, .ofs_y = 0},
    {.bitmap_index = 51032, .adv_w = 293, .box_w = 16, .box_h = 22, .ofs_x = 1, .ofs_y = 0},
    {.bitmap_index = 51208, .adv_w = 347, .box_w = 19, .box_h = 25, .ofs_x = 1, .ofs_y = 0},
    {.bitmap_index = 51446, .adv_w = 293, .box_w = 16, .box_h = 20, .ofs_x = 1, .ofs_y = 0},
    {.bitmap_index = 51606, .adv_w = 347, .box_w = 19, .box_h = 27, .ofs_x = 1, .ofs_y = 0},
    {.bitmap_index = 51863, .adv_w = 293, .box_w = 16, .box_h = 22, .ofs_x = 1, .ofs_y = 0},
    {.bitmap_index = 52039, .adv_w = 347, .box_w = 19, .box_h = 29, .ofs_x = 1, .ofs_y = 0},
    {.bitmap_index = 52315, .adv_w = 293, .box_w = 16, .box_h = 24, .ofs_x = 1, .ofs_y = 0},
    {.bitmap_index = 52507, .adv_w = 347, .box_w = 19, .box_h = 27, .ofs_x = 1, .ofs_y = 0},
    {.bitmap_index = 52764, .adv_w = 293, .box_w = 16, .box_h = 22, .ofs_x = 1, .ofs_y = 0},
    {.bitmap_index = 52940, .adv_w = 347, .box_w = 19, .box_h = 26, .ofs_x = 1, .ofs_y = -6},
    {.bitmap_index = 53187, .adv_w = 293, .box_w = 16, .box_h = 22, .ofs_x = 1, .ofs_y = -6},
    {.bitmap_index = 53363, .adv_w = 453, .box_w = 29, .box_h = 27, .ofs_x = 0, .ofs_y = 0},
    {.bitmap_index = 53755, .adv_w = 373, .box_w = 25, .box_h = 22, .ofs_x = -1, .ofs_y = 0},
    {.bitmap_index = 54030, .adv_w = 320, .box_w = 20, .box_h = 27, .ofs_x = 0, .ofs_y = 0},
    {.bitmap_index = 54300, .adv_w = 267, .box_w = 17, .box_h = 29, .ofs_x = 0, .ofs_y = -6},
    {.bitmap_index = 54547, .adv_w = 320, .box_w = 20, .box_h = 26, .ofs_x = 0, .ofs_y = 0},
    {.bitmap_index = 54807, .adv_w = 293, .box_w = 18, .box_h = 27, .ofs_x = 0, .ofs_y = 0},
    {.bitmap_index = 55050, .adv_w = 240, .box_w = 13, .box_h = 22, .ofs_x = 1, .ofs_y = 0},
    {.bitmap_index = 55193, .adv_w = 293, .box_w = 18, .box_h = 25, .ofs_x = 0, .ofs_y = 0},
    {.bitmap_index = 55418, .adv_w = 240, .box_w = 13, .box_h = 22, .ofs_x = 1, .ofs_y = 0},
    {.bitmap_index = 55561, .adv_w = 293, .box_w = 18, .box_h = 27, .ofs_x = 0, .ofs_y = 0},
    {.bitmap_index = 55804, .adv_w = 240, .box_w = 13, .box_h = 22, .ofs_x = 1, .ofs_y = 0},
    {.bitmap_index = 55947, .adv_w = 133, .box_w = 8, .box_h = 22, .ofs_x = 2, .ofs_y = 0},
    {.bitmap_index = 56035, .adv_w = 267, .box_w = 17, .box_h = 20, .ofs_x = 0, .ofs_y = 0}
};

/*---------------------
 *  CHARACTER MAPPING
 *--------------------*/



/*Collect the unicode lists and glyph_id offsets*/
static const lv_font_fmt_txt_cmap_t cmaps[] =
{
    {
        .range_start = 32, .range_length = 95, .glyph_id_start = 1,
        .unicode_list = NULL, .glyph_id_ofs_list = NULL, .list_length = 0, .type = LV_FONT_FMT_TXT_CMAP_FORMAT0_TINY
    },
    {
        .range_start = 160, .range_length = 224, .glyph_id_start = 96,
        .unicode_list = NULL, .glyph_id_ofs_list = NULL, .list_length = 0, .type = LV_FONT_FMT_TXT_CMAP_FORMAT0_TINY
    },
    {
        .range_start = 8364, .range_length = 1, .glyph_id_start = 320,
        .unicode_list = NULL, .glyph_id_ofs_list = NULL, .list_length = 0, .type = LV_FONT_FMT_TXT_CMAP_FORMAT0_TINY
    }
};



/*--------------------
 *  ALL CUSTOM DATA
 *--------------------*/

#if LVGL_VERSION_MAJOR == 8
/*Store all the custom data of the font*/
static  lv_font_fmt_txt_glyph_cache_t cache;
#endif

#if LVGL_VERSION_MAJOR >= 8
static const lv_font_fmt_txt_dsc_t font_dsc = {
#else
static lv_font_fmt_txt_dsc_t font_dsc = {
#endif
    .glyph_bitmap = glyph_bitmap,
    .glyph_dsc = glyph_dsc,
    .cmaps = cmaps,
    .kern_dsc = NULL,
    .kern_scale = 0,
    .cmap_num = 3,
    .bpp = 4,
    .kern_classes = 0,
    .bitmap_format = 0,
#if LVGL_VERSION_MAJOR == 8
    .cache = &cache
#endif
};



/*-----------------
 *  PUBLIC FONT
 *----------------*/

/*Initialize a public general font descriptor*/
#if LVGL_VERSION_MAJOR >= 8
const lv_font_t clock_notification_30 = {
#else
lv_font_t clock_notification_30 = {
#endif
    .get_glyph_dsc = lv_font_get_glyph_dsc_fmt_txt,    /*Function pointer to get glyph's data*/
    .get_glyph_bitmap = lv_font_get_bitmap_fmt_txt,    /*Function pointer to get glyph's bitmap*/
    .line_height = 35,          /*The maximum line height required by the font*/
    .base_line = 6,             /*Baseline measured from the bottom of the line*/
#if !(LVGL_VERSION_MAJOR == 6 && LVGL_VERSION_MINOR == 0)
    .subpx = LV_FONT_SUBPX_NONE,
#endif
#if LV_VERSION_CHECK(7, 4, 0) || LVGL_VERSION_MAJOR >= 8
    .underline_position = 0,
    .underline_thickness = 3,
#endif
    .dsc = &font_dsc,          /*The custom font data. Will be accessed by `get_glyph_bitmap/dsc` */
#if LV_VERSION_CHECK(8, 2, 0) || LVGL_VERSION_MAJOR >= 9
    .fallback = NULL,
#endif
    .user_data = NULL,
};



#endif /*#if CLOCK_NOTIFICATION_30*/

